Employee_ID,Department,Gender,Age,Job_Title,Hire_Date,Years_At_Company,Education_Level,Performance_Score,Monthly_Salary,Work_Hours_Per_Week,Projects_Handled,Overtime_Hours,Sick_Days,Remote_Work_Frequency,Team_Size,Training_Hours,Promotions,Employee_Satisfaction_Score,Resigned
1,Finance,Male,40,Associate,2015-12-09,0,PhD,3,34140.45,48,20,12,6,0,12,33,0,2.49,False
2,HR,Male,31,Manager,2024-12-30,7,Master,5,47543.1,43,18,19,3,75,10,35,1,3.53,False
3,Sales,Female,26,Lead,2026-03-13,6,PhD,5,51207.18,36,9,19,2,50,5,80,2,4.56,False
4,HR,Female,29,Lead,2022-06-16,0,Bachelor,3,31426.95,41,15,13,5,50,13,46,2,3.09,False
5,Operations,Female,34,Analyst,2021-08-22,9,Master,4,68388.57,57,25,8,2,25,12,28,0,4.94,True
6,Operations,Female,34,Lead,2025-12-11,2,Diploma,4,44995.94,57,25,11,5,50,7,59,3,2.42,False
7,Marketing,Female,34,Analyst,2017-10-22,2,Diploma,3,30257.93,55,25,12,6,75,3,7,1,4.77,False
8,Sales,Female,33,Developer,2019-12-16,2,PhD,3,37003.81,53,23,8,0,75,13,7,2,1.85,False
9,Marketing,Male,36,Analyst,2018-06-03,3,Master,4,39825.35,36,18,8,6,100,3,43,1,1.64,False
10,HR,Female,30,Executive,2025-10-21,1,PhD,4,36761.03,45,24,6,8,75,5,67,0,4.73,False
11,HR,Male,29,Lead,2016-11-19,3,Master,4,40360.52,46,21,19,5,100,8,20,1,3.28,False
12,Legal,Male,30,Manager,2020-11-21,8,PhD,4,54510.23,58,25,14,6,75,14,49,1,1.27,False
13,Operations,Female,38,Lead,2020-01-11,4,Master,3,39899.21,49,25,15,2,0,12,15,2,3.59,False
14,Sales,Female,32,Analyst,2015-12-06,10,Bachelor,4,56114.67,45,25,1,6,75,6,77,0,2.71,False
15,Legal,Female,21,Analyst,2020-12-06,4,Diploma,4,53307.14,40,18,4,2,50,13,50,3,4.97,False
16,IT,Female,24,Analyst,2022-09-03,3,Bachelor,4,34718.0,54,25,10,2,0,4,74,0,1.34,False
17,Marketing,Male,25,Executive,2021-09-21,8,Diploma,3,55397.42,37,20,16,8,100,5,29,0,4.44,False
18,IT,Male,31,Executive,2016-07-30,9,Diploma,4,61439.19,39,19,17,5,0,12,69,3,3.07,False
19,IT,Female,41,Associate,2021-07-12,9,Bachelor,4,59493.57,51,25,2,8,0,12,45,1,3.89,False
20,Marketing,Male,21,Executive,2026-02-10,9,PhD,4,55666.17,46,21,4,4,0,14,21,1,4.77,False
21,Legal,Male,21,Developer,2017-06-10,0,Master,3,32770.52,60,25,15,10,100,14,29,3,4.32,False
22,Finance,Male,21,Lead,2022-03-10,5,PhD,3,42950.68,46,24,7,1,50,5,11,0,2.22,True
23,IT,Female,30,Associate,2021-12-04,2,Master,4,39013.91,37,16,8,4,0,14,62,0,4.48,False
24,Sales,Male,27,Developer,2019-09-16,2,PhD,4,38554.75,51,25,3,0,50,11,38,0,1.34,False
25,Finance,Female,36,Developer,2016-07-26,2,Bachelor,3,33330.92,55,25,7,10,100,8,32,1,3.7,False
26,Finance,Female,21,Developer,2023-08-09,9,PhD,4,54607.77,60,25,19,1,50,5,60,0,1.86,False
27,IT,Female,33,Manager,2016-07-03,8,PhD,4,60089.42,37,14,19,9,100,4,70,1,4.59,False
28,Sales,Female,27,Analyst,2025-03-19,2,Master,4,39824.19,51,25,13,0,0,13,43,1,3.95,False
29,HR,Female,37,Lead,2015-08-27,4,Diploma,3,44214.27,35,19,16,5,25,7,52,1,4.07,False
30,Legal,Male,31,Developer,2025-08-25,8,Bachelor,4,63069.42,45,21,14,5,100,10,55,3,3.03,False
31,IT,Female,27,Developer,2018-01-19,1,Diploma,4,31471.36,56,25,0,2,0,4,80,0,2.54,False
32,Legal,Female,23,Developer,2019-05-14,6,Diploma,4,50962.94,35,19,1,0,100,8,19,3,1.73,False
33,Finance,Female,38,Executive,2018-09-29,4,PhD,4,38973.95,60,25,15,2,25,6,69,0,2.34,False
34,Sales,Female,28,Developer,2025-02-21,10,MBA,5,65950.37,47,21,18,1,100,6,62,1,2.51,False
35,HR,Female,23,Developer,2017-08-26,8,MBA,3,60015.06,52,25,1,0,100,10,8,3,3.61,False
36,IT,Male,25,Analyst,2017-04-01,2,Master,3,38452.7,46,23,9,8,25,5,49,2,3.1,False
37,Legal,Male,31,Analyst,2024-08-20,9,Bachelor,5,59224.09,38,15,9,1,0,5,76,1,1.7,False
38,Operations,Female,32,Developer,2019-06-14,8,Bachelor,3,58623.46,59,25,14,1,0,10,32,2,1.33,False
39,Finance,Female,27,Developer,2024-01-01,2,MBA,3,40254.91,47,25,2,3,75,11,23,3,1.35,False
40,HR,Male,30,Executive,2022-12-05,5,Diploma,3,43939.53,45,22,7,1,25,9,39,2,3.93,False
41,Sales,Female,28,Developer,2019-05-02,8,Diploma,4,60747.35,48,22,16,8,100,13,53,2,2.67,False
42,IT,Male,38,Executive,2019-03-07,2,MBA,2,35981.62,45,25,18,3,100,5,37,2,4.16,False
43,IT,Female,27,Manager,2021-09-07,2,PhD,3,40147.23,54,20,6,10,25,14,41,1,4.01,False
44,Finance,Female,26,Manager,2015-05-30,1,Bachelor,3,27214.78,51,22,5,1,0,10,12,1,1.63,False
45,Finance,Male,24,Analyst,2023-08-08,0,Master,2,21254.01,51,25,3,9,100,12,19,0,1.07,False
46,Operations,Male,29,Associate,2019-07-28,5,Bachelor,3,40032.69,58,25,3,6,25,13,21,0,4.54,False
47,Operations,Male,36,Manager,2021-01-19,0,Diploma,3,34974.2,35,14,14,7,100,4,6,2,1.96,False
48,Sales,Female,31,Manager,2021-04-06,6,MBA,4,50645.23,38,13,1,7,0,10,71,1,3.11,False
49,HR,Female,30,Analyst,2025-12-29,4,Diploma,3,39895.89,42,25,16,8,0,4,12,2,3.05,False
50,Marketing,Male,37,Associate,2023-10-20,2,MBA,4,41542.24,35,12,2,5,75,6,75,2,3.62,False
51,HR,Female,35,Lead,2017-07-13,3,MBA,3,38476.36,56,25,8,2,75,10,24,2,3.78,False
52,Sales,Male,32,Manager,2024-05-18,0,PhD,4,39523.32,53,25,9,5,100,11,79,3,4.25,False
53,Finance,Male,42,Developer,2022-04-02,1,MBA,3,36466.94,54,21,15,7,100,3,68,2,2.76,True
54,Finance,Female,22,Developer,2025-06-09,5,MBA,4,42005.95,49,25,17,8,25,6,58,2,4.2,False
55,Marketing,Female,38,Manager,2026-02-27,0,Bachelor,4,27986.56,42,19,11,4,0,6,45,2,4.47,False
56,HR,Female,35,Executive,2019-03-15,8,PhD,4,56238.63,50,22,16,4,50,14,74,0,4.36,False
57,Sales,Female,23,Associate,2018-03-22,2,Master,3,38338.09,45,22,4,10,75,11,28,1,4.46,False
58,IT,Male,38,Manager,2017-07-20,10,Master,3,63002.24,52,21,6,6,100,11,25,2,2.13,False
59,Operations,Female,38,Executive,2021-10-18,1,MBA,3,34687.41,38,21,15,10,75,14,43,0,3.57,False
60,Sales,Male,30,Associate,2019-10-04,6,Bachelor,4,50809.5,57,25,6,5,0,10,22,2,1.37,False
61,HR,Male,26,Associate,2021-09-21,5,Diploma,4,53639.34,38,21,9,2,75,11,76,3,2.86,False
62,IT,Male,28,Developer,2023-07-17,10,Bachelor,3,63279.59,38,23,6,5,25,13,42,3,4.14,False
63,Marketing,Male,39,Lead,2022-02-22,6,Diploma,4,55654.51,56,25,20,5,75,6,26,3,3.56,False
64,Sales,Male,34,Analyst,2020-02-03,9,MBA,4,57058.34,51,25,15,7,25,9,76,2,2.71,False
65,IT,Male,25,Developer,2024-06-06,5,MBA,3,45085.98,56,24,10,0,100,7,22,0,3.67,False
66,Operations,Female,40,Manager,2021-08-23,2,MBA,4,38941.39,54,25,8,1,100,8,69,2,2.35,True
67,IT,Female,37,Analyst,2017-11-22,2,MBA,4,41783.12,40,18,11,8,0,7,29,3,3.59,False
68,Sales,Male,24,Associate,2023-07-14,9,PhD,5,61778.31,55,25,7,8,25,9,76,3,4.7,False
69,Finance,Male,33,Manager,2023-04-21,2,Bachelor,3,31681.15,37,15,8,3,0,12,26,0,3.5,True
70,Finance,Female,31,Associate,2015-12-23,8,Diploma,4,59839.14,39,18,10,6,25,14,78,3,2.81,True
71,Marketing,Male,32,Developer,2024-01-27,5,Bachelor,3,42113.21,58,25,8,9,0,10,36,0,2.06,False
72,IT,Male,35,Lead,2018-01-30,3,MBA,3,43679.96,46,17,17,3,25,11,14,3,3.18,False
73,Legal,Female,34,Associate,2018-01-19,4,Bachelor,3,45755.15,53,20,2,6,100,3,45,3,2.01,True
74,Finance,Female,36,Lead,2015-01-27,8,Diploma,4,57169.5,42,18,0,5,50,14,74,2,4.72,False
75,IT,Female,30,Analyst,2019-08-24,4,Master,4,47229.12,60,25,13,3,100,13,49,3,4.11,True
76,Sales,Male,29,Lead,2021-06-14,9,MBA,3,56530.54,50,25,15,3,50,9,6,2,4.38,True
77,Finance,Female,30,Manager,2024-10-14,10,PhD,3,65437.13,58,24,19,10,25,13,34,3,3.53,False
78,IT,Female,21,Analyst,2022-07-08,3,Master,3,34224.67,53,25,3,8,50,5,35,0,4.76,False
79,Finance,Male,30,Associate,2023-10-14,5,Diploma,4,49569.72,44,21,19,0,25,7,53,3,4.44,False
80,IT,Female,39,Analyst,2024-03-13,5,MBA,2,44912.65,50,25,13,9,100,5,12,2,4.74,True
81,HR,Female,27,Manager,2023-09-29,5,PhD,4,49468.42,44,20,18,1,0,13,65,2,4.34,False
82,IT,Female,23,Associate,2016-04-02,0,PhD,3,35228.11,50,25,10,10,50,11,35,3,1.65,False
83,Legal,Male,34,Lead,2017-04-07,4,PhD,3,44490.04,59,25,14,2,0,11,18,2,4.82,True
84,HR,Male,46,Developer,2024-07-11,6,PhD,3,50844.55,57,25,14,6,100,4,62,2,4.77,False
85,IT,Female,28,Analyst,2020-10-26,10,Diploma,2,56931.82,46,17,20,2,50,3,22,2,2.7,False
86,Legal,Female,34,Lead,2019-09-10,2,Master,4,41045.48,53,25,9,2,0,4,68,3,2.72,False
87,Sales,Female,28,Associate,2015-03-13,7,Diploma,4,51748.04,36,16,16,3,25,9,68,3,3.4,False
88,IT,Female,23,Associate,2024-01-02,8,Diploma,3,53906.42,51,19,15,10,0,11,43,2,3.28,False
89,IT,Female,28,Analyst,2024-11-07,10,Master,4,57257.66,49,25,2,3,50,13,66,0,2.57,False
90,Finance,Female,28,Executive,2024-06-10,1,PhD,3,30594.52,39,20,11,8,0,9,52,3,3.63,False
91,Operations,Male,29,Lead,2016-08-17,7,PhD,3,48647.96,58,25,6,1,50,8,37,1,4.11,True
92,IT,Female,24,Executive,2017-03-21,3,MBA,2,37533.04,37,25,6,10,25,11,18,1,3.44,False
93,Operations,Male,23,Developer,2018-07-23,4,PhD,2,39837.15,59,24,20,5,75,9,15,1,2.91,False
94,Legal,Female,22,Analyst,2024-09-28,0,MBA,2,27880.54,41,25,12,9,100,9,13,2,4.36,False
95,Sales,Female,30,Lead,2019-06-03,7,Diploma,4,53120.39,56,25,10,3,50,4,42,3,4.64,False
96,Marketing,Male,31,Manager,2023-01-19,0,Diploma,3,38844.43,42,10,5,0,50,13,35,3,3.77,False
97,IT,Female,37,Executive,2020-05-15,4,PhD,5,52498.5,40,17,15,0,50,12,72,3,1.74,False
98,HR,Female,36,Analyst,2017-09-24,5,MBA,4,52255.14,45,25,8,6,100,3,62,3,1.27,True
99,Legal,Male,26,Lead,2024-04-04,7,MBA,4,49835.79,56,25,6,10,100,14,71,1,2.71,False
100,Legal,Female,27,Associate,2017-02-09,5,MBA,2,49114.48,46,14,1,6,25,10,18,3,4.09,False
101,Operations,Female,27,Manager,2018-06-02,9,Master,4,65473.12,53,25,14,3,50,11,39,3,3.97,True
102,Operations,Male,23,Manager,2018-02-16,1,MBA,2,33388.37,44,25,8,9,0,14,28,2,1.18,False
103,HR,Female,28,Developer,2025-07-15,2,Master,4,35856.87,48,25,17,2,100,11,46,0,1.66,False
104,IT,Male,22,Executive,2015-04-29,2,PhD,2,31829.52,41,19,8,8,50,3,24,2,4.61,False
105,HR,Female,21,Manager,2025-06-10,4,PhD,2,32378.36,37,25,8,4,75,6,6,1,2.64,True
106,HR,Male,35,Associate,2018-06-29,0,Diploma,2,27817.31,51,25,4,10,50,9,25,1,3.31,False
107,Operations,Male,31,Executive,2022-04-21,4,PhD,3,41898.97,37,15,13,4,75,14,31,0,2.4,True
108,Marketing,Male,26,Executive,2018-04-03,4,Master,3,42227.0,37,21,3,9,25,10,57,1,1.4,False
109,Sales,Male,34,Manager,2025-11-16,6,Bachelor,5,50299.08,35,21,19,3,100,10,80,0,1.42,False
110,IT,Female,34,Developer,2021-01-19,6,PhD,3,52256.9,36,17,13,6,100,12,13,2,4.79,False
111,Operations,Female,39,Lead,2025-03-19,3,Master,4,40621.02,55,25,0,8,75,8,46,0,1.79,False
112,Finance,Female,28,Associate,2020-05-14,4,PhD,3,35090.44,46,25,3,5,0,12,38,0,1.47,False
113,Operations,Female,32,Developer,2023-07-11,5,MBA,3,51529.68,57,25,7,10,50,12,27,3,3.66,False
114,Finance,Female,28,Developer,2021-03-11,9,Bachelor,4,55134.72,43,20,8,10,100,10,38,0,2.57,False
115,Legal,Male,27,Manager,2026-01-29,0,PhD,3,27117.6,58,25,20,0,25,11,20,2,2.65,False
116,HR,Female,37,Lead,2021-04-06,6,Diploma,4,49030.24,52,25,20,3,25,6,60,1,2.28,False
117,Legal,Female,33,Analyst,2015-06-06,0,Diploma,3,39316.53,49,20,17,9,25,13,48,3,1.93,False
118,Operations,Female,25,Lead,2015-11-13,2,Master,2,34709.99,41,23,15,9,50,3,25,2,2.74,False
119,Sales,Female,31,Manager,2021-03-23,4,Diploma,4,42101.16,39,19,11,7,75,13,33,2,3.17,True
120,Marketing,Male,34,Manager,2021-03-20,8,MBA,3,51573.69,56,25,5,6,0,12,57,1,2.75,False
121,Marketing,Male,30,Developer,2016-08-26,3,MBA,4,40889.18,59,25,2,0,75,10,45,2,3.67,False
122,Legal,Male,30,Manager,2022-08-20,5,Diploma,2,45881.44,42,14,5,1,100,6,9,1,2.41,False
123,Legal,Female,44,Executive,2021-09-27,6,Master,3,47946.69,49,24,18,7,75,4,22,3,3.7,False
124,Operations,Female,26,Manager,2018-05-03,8,Master,4,55967.29,50,25,8,4,25,12,67,1,4.36,False
125,Sales,Female,27,Associate,2023-06-26,4,Diploma,4,41853.24,38,16,19,9,100,11,60,0,1.38,False
126,HR,Male,39,Executive,2015-05-17,6,Bachelor,4,55225.27,54,25,20,1,0,6,47,2,3.34,False
127,Operations,Male,32,Developer,2022-08-20,9,PhD,3,64090.43,60,23,3,3,50,11,73,2,1.55,False
128,HR,Female,30,Associate,2021-07-26,4,PhD,3,41880.6,60,25,1,4,25,9,9,2,1.03,False
129,IT,Male,23,Analyst,2025-03-17,10,MBA,4,60232.16,59,25,9,5,75,8,52,1,1.3,True
130,Sales,Male,33,Manager,2016-07-23,4,MBA,3,39892.84,45,25,3,0,25,6,24,1,1.9,False
131,Legal,Male,34,Manager,2022-07-09,4,Master,4,48296.08,41,17,14,5,50,9,38,3,2.0,False
132,HR,Female,38,Executive,2023-09-14,0,Diploma,3,38781.33,45,17,5,10,25,11,37,3,3.76,False
133,Legal,Male,39,Associate,2018-09-17,5,MBA,2,45123.87,50,25,15,7,25,3,14,3,4.72,False
134,IT,Male,33,Lead,2026-02-05,5,Master,3,45099.69,45,24,14,0,0,14,65,0,2.1,False
135,Finance,Female,27,Associate,2024-08-17,4,MBA,3,41000.18,41,20,16,6,50,8,33,2,3.54,False
136,Finance,Female,24,Lead,2021-01-28,6,MBA,3,49431.97,41,20,8,6,100,12,49,0,2.66,False
137,IT,Male,40,Manager,2023-08-30,6,Diploma,3,47610.26,41,16,19,9,0,5,44,1,3.24,False
138,IT,Female,28,Analyst,2018-10-29,10,MBA,4,70452.94,35,11,14,9,25,6,50,3,4.09,False
139,Sales,Female,38,Developer,2016-10-11,4,Bachelor,3,42744.62,47,25,9,6,50,3,26,1,4.41,True
140,IT,Male,35,Associate,2025-02-03,4,Master,3,46372.07,54,25,0,4,25,14,37,2,1.17,False
141,Legal,Male,30,Executive,2019-07-18,8,Diploma,5,59926.34,38,19,4,4,25,7,69,0,4.41,False
142,Operations,Female,39,Executive,2019-03-02,5,Bachelor,4,43898.79,53,21,3,10,100,4,66,0,4.7,False
143,Finance,Male,31,Executive,2015-07-31,2,MBA,3,37978.68,55,25,3,2,100,3,52,1,1.27,False
144,Operations,Female,39,Manager,2021-05-26,5,MBA,4,49421.51,37,18,13,6,25,12,56,1,4.03,False
145,Marketing,Male,30,Analyst,2022-06-02,5,MBA,4,45481.71,60,25,17,5,50,4,71,1,2.6,True
146,Legal,Male,29,Executive,2020-01-21,4,Bachelor,5,54179.6,54,25,18,2,100,8,80,3,2.3,False
147,Operations,Male,30,Associate,2015-04-27,5,Master,4,50576.67,35,18,4,8,75,13,36,3,3.93,True
148,Sales,Female,43,Lead,2022-03-25,6,Bachelor,4,54576.58,50,25,3,5,75,3,59,0,4.05,False
149,Marketing,Female,34,Manager,2020-05-30,10,Master,4,67601.28,60,25,8,10,25,6,27,3,3.46,False
150,Sales,Male,31,Developer,2015-08-25,0,Diploma,3,29647.63,59,25,16,2,75,11,50,0,3.66,False
151,Marketing,Male,22,Executive,2018-11-19,10,Master,3,56047.94,54,25,20,2,50,8,35,1,2.88,False
152,Legal,Male,27,Executive,2023-03-04,5,Master,3,46404.12,36,13,9,3,0,12,28,0,4.65,False
153,Marketing,Male,23,Manager,2019-08-08,4,Master,3,44651.02,59,25,0,1,100,3,10,2,3.06,False
154,HR,Male,21,Executive,2019-10-16,6,Diploma,4,54944.05,59,25,19,6,100,10,68,3,2.04,True
155,IT,Female,26,Analyst,2018-07-04,1,MBA,3,36213.88,49,25,0,7,75,11,48,3,4.42,False
156,Finance,Male,43,Lead,2025-12-02,8,MBA,3,55624.45,49,25,2,4,75,9,43,2,1.28,False
157,HR,Male,38,Manager,2023-11-01,1,Diploma,3,37842.59,51,22,7,0,50,12,31,2,3.4,False
158,Sales,Female,37,Developer,2022-08-19,4,Master,3,42803.56,55,25,0,3,0,13,73,0,4.77,False
159,HR,Female,28,Executive,2017-10-01,2,Bachelor,4,39500.25,44,22,17,10,50,12,56,2,1.18,False
160,Sales,Female,27,Analyst,2019-04-21,3,MBA,4,41657.33,53,24,5,0,100,14,73,3,3.36,True
161,IT,Male,21,Lead,2016-08-01,5,PhD,3,42609.26,45,21,12,0,100,3,33,0,1.47,False
162,HR,Male,36,Lead,2018-11-16,0,MBA,3,36374.83,39,17,7,2,25,9,12,3,3.35,False
163,Legal,Male,29,Executive,2024-06-06,9,Master,4,57121.8,53,25,15,4,25,10,13,2,4.47,False
164,IT,Female,30,Associate,2020-02-12,8,Master,4,59621.84,46,25,17,5,100,8,56,2,3.22,False
165,IT,Female,35,Manager,2023-10-22,10,PhD,3,60770.52,52,25,15,8,50,4,45,0,1.36,False
166,Operations,Female,24,Analyst,2022-04-04,0,Master,4,32377.39,50,19,10,5,0,5,77,1,2.24,False
167,Legal,Female,37,Lead,2024-08-29,1,MBA,3,33890.97,46,23,0,2,0,11,45,2,3.2,False
168,HR,Male,21,Manager,2019-03-01,5,Diploma,4,46741.23,52,22,1,2,25,14,42,1,3.28,False
169,Marketing,Male,22,Lead,2018-05-18,9,Diploma,3,55965.79,49,23,20,9,100,12,6,0,1.28,False
170,Operations,Female,37,Developer,2019-03-24,3,Master,4,48435.44,50,25,19,0,0,5,25,2,2.9,False
171,HR,Female,33,Analyst,2025-06-05,3,PhD,3,43119.6,43,21,20,3,50,9,8,3,1.72,False
172,Marketing,Female,32,Associate,2024-10-20,9,Diploma,3,53450.46,48,25,12,10,0,4,6,2,1.76,False
173,Marketing,Male,21,Associate,2023-01-21,0,Bachelor,2,30525.83,36,16,7,10,50,6,31,3,4.17,False
174,Sales,Female,36,Manager,2022-09-15,10,Diploma,4,65150.62,44,20,4,1,50,12,41,3,3.99,False
175,Legal,Male,39,Associate,2017-01-25,2,PhD,3,37353.57,59,25,20,5,75,4,25,3,1.55,False
176,Marketing,Female,29,Executive,2020-11-16,3,Bachelor,3,38561.82,51,17,13,8,0,7,17,2,2.1,False
177,Operations,Male,28,Analyst,2015-04-07,3,Diploma,3,37203.63,46,25,3,8,0,12,46,3,3.67,False
178,Legal,Female,41,Manager,2016-08-25,9,Bachelor,4,62725.75,40,18,6,8,75,9,57,3,2.43,True
179,Finance,Female,26,Executive,2022-05-03,9,Bachelor,3,54020.66,49,23,0,9,100,7,9,0,3.23,False
180,Legal,Male,21,Analyst,2024-10-29,3,PhD,4,45135.74,52,19,4,3,25,11,46,0,1.71,False
181,Sales,Female,34,Developer,2016-10-26,3,Master,4,43064.73,58,25,11,0,0,3,74,1,2.27,False
182,HR,Male,26,Developer,2025-03-13,8,Diploma,5,63397.35,42,21,6,6,75,12,66,2,4.85,False
183,Legal,Female,35,Analyst,2025-09-02,3,PhD,2,41594.25,58,25,10,6,100,13,16,3,1.26,False
184,Marketing,Male,27,Lead,2020-10-11,8,Diploma,4,54491.25,36,20,12,4,100,10,44,1,1.66,False
185,Marketing,Male,29,Manager,2021-12-08,8,PhD,3,61266.77,40,18,6,7,75,13,27,2,1.55,True
186,HR,Male,28,Developer,2018-03-21,7,PhD,4,54802.43,42,23,5,2,100,7,72,3,2.16,False
187,Marketing,Female,27,Manager,2017-10-23,8,Bachelor,3,55885.6,60,25,10,2,75,9,19,1,1.73,True
188,Finance,Female,31,Analyst,2015-08-02,2,Bachelor,3,31803.51,51,25,13,4,50,12,19,0,3.03,True
189,Operations,Female,40,Executive,2019-08-21,6,MBA,4,53975.14,44,16,10,8,100,6,59,3,4.38,False
190,Finance,Male,25,Executive,2021-01-16,1,MBA,3,34665.51,57,25,6,10,0,5,23,3,2.8,False
191,Finance,Male,33,Analyst,2023-05-22,0,PhD,3,25743.84,51,23,0,3,100,8,42,0,2.64,True
192,Sales,Male,27,Lead,2019-12-03,4,MBA,4,46433.44,45,25,0,3,0,7,28,1,1.33,False
193,Finance,Male,30,Manager,2017-12-19,3,Bachelor,5,46574.97,46,22,9,10,0,13,60,2,1.83,False
194,Legal,Female,36,Analyst,2020-11-28,1,Diploma,3,34187.35,59,25,19,10,75,11,61,2,2.72,False
195,Finance,Male,31,Analyst,2025-06-29,5,MBA,3,50774.84,55,25,5,0,75,12,27,2,3.6,False
196,Marketing,Female,41,Executive,2016-12-01,9,Bachelor,4,62277.69,46,21,4,0,50,9,44,0,4.82,False
197,Operations,Male,22,Lead,2016-03-22,2,MBA,4,34557.84,53,22,12,5,0,8,64,1,1.15,False
198,Operations,Male,21,Executive,2024-06-24,1,PhD,3,31386.51,56,25,20,10,0,6,40,0,4.8,False
199,Operations,Female,29,Analyst,2023-08-06,9,PhD,4,59974.48,38,18,10,6,75,5,23,1,1.3,False
200,Sales,Male,32,Developer,2020-09-20,0,Master,3,33665.28,55,25,4,5,75,8,73,3,3.68,False
201,Legal,Male,37,Manager,2021-11-27,6,PhD,3,49519.01,49,25,2,10,25,10,30,3,4.02,True
202,Legal,Female,27,Developer,2017-08-22,6,Diploma,4,48120.06,58,25,17,2,75,5,73,2,4.22,False
203,HR,Male,30,Associate,2016-09-02,5,Bachelor,4,50241.95,41,19,9,7,100,4,79,3,3.22,False
204,HR,Male,25,Analyst,2025-05-09,4,MBA,4,44880.28,47,25,5,2,0,8,67,2,1.93,False
205,IT,Male,36,Executive,2026-02-12,0,Master,2,27205.31,58,25,17,4,0,11,6,3,2.0,False
206,Marketing,Male,36,Analyst,2018-11-01,9,Diploma,4,55369.65,44,25,15,5,0,14,69,0,3.02,False
207,Finance,Male,32,Associate,2021-12-03,0,PhD,3,26108.5,55,25,16,3,50,10,25,2,4.33,False
208,Legal,Female,30,Analyst,2022-03-12,1,PhD,3,34293.2,39,21,4,1,50,4,19,3,1.32,False
209,Marketing,Female,30,Executive,2025-01-07,9,Master,5,64181.04,39,18,13,2,50,9,60,3,4.22,False
210,Finance,Female,25,Developer,2015-04-16,3,Bachelor,3,41030.5,48,25,9,9,0,3,34,3,2.35,False
211,Finance,Male,21,Associate,2023-03-09,5,MBA,4,50224.68,56,25,3,2,25,9,35,2,3.97,False
212,Marketing,Female,36,Developer,2025-07-07,7,Bachelor,4,53809.11,46,25,18,3,75,4,67,2,2.99,False
213,Operations,Male,33,Associate,2017-11-25,6,Master,3,50525.71,39,16,15,2,25,3,42,2,4.34,True
214,Legal,Male,33,Lead,2025-12-13,10,Bachelor,4,60881.74,51,21,8,1,100,8,34,0,1.87,False
215,Marketing,Female,27,Analyst,2020-08-18,10,Master,4,62607.72,49,24,4,6,75,12,52,0,2.65,False
216,Finance,Male,24,Executive,2025-12-15,2,Master,2,33349.76,38,17,9,5,50,3,20,1,4.18,False
217,HR,Male,35,Executive,2020-01-16,8,Diploma,3,57571.0,43,16,11,9,100,11,21,3,1.01,False
218,Finance,Female,32,Analyst,2015-09-05,7,Diploma,3,48172.04,51,25,7,0,0,8,36,0,4.63,False
219,Marketing,Female,29,Associate,2023-09-26,2,Bachelor,3,30321.74,41,22,14,2,0,11,34,1,1.72,False
220,Marketing,Female,38,Associate,2021-08-19,1,Diploma,4,35572.32,37,15,13,0,50,4,75,1,2.5,False
221,IT,Male,41,Analyst,2022-11-21,8,MBA,5,59991.86,49,25,11,5,0,3,44,0,3.17,True
222,Marketing,Female,40,Manager,2021-11-30,8,PhD,4,53601.29,58,25,10,3,100,4,15,0,3.74,False
223,Legal,Male,28,Manager,2017-03-10,4,MBA,3,42186.25,36,19,5,8,25,9,28,0,1.79,False
224,IT,Male,34,Analyst,2017-07-31,3,Diploma,3,37916.88,56,25,4,9,100,7,25,3,1.8,False
225,Legal,Female,36,Associate,2017-10-25,7,Diploma,4,57925.4,59,25,8,8,25,8,39,2,1.26,False
226,Finance,Male,22,Manager,2024-07-21,2,PhD,4,38280.26,38,17,10,1,75,8,63,1,2.56,False
227,Operations,Male,46,Analyst,2024-10-19,5,Master,3,47443.97,59,21,10,7,100,13,33,1,1.91,False
228,IT,Female,27,Executive,2016-02-20,2,Bachelor,3,42677.1,45,25,13,2,50,11,44,3,4.05,False
229,Operations,Female,36,Executive,2015-05-13,6,MBA,4,48972.52,46,17,1,3,0,10,57,0,3.23,False
230,Finance,Male,35,Developer,2017-01-16,4,Bachelor,3,40271.37,37,24,2,3,75,11,47,0,3.99,True
231,IT,Female,38,Manager,2024-11-05,7,MBA,4,51937.12,39,22,11,0,100,7,56,1,4.69,False
232,HR,Female,30,Developer,2022-01-20,3,PhD,3,35170.54,53,24,17,9,50,14,51,0,1.37,False
233,Sales,Female,25,Analyst,2018-11-02,6,Master,4,46571.29,46,19,16,9,75,5,30,1,4.59,False
234,Legal,Female,31,Developer,2021-04-17,6,MBA,3,49941.38,44,18,4,0,25,11,8,0,2.72,False
235,Finance,Male,32,Manager,2022-07-22,4,Diploma,3,40744.56,40,23,17,9,25,6,31,2,1.11,False
236,HR,Female,24,Developer,2021-07-28,5,Bachelor,4,44197.58,58,25,19,2,0,4,45,0,1.32,False
237,Operations,Female,39,Manager,2015-07-28,1,PhD,3,36164.34,48,25,4,4,25,5,44,2,1.03,False
238,Finance,Female,21,Lead,2015-10-24,8,Bachelor,4,63079.9,42,21,10,6,100,3,29,3,3.37,False
239,Marketing,Female,34,Developer,2023-09-01,7,Bachelor,4,51410.32,45,25,17,10,0,9,25,3,2.24,False
240,HR,Male,38,Associate,2023-12-03,3,Master,3,37773.28,35,20,4,4,0,9,50,1,2.6,True
241,HR,Female,28,Manager,2015-09-26,4,Bachelor,2,30102.43,60,25,13,9,50,14,8,0,2.37,True
242,HR,Male,21,Manager,2020-02-13,10,PhD,4,61434.72,56,25,14,9,50,4,62,1,1.69,False
243,Finance,Male,30,Manager,2019-02-06,1,Master,3,34679.17,42,22,12,7,0,13,53,1,4.6,True
244,Finance,Male,30,Developer,2019-02-13,5,Bachelor,4,47593.09,53,24,12,5,50,4,30,2,4.66,False
245,Operations,Female,28,Lead,2022-07-30,5,Master,2,41914.39,48,21,19,3,25,13,28,2,2.88,False
246,IT,Male,24,Lead,2020-08-08,7,Master,4,55094.83,38,16,10,0,25,9,40,2,3.89,False
247,Operations,Male,48,Manager,2022-12-08,4,Bachelor,2,43695.65,48,21,9,10,75,14,13,3,3.77,False
248,Finance,Male,30,Developer,2015-06-19,7,Bachelor,3,65458.0,51,24,19,0,0,5,32,3,1.63,False
249,Marketing,Male,27,Executive,2016-01-23,1,MBA,4,30333.88,37,19,18,6,100,11,10,0,3.88,False
250,IT,Male,28,Manager,2021-07-13,1,MBA,4,34643.12,45,25,5,7,0,6,65,3,4.55,False
251,Finance,Male,34,Executive,2018-01-14,5,PhD,4,41522.52,56,25,17,5,100,13,66,0,2.56,False
252,Sales,Male,31,Lead,2017-02-13,1,Master,3,34564.2,55,25,15,1,0,14,58,2,4.65,False
253,Marketing,Male,23,Developer,2022-11-12,0,Bachelor,3,37837.32,58,25,2,1,25,10,26,1,2.29,False
254,IT,Female,28,Lead,2024-09-06,5,Master,3,45752.0,39,25,16,4,25,13,42,3,2.88,False
255,Legal,Male,33,Executive,2019-04-15,7,MBA,3,53292.51,59,25,10,5,75,12,34,3,3.08,False
256,Finance,Female,28,Lead,2015-07-05,5,MBA,5,52339.39,40,23,8,6,100,9,46,2,2.43,False
257,Legal,Male,36,Manager,2016-09-02,9,Bachelor,5,67341.83,55,25,10,5,100,11,57,0,3.16,False
258,HR,Male,33,Executive,2019-07-26,2,Diploma,3,36195.64,55,25,15,10,25,14,38,3,4.52,True
259,Legal,Female,37,Manager,2017-06-15,4,PhD,1,37088.7,60,25,10,9,25,14,20,1,3.92,False
260,IT,Female,36,Analyst,2016-08-12,1,Bachelor,3,26423.33,48,22,20,9,75,9,37,0,3.81,False
261,Marketing,Male,34,Analyst,2016-09-26,2,PhD,3,34098.61,53,25,10,2,50,12,35,0,2.39,False
262,Operations,Female,40,Developer,2017-07-10,5,Diploma,3,48638.9,42,21,10,2,25,4,61,3,3.76,False
263,Marketing,Male,22,Executive,2024-02-09,6,Bachelor,5,57145.13,57,25,17,0,50,8,56,2,2.39,False
264,IT,Female,21,Manager,2022-10-17,7,Bachelor,4,54743.36,48,25,2,7,25,5,54,0,1.52,False
265,Sales,Female,26,Lead,2015-08-18,2,Diploma,3,39971.93,40,12,20,1,50,8,78,0,3.4,False
266,Operations,Male,29,Developer,2017-06-03,2,Diploma,3,37018.58,38,25,2,9,25,7,34,3,1.49,False
267,Finance,Female,30,Lead,2017-07-30,4,Master,4,47500.43,57,23,20,3,50,7,54,3,3.51,False
268,Marketing,Male,21,Manager,2023-12-14,2,PhD,3,35143.1,49,11,15,8,75,9,28,1,2.49,False
269,Marketing,Female,39,Executive,2021-03-14,2,MBA,4,44973.45,45,24,2,9,100,13,63,3,3.19,False
270,Sales,Male,31,Lead,2021-01-01,10,Bachelor,4,59423.73,60,25,7,10,75,12,39,1,2.33,False
271,Marketing,Male,32,Manager,2015-04-29,3,MBA,4,36754.96,55,25,1,7,75,13,46,1,1.5,False
272,IT,Male,24,Executive,2017-04-09,7,Bachelor,4,55796.86,45,15,5,6,25,3,76,3,2.36,True
273,Sales,Female,29,Lead,2022-11-07,3,Master,2,38162.51,38,14,17,9,25,6,13,0,3.12,True
274,HR,Female,28,Associate,2025-10-23,0,Bachelor,2,20587.48,44,25,9,10,75,8,66,0,1.78,False
275,Finance,Female,32,Associate,2025-02-26,0,Diploma,2,26472.91,59,25,19,3,75,9,31,1,3.36,False
276,Legal,Male,37,Analyst,2017-05-22,10,PhD,4,62038.39,52,25,5,7,75,5,62,1,2.97,False
277,IT,Male,31,Developer,2016-08-10,4,PhD,2,37741.63,55,25,8,0,25,13,12,1,1.15,False
278,Sales,Male,26,Lead,2022-02-18,0,PhD,3,25665.13,49,25,18,5,100,4,33,0,2.19,False
279,Legal,Male,33,Developer,2021-08-28,4,Diploma,3,36753.12,55,25,8,3,25,12,11,0,3.42,True
280,Operations,Male,32,Analyst,2015-06-04,2,MBA,4,42570.66,55,23,16,8,75,3,59,2,4.29,False
281,Legal,Male,25,Lead,2022-08-04,7,MBA,3,52801.93,57,22,20,7,100,11,68,3,4.52,False
282,Sales,Male,31,Executive,2017-03-23,10,Bachelor,3,60595.87,55,25,2,9,0,6,51,1,3.89,False
283,Legal,Female,21,Executive,2023-09-29,9,Bachelor,3,59124.51,37,19,17,10,25,9,18,2,4.99,False
284,IT,Male,31,Analyst,2017-02-08,0,Master,2,33504.11,46,22,7,5,0,12,45,0,4.39,True
285,Operations,Female,21,Associate,2018-05-03,0,MBA,2,27068.29,60,25,14,5,50,12,5,1,1.85,False
286,Operations,Male,28,Developer,2019-10-25,9,MBA,3,57272.36,49,25,16,0,75,4,5,0,1.31,False
287,Legal,Female,35,Analyst,2018-06-10,1,MBA,4,34746.51,46,25,1,3,50,12,80,1,3.15,False
288,HR,Female,27,Associate,2020-02-05,1,Master,3,34940.05,59,25,11,7,25,8,47,3,4.38,False
289,HR,Female,32,Associate,2019-04-05,10,Bachelor,4,67672.63,51,24,0,0,50,13,34,3,3.25,False
290,Operations,Male,32,Analyst,2019-04-21,1,Master,3,38188.9,43,14,20,8,25,13,13,3,4.43,False
291,Finance,Male,29,Analyst,2016-02-09,9,PhD,4,57864.37,44,19,20,6,25,13,71,1,1.87,False
292,Operations,Male,23,Executive,2021-11-27,8,Bachelor,3,51439.69,43,25,8,4,50,5,16,3,3.38,False
293,IT,Male,23,Developer,2018-10-15,2,MBA,3,40133.79,45,21,20,4,75,13,9,3,3.31,False
294,Finance,Female,26,Analyst,2016-12-19,9,Master,5,70134.97,53,23,19,7,50,8,66,3,2.46,False
295,Operations,Female,33,Manager,2016-07-30,6,Bachelor,4,51553.52,60,24,4,10,75,14,12,0,1.95,False
296,IT,Female,37,Developer,2020-08-02,5,Master,3,45632.26,41,19,10,0,100,13,5,3,3.52,True
297,Legal,Male,25,Developer,2022-12-06,5,Diploma,3,42858.86,51,25,19,5,50,12,44,2,1.22,False
298,Sales,Female,27,Manager,2025-09-05,0,Master,3,36247.69,38,24,9,10,75,12,22,3,2.86,False
299,Sales,Male,28,Lead,2021-06-04,9,MBA,4,61145.69,47,25,11,4,100,3,35,0,1.89,False
300,HR,Male,39,Analyst,2025-01-01,3,Master,4,42403.21,39,20,15,10,50,12,69,0,4.0,False
301,Marketing,Male,27,Developer,2019-02-09,3,Bachelor,3,33944.01,39,25,2,1,50,14,14,0,3.17,False
302,HR,Male,37,Executive,2024-10-31,0,MBA,2,23393.25,51,15,8,2,100,9,63,2,1.97,False
303,Sales,Female,28,Analyst,2016-11-11,2,PhD,4,39061.65,48,25,18,0,25,7,60,1,2.65,False
304,Operations,Female,29,Executive,2021-12-29,3,Bachelor,4,43774.25,50,25,6,5,75,6,75,2,4.42,False
305,IT,Male,28,Manager,2017-06-25,0,Bachelor,3,31411.45,45,20,7,7,75,14,41,0,3.07,False
306,HR,Female,30,Manager,2015-12-11,7,PhD,3,48146.7,38,25,4,6,50,8,8,0,2.9,False
307,Marketing,Female,24,Developer,2025-09-10,1,MBA,3,31417.55,45,23,3,1,100,9,7,0,3.37,False
308,Operations,Female,30,Executive,2020-11-08,2,Diploma,4,40317.76,58,22,10,9,0,9,79,1,2.17,False
309,Sales,Male,25,Executive,2020-07-25,5,Bachelor,3,43399.06,54,24,7,4,100,13,60,0,4.64,False
310,Marketing,Female,30,Manager,2015-09-18,7,MBA,3,51221.78,56,25,17,3,50,9,18,0,4.8,False
311,HR,Male,21,Lead,2020-05-13,2,Bachelor,4,38216.14,52,25,17,8,25,4,69,1,2.7,False
312,Sales,Female,27,Lead,2021-10-25,10,Bachelor,3,58262.67,50,25,17,7,0,13,10,3,2.84,False
313,Marketing,Female,29,Associate,2018-12-29,5,Master,5,50892.88,54,21,2,5,0,9,79,1,3.84,False
314,Finance,Male,28,Executive,2020-08-29,5,Master,3,49272.63,53,22,19,2,25,13,18,3,3.51,False
315,IT,Male,21,Manager,2016-09-12,8,PhD,3,49399.82,41,20,10,0,50,10,11,1,4.69,False
316,Legal,Male,32,Lead,2015-06-21,2,Bachelor,2,36416.17,52,25,15,7,75,9,7,0,2.17,False
317,Marketing,Male,21,Executive,2020-11-18,3,MBA,5,44114.24,48,25,5,1,100,6,77,0,4.12,False
318,Marketing,Female,43,Associate,2017-02-26,10,Bachelor,4,58737.56,38,21,16,8,25,8,44,0,4.73,False
319,Sales,Female,39,Developer,2021-06-06,7,PhD,3,44866.15,47,25,14,8,75,10,33,0,3.23,True
320,Finance,Female,42,Lead,2019-04-28,10,MBA,4,64285.84,60,25,16,0,25,6,37,2,4.37,False
321,Operations,Male,31,Analyst,2025-09-24,6,PhD,4,52058.67,39,16,13,0,0,9,30,2,1.94,False
322,Marketing,Female,21,Lead,2018-09-19,1,Master,3,27795.49,60,21,5,0,0,11,33,1,3.25,False
323,Sales,Male,42,Manager,2018-03-07,8,MBA,4,54204.64,37,15,16,0,50,11,75,0,3.28,False
324,Operations,Male,32,Developer,2017-04-04,9,MBA,5,57082.99,53,25,4,6,0,4,65,0,2.94,False
325,HR,Female,42,Manager,2025-04-14,1,PhD,4,37518.94,44,16,17,3,50,12,47,3,4.3,False
326,HR,Male,38,Analyst,2024-05-20,3,MBA,3,40352.57,54,25,19,3,75,8,30,2,4.85,False
327,HR,Male,33,Executive,2024-04-21,8,MBA,2,54469.82,48,25,16,2,50,9,14,2,2.58,False
328,Marketing,Male,25,Executive,2022-10-09,1,Master,4,39581.13,59,25,17,4,0,11,37,3,3.5,False
329,IT,Female,26,Lead,2020-10-15,10,MBA,5,62864.99,52,24,19,9,0,5,59,0,1.34,True
330,HR,Female,29,Associate,2016-07-26,1,PhD,4,34724.25,56,23,16,4,25,5,69,0,2.39,False
331,Sales,Male,31,Developer,2022-07-16,0,Diploma,4,32414.93,39,25,15,7,100,9,42,0,1.06,False
332,IT,Male,30,Analyst,2023-05-22,8,MBA,4,53874.73,35,17,0,4,25,3,63,1,4.77,False
333,Legal,Female,33,Associate,2016-11-20,0,PhD,3,32979.61,40,24,8,0,0,3,26,2,2.67,False
334,Marketing,Male,40,Executive,2018-06-16,0,Diploma,3,33645.33,46,25,12,1,25,14,53,3,2.81,False
335,Operations,Male,42,Associate,2017-09-01,7,Diploma,4,53584.65,58,25,19,1,75,4,76,1,4.91,False
336,Marketing,Male,21,Manager,2019-06-03,8,Master,4,58473.29,54,25,5,0,100,7,42,3,1.22,False
337,Finance,Female,34,Associate,2018-09-03,9,MBA,3,54191.87,57,25,12,0,100,9,35,2,4.55,False
338,Marketing,Male,37,Lead,2017-10-07,2,Master,4,43478.61,37,17,10,5,0,10,62,2,1.64,False
339,Legal,Male,32,Associate,2015-07-30,8,MBA,3,61500.32,44,23,13,8,25,11,18,2,4.79,False
340,Operations,Female,34,Manager,2023-05-09,4,Diploma,4,42483.97,60,25,2,9,75,8,77,1,3.06,False
341,Operations,Male,27,Executive,2019-07-16,8,Diploma,4,54395.47,45,19,14,10,100,7,34,0,1.7,False
342,IT,Male,32,Associate,2017-02-12,1,MBA,3,31338.08,48,25,10,5,50,7,50,1,4.58,False
343,Marketing,Female,30,Lead,2015-02-27,8,Master,4,50195.56,37,18,20,5,75,3,60,0,3.12,False
344,Legal,Male,27,Associate,2023-02-09,7,Master,5,55856.57,38,12,1,2,0,5,80,0,1.73,False
345,IT,Female,28,Developer,2016-12-23,4,Diploma,5,56398.77,44,25,6,9,50,13,75,3,1.59,False
346,Sales,Male,34,Analyst,2018-09-23,5,Master,3,45981.06,57,25,10,9,25,12,44,3,2.32,False
347,Operations,Male,29,Executive,2026-02-05,1,Diploma,4,32684.38,54,22,10,6,100,6,28,0,3.65,False
348,IT,Male,31,Executive,2024-12-16,4,MBA,2,42649.25,48,23,12,8,100,8,27,1,2.6,True
349,Legal,Male,30,Lead,2018-09-17,6,Master,3,55489.64,48,21,1,10,100,5,13,2,2.04,False
350,Legal,Female,28,Executive,2026-02-21,8,Master,4,56232.45,52,25,13,5,25,3,33,0,3.51,False
351,Marketing,Male,24,Lead,2024-01-04,6,Bachelor,4,48506.43,59,25,3,3,25,5,56,0,3.31,False
352,Operations,Female,23,Manager,2017-12-05,5,Master,3,47407.94,42,25,11,10,0,8,20,1,1.51,False
353,Marketing,Female,32,Developer,2020-05-18,7,PhD,2,52862.45,52,25,8,8,25,8,8,3,4.6,False
354,HR,Female,29,Manager,2021-05-26,7,PhD,3,49606.79,48,22,1,5,75,9,6,2,3.07,False
355,Marketing,Male,24,Manager,2018-11-28,10,MBA,4,58109.58,53,25,11,7,25,10,64,0,4.43,False
356,Finance,Male,28,Analyst,2015-08-10,8,Bachelor,3,49824.61,54,25,6,9,50,6,38,1,4.83,False
357,Finance,Male,33,Analyst,2021-04-06,0,PhD,4,30565.96,57,25,4,4,25,4,53,0,1.77,False
358,IT,Male,34,Executive,2017-07-30,6,PhD,2,44065.41,58,25,10,5,25,7,7,0,4.88,False
359,HR,Male,21,Analyst,2015-03-31,7,PhD,5,58231.03,41,24,18,2,0,13,74,2,1.89,False
360,Sales,Female,34,Analyst,2022-11-21,10,MBA,3,61409.35,35,16,20,5,25,4,6,2,1.0,False
361,HR,Male,21,Executive,2018-01-17,8,Diploma,3,50117.94,44,24,15,5,75,4,22,0,2.21,False
362,IT,Male,27,Analyst,2019-07-25,6,PhD,4,51078.34,49,25,16,7,100,12,33,1,1.75,False
363,Operations,Female,36,Analyst,2023-06-09,0,Master,3,39334.24,60,25,11,10,75,9,69,2,2.45,False
364,Legal,Female,25,Analyst,2025-03-03,2,PhD,3,36072.87,49,25,12,7,0,4,5,0,2.21,False
365,Operations,Male,36,Analyst,2016-04-24,8,Master,3,60325.06,40,20,7,6,75,8,49,3,4.14,True
366,IT,Male,32,Lead,2020-02-14,5,PhD,3,43347.15,54,25,10,1,0,10,26,2,1.41,False
367,Legal,Female,42,Manager,2015-01-23,7,Diploma,3,54898.4,47,25,14,9,75,11,14,3,4.94,False
368,HR,Female,41,Associate,2016-02-17,2,Master,3,30187.4,44,24,13,10,50,6,33,0,4.09,False
369,Marketing,Female,33,Developer,2019-08-14,8,Diploma,3,47564.24,55,25,1,7,50,6,58,0,1.8,False
370,Operations,Male,30,Lead,2021-11-12,0,Master,4,37305.01,36,15,17,1,75,13,52,1,3.26,False
371,IT,Male,39,Analyst,2023-03-11,10,Diploma,5,69547.23,35,17,10,2,75,7,65,1,4.25,False
372,Operations,Female,33,Developer,2017-03-23,8,Master,3,54114.99,43,22,2,6,50,5,9,3,3.16,False
373,Operations,Male,36,Associate,2016-02-24,7,PhD,3,61085.59,54,25,8,5,50,8,7,3,4.48,True
374,Sales,Male,34,Analyst,2023-06-02,2,Diploma,4,40709.39,47,24,3,7,0,12,65,3,4.68,False
375,Sales,Male,33,Manager,2022-08-30,8,MBA,4,57247.6,37,18,20,7,0,3,77,1,1.93,False
376,Finance,Male,24,Executive,2023-07-05,3,Master,4,42531.77,38,19,19,5,25,8,62,1,4.05,False
377,Operations,Male,37,Analyst,2016-10-17,9,Bachelor,4,61654.77,36,19,8,8,100,3,38,2,3.04,False
378,Marketing,Female,27,Executive,2019-11-14,10,PhD,4,66573.15,57,21,15,1,0,4,48,3,3.77,False
379,Marketing,Female,40,Analyst,2017-10-17,9,PhD,4,66939.0,53,21,8,0,50,10,30,2,4.03,False
380,Marketing,Male,28,Executive,2015-08-27,4,Diploma,5,46483.94,54,25,4,2,75,3,80,1,1.68,False
381,Finance,Female,32,Associate,2020-12-11,9,Diploma,5,64304.78,44,22,18,3,75,5,75,3,3.84,True
382,IT,Female,40,Analyst,2023-08-08,4,PhD,4,43459.17,54,25,20,3,0,14,66,1,2.93,False
383,Legal,Female,34,Analyst,2024-05-03,9,Master,4,60435.61,56,25,20,7,25,13,54,0,1.37,False
384,IT,Female,26,Executive,2025-04-19,10,Diploma,4,65542.95,38,19,3,5,25,10,42,3,3.22,False
385,Operations,Female,37,Associate,2025-05-06,4,PhD,4,42076.89,37,17,8,5,75,3,76,1,2.84,False
386,Finance,Female,31,Manager,2015-07-14,8,Master,3,61101.81,42,17,20,4,75,12,9,3,3.63,True
387,Legal,Male,35,Manager,2018-01-17,10,Master,4,61812.36,50,23,2,1,25,11,31,0,1.32,False
388,Legal,Female,28,Lead,2025-05-19,9,MBA,4,61561.93,48,25,20,0,100,11,59,3,2.8,True
389,HR,Female,33,Lead,2022-07-19,2,Diploma,4,41840.59,46,21,7,1,100,14,63,3,2.32,False
390,Finance,Male,40,Manager,2021-09-22,5,Bachelor,3,46473.78,49,25,5,4,75,14,39,3,3.79,False
391,HR,Male,31,Lead,2025-05-26,4,Bachelor,3,41516.3,48,25,1,1,75,9,30,2,3.37,False
392,Finance,Female,45,Analyst,2018-04-16,2,MBA,4,36994.5,58,25,10,1,100,10,74,2,2.91,False
393,IT,Male,39,Manager,2024-02-23,2,MBA,4,36354.98,47,15,12,1,0,11,26,0,4.17,True
394,Operations,Female,35,Manager,2026-02-04,0,MBA,3,29011.11,40,25,19,4,25,10,10,0,3.22,True
395,Operations,Female,32,Analyst,2025-11-16,7,MBA,4,56396.69,49,24,15,3,50,11,65,2,3.19,False
396,Finance,Male,28,Manager,2020-11-23,0,Bachelor,3,24136.98,59,25,20,7,0,9,51,0,3.17,False
397,Marketing,Male,35,Developer,2020-05-03,1,MBA,3,31241.99,46,25,4,1,25,8,12,1,1.16,False
398,Finance,Female,31,Manager,2016-08-13,1,Master,4,35038.68,46,23,16,7,100,7,69,1,1.5,False
399,Finance,Female,33,Lead,2020-05-05,5,PhD,3,40980.34,37,15,1,8,0,9,22,0,3.9,True
400,Operations,Male,38,Analyst,2024-02-14,2,PhD,3,34239.08,46,25,20,2,100,14,37,0,4.23,False
401,HR,Female,28,Manager,2025-02-12,5,Diploma,3,46216.35,36,20,3,3,50,9,29,0,3.17,False
402,Legal,Male,34,Analyst,2016-07-29,8,Bachelor,4,61949.34,42,23,9,1,0,11,13,1,3.56,False
403,Operations,Male,21,Manager,2021-02-27,3,Bachelor,3,39357.73,51,25,5,7,25,12,37,1,3.57,False
404,Sales,Female,39,Analyst,2020-09-14,2,Diploma,3,40170.12,60,25,13,0,25,12,26,3,4.57,True
405,Sales,Female,23,Executive,2015-03-27,0,Bachelor,4,35517.17,46,25,18,1,50,9,47,2,4.66,False
406,Finance,Male,30,Manager,2021-04-23,4,Diploma,4,41321.91,57,25,20,9,50,10,74,0,3.72,False
407,HR,Male,33,Manager,2018-07-02,8,Diploma,3,51845.16,58,25,3,4,100,5,19,0,2.65,False
408,Legal,Female,33,Analyst,2015-05-11,5,Master,3,50917.97,43,21,12,1,0,8,20,2,4.42,False
409,Marketing,Female,34,Associate,2023-07-12,2,Diploma,3,40343.12,35,24,19,5,75,12,13,3,4.56,False
410,IT,Male,34,Lead,2015-03-14,3,Diploma,4,44887.47,47,16,2,4,25,11,47,2,4.31,False
411,Legal,Female,43,Associate,2015-12-08,0,Bachelor,1,31345.43,53,20,14,4,75,9,9,3,4.14,False
412,HR,Female,39,Analyst,2024-07-06,1,Master,4,31121.71,40,21,15,7,50,5,49,0,4.45,False
413,Operations,Male,35,Analyst,2026-02-13,1,Bachelor,2,28839.22,53,25,10,9,25,8,14,2,1.11,False
414,Sales,Male,21,Manager,2024-04-20,2,Bachelor,3,34165.21,55,25,10,0,50,3,29,0,4.46,False
415,Sales,Male,28,Developer,2026-02-07,10,Bachelor,3,58294.87,48,22,13,2,50,6,7,2,3.7,False
416,Finance,Male,41,Analyst,2019-12-07,9,PhD,4,56736.71,52,25,0,5,75,9,80,0,4.34,False
417,IT,Male,21,Lead,2022-12-02,8,MBA,4,58185.48,47,25,8,5,75,7,62,0,2.49,False
418,Marketing,Female,28,Associate,2023-03-12,10,Master,4,61574.37,35,17,10,0,25,12,65,1,3.94,False
419,Legal,Male,27,Developer,2018-11-16,3,Bachelor,3,39239.97,60,25,14,9,25,4,71,1,2.43,False
420,Legal,Female,44,Executive,2019-02-11,4,MBA,3,46084.39,35,19,6,7,25,14,7,0,2.74,False
421,Finance,Male,28,Executive,2026-03-06,0,Bachelor,4,36730.68,53,25,8,0,0,7,75,3,2.66,True
422,Legal,Female,32,Developer,2021-07-29,5,Diploma,3,43910.05,51,25,10,10,100,5,13,2,2.66,False
423,Operations,Male,27,Lead,2020-01-18,5,PhD,3,48120.9,52,25,2,7,100,6,18,3,2.64,True
424,Marketing,Male,22,Lead,2022-12-13,3,PhD,3,40738.96,35,24,9,10,75,11,23,2,1.4,False
425,HR,Male,31,Developer,2017-12-27,7,Master,4,54493.57,60,25,15,6,0,6,61,2,4.4,False
426,HR,Male,26,Executive,2015-02-17,4,Master,4,44774.62,35,17,10,0,50,4,61,2,1.86,True
427,Marketing,Female,25,Associate,2016-01-13,4,Master,3,41334.27,43,22,8,9,25,9,15,1,1.03,False
428,Marketing,Male,30,Associate,2019-03-23,7,MBA,3,52448.57,43,21,0,9,50,8,34,1,4.63,True
429,IT,Female,26,Executive,2016-09-15,7,Bachelor,4,54430.61,56,25,18,4,75,6,64,3,2.83,False
430,HR,Female,29,Manager,2024-12-22,8,Diploma,4,58757.72,57,25,19,6,25,12,35,2,2.68,False
431,Legal,Male,25,Manager,2019-06-23,7,Master,4,49717.32,45,24,9,4,50,7,19,2,1.05,False
432,Operations,Female,29,Developer,2019-03-29,3,Diploma,3,41899.1,50,24,11,8,75,11,46,3,4.96,False
433,Operations,Male,32,Lead,2015-10-08,2,MBA,3,37826.55,48,25,14,4,100,14,53,2,2.5,False
434,Operations,Male,28,Analyst,2020-11-03,1,PhD,2,27295.29,47,13,10,9,75,7,10,1,4.86,False
435,Sales,Male,36,Analyst,2015-02-07,3,Master,3,37188.2,59,25,18,1,25,13,38,0,1.22,False
436,IT,Female,30,Executive,2015-08-07,7,Master,3,50993.85,40,15,20,3,0,7,20,1,4.66,False
437,Marketing,Female,38,Manager,2015-03-12,9,MBA,3,59836.76,54,25,10,9,50,6,13,2,4.44,False
438,HR,Male,32,Developer,2015-04-22,4,MBA,4,49524.95,39,25,10,9,100,10,31,2,4.6,False
439,IT,Male,26,Analyst,2021-01-27,0,Diploma,3,34447.43,52,16,14,7,100,11,5,3,3.2,False
440,Marketing,Female,39,Analyst,2019-05-18,10,Diploma,5,62774.3,60,25,7,3,100,5,64,1,4.25,True
441,Legal,Male,32,Lead,2020-02-06,9,Bachelor,4,60059.88,38,24,7,5,100,12,59,3,3.11,False
442,IT,Female,40,Lead,2015-01-21,4,Master,4,46384.68,37,19,15,3,25,9,75,1,2.93,True
443,HR,Female,40,Associate,2025-06-05,6,Diploma,3,53307.84,41,24,5,6,100,7,32,3,1.33,True
444,IT,Female,28,Executive,2023-10-22,0,PhD,4,34087.68,45,24,11,1,100,6,49,1,3.78,False
445,HR,Male,35,Manager,2020-01-28,4,Bachelor,3,47477.02,37,24,2,0,0,14,26,2,1.6,False
446,Operations,Male,27,Developer,2017-01-16,7,Diploma,3,47254.86,50,25,3,3,75,11,9,0,2.56,False
447,Finance,Female,28,Manager,2022-10-29,8,Diploma,5,64093.41,51,24,20,8,100,8,79,3,2.37,False
448,Legal,Female,26,Executive,2018-09-15,10,Bachelor,4,68130.93,48,23,14,6,0,10,44,3,2.04,False
449,Legal,Female,42,Lead,2025-02-19,5,Bachelor,5,47641.12,39,12,18,2,75,12,79,1,2.76,True
450,Operations,Male,40,Developer,2021-06-16,5,MBA,4,57339.63,59,25,18,9,75,9,63,3,4.65,False
451,Finance,Female,40,Analyst,2018-04-27,5,PhD,4,54600.14,39,20,12,9,50,10,67,3,3.3,False
452,Legal,Female,23,Analyst,2020-02-09,10,MBA,4,60562.44,45,21,7,1,100,14,29,1,2.86,False
453,Finance,Female,35,Lead,2023-02-21,1,Bachelor,4,34931.87,60,25,12,0,50,12,64,3,4.17,False
454,Finance,Male,29,Executive,2019-09-21,1,Bachelor,5,36806.41,40,20,3,9,100,11,73,0,2.28,False
455,Marketing,Male,27,Manager,2025-06-02,8,MBA,4,56018.83,53,25,1,10,75,9,33,3,4.08,False
456,Legal,Male,30,Lead,2021-12-21,2,PhD,2,31093.95,35,13,16,2,50,3,15,1,4.68,True
457,IT,Female,32,Analyst,2021-02-23,6,Diploma,3,48003.8,56,23,20,2,25,12,67,2,4.31,True
458,Legal,Female,32,Associate,2023-06-16,3,Bachelor,3,34341.13,57,25,2,4,75,6,8,1,3.51,True
459,Finance,Female,25,Manager,2019-08-23,8,PhD,3,50221.53,59,25,1,5,0,10,19,0,4.8,True
460,Sales,Female,29,Analyst,2018-02-27,4,Diploma,3,44618.24,60,24,20,1,75,3,22,2,3.51,True
461,Sales,Female,36,Associate,2016-03-29,1,PhD,4,33237.86,51,25,14,0,100,7,46,0,4.69,False
462,HR,Male,40,Executive,2015-01-24,9,Master,3,58211.13,36,20,20,6,50,12,29,3,1.57,True
463,HR,Male,34,Analyst,2023-03-04,0,PhD,3,23347.89,46,25,12,7,0,10,54,0,3.03,False
464,Sales,Female,28,Associate,2018-12-27,10,PhD,4,61537.77,56,25,2,5,25,4,26,3,3.18,False
465,Finance,Female,42,Developer,2025-04-12,0,Diploma,2,29644.23,47,21,5,7,50,10,12,2,1.14,False
466,Operations,Male,36,Associate,2016-03-18,5,PhD,4,45662.82,48,23,4,7,50,14,79,1,4.8,False
467,Finance,Female,30,Associate,2020-02-29,10,Diploma,3,63095.63,60,25,18,5,25,10,48,1,3.43,True
468,HR,Male,23,Analyst,2015-07-11,7,MBA,3,54752.64,40,25,11,3,0,4,20,2,4.64,False
469,Legal,Male,21,Manager,2015-10-10,2,MBA,2,34342.68,36,13,2,5,25,11,11,3,2.74,False
470,Legal,Female,41,Lead,2019-03-02,6,Bachelor,4,56244.91,57,25,9,7,50,6,71,2,2.49,False
471,HR,Female,37,Executive,2025-08-28,2,Diploma,3,34052.85,52,25,20,1,50,12,26,0,2.83,False
472,Marketing,Female,29,Associate,2024-04-13,9,Master,4,59899.89,55,18,4,10,100,6,69,1,1.16,False
473,IT,Female,33,Manager,2021-07-24,0,Bachelor,4,30588.59,37,18,19,4,25,6,58,3,4.49,False
474,Sales,Male,25,Associate,2020-04-12,1,PhD,3,32021.1,38,15,7,2,100,12,22,2,2.98,False
475,Operations,Female,38,Associate,2022-05-09,7,PhD,4,58012.49,36,23,12,5,100,8,61,1,3.05,False
476,Sales,Female,26,Lead,2022-02-20,6,Diploma,3,45770.59,46,25,7,7,100,8,27,0,3.53,False
477,Legal,Female,25,Developer,2024-05-08,8,MBA,4,64918.21,41,9,2,4,0,9,69,3,1.05,False
478,HR,Female,39,Associate,2019-12-25,8,Master,4,57895.18,36,16,1,5,25,3,25,0,1.36,False
479,Marketing,Male,26,Lead,2024-11-05,0,MBA,4,33292.17,58,25,16,4,100,14,78,3,2.63,True
480,IT,Male,31,Associate,2026-01-09,8,Bachelor,5,59960.16,53,25,13,8,100,14,73,1,1.28,False
481,IT,Male,38,Manager,2015-05-05,4,Master,5,43833.14,50,23,17,0,50,5,74,0,4.92,False
482,Marketing,Male,32,Developer,2017-08-23,8,Master,4,58821.66,36,20,9,0,50,10,27,2,3.12,False
483,Sales,Male,38,Manager,2017-05-23,2,Diploma,3,42800.86,57,25,14,5,0,8,62,3,1.66,False
484,Finance,Female,25,Lead,2015-11-20,10,Bachelor,3,58503.22,42,22,14,10,25,9,36,0,1.3,False
485,HR,Male,31,Lead,2025-07-21,5,Master,3,46049.68,41,13,8,10,75,6,15,2,2.85,False
486,Operations,Male,36,Analyst,2021-10-17,0,Master,4,42174.17,55,25,4,1,75,8,72,3,5.0,False
487,Sales,Male,33,Lead,2017-06-09,7,Bachelor,3,50256.28,41,13,7,8,25,6,23,0,1.83,False
488,Legal,Female,32,Manager,2016-08-02,1,MBA,4,33030.94,36,17,20,10,50,7,72,1,2.83,False
489,Legal,Female,29,Analyst,2018-03-06,6,Bachelor,3,44920.6,53,25,4,2,50,9,49,2,1.27,False
490,Operations,Female,30,Developer,2024-05-29,1,MBA,4,35389.37,42,25,16,4,75,4,78,2,2.39,False
491,Finance,Female,28,Executive,2024-08-27,2,PhD,4,40660.09,51,25,17,3,50,9,57,3,2.22,False
492,Legal,Female,35,Lead,2025-03-15,6,Master,4,51510.74,46,19,19,5,100,9,32,2,4.86,False
493,Sales,Female,24,Associate,2018-12-08,6,MBA,4,56812.81,50,25,1,10,75,5,75,3,3.7,False
494,Finance,Female,31,Developer,2015-12-08,4,PhD,3,45918.24,44,22,12,6,75,11,17,3,3.1,False
495,Sales,Female,34,Developer,2025-05-19,3,PhD,4,38774.82,39,18,6,3,50,12,76,0,3.36,True
496,Operations,Female,30,Executive,2018-06-05,0,MBA,3,39314.24,51,22,14,5,50,14,47,3,4.59,False
497,Finance,Male,35,Executive,2021-09-26,3,Bachelor,3,45380.79,50,25,0,6,25,7,69,1,1.84,False
498,Operations,Male,27,Associate,2023-10-05,3,Diploma,3,35841.7,49,24,15,4,100,7,44,2,3.24,False
499,HR,Female,36,Analyst,2016-03-02,10,Diploma,5,65777.02,46,25,2,10,50,10,80,3,1.08,False
500,Sales,Female,39,Executive,2021-01-14,4,PhD,3,42551.9,49,25,17,10,50,3,42,2,2.18,False
501,Marketing,Male,27,Manager,2018-03-22,5,PhD,4,50937.43,54,25,6,1,50,8,62,2,2.64,False
502,Operations,Female,27,Associate,2020-12-11,5,MBA,3,45540.55,56,25,3,4,75,12,37,1,3.38,True
503,Sales,Female,22,Developer,2021-07-03,10,MBA,3,56635.89,40,23,4,9,25,5,18,0,3.76,False
504,Sales,Female,33,Associate,2019-03-07,8,MBA,3,51528.84,41,19,1,3,75,6,7,0,3.18,False
505,Legal,Female,44,Lead,2021-04-01,6,PhD,4,52094.05,39,22,14,6,100,9,51,3,4.71,False
506,IT,Female,29,Lead,2023-11-24,5,Bachelor,3,39493.81,37,18,14,10,25,6,26,0,3.92,False
507,Sales,Male,31,Associate,2024-05-15,9,Diploma,3,52592.68,45,17,10,9,100,12,62,0,1.58,False
508,Legal,Female,21,Executive,2020-02-28,9,MBA,4,52977.23,48,25,1,10,0,14,41,0,3.4,False
509,Sales,Male,27,Developer,2020-02-17,7,Diploma,5,60452.33,43,15,13,9,25,11,50,3,4.6,False
510,Legal,Male,36,Associate,2025-05-31,5,Bachelor,3,44366.37,46,25,8,7,50,5,26,3,2.4,False
511,Finance,Male,38,Manager,2019-03-14,1,Master,3,31663.06,60,25,15,2,50,8,48,0,4.37,False
512,HR,Female,37,Associate,2026-01-05,3,Master,2,31013.39,41,17,19,3,100,4,5,0,2.55,False
513,Operations,Male,38,Lead,2021-07-08,7,Diploma,4,56070.98,45,25,3,6,100,4,22,1,2.41,True
514,Finance,Male,30,Manager,2021-12-12,8,Diploma,3,51226.08,52,22,13,5,100,10,35,0,2.77,False
515,HR,Female,28,Analyst,2025-05-20,7,Bachelor,5,56927.42,44,23,17,3,50,11,66,0,3.42,False
516,Finance,Female,42,Executive,2025-09-20,2,Diploma,3,33940.81,43,22,1,6,50,5,29,0,3.19,False
517,HR,Female,26,Lead,2020-02-29,2,Bachelor,3,40387.95,55,25,7,0,0,3,6,3,4.24,False
518,IT,Male,31,Associate,2019-02-18,9,Master,4,58272.91,37,23,1,0,25,3,71,3,4.83,False
519,HR,Female,30,Developer,2024-10-02,3,Bachelor,4,40826.49,57,25,11,4,75,7,69,2,3.82,False
520,Legal,Female,29,Manager,2024-05-29,7,Master,3,49386.23,36,10,11,4,75,13,23,0,1.5,False
521,Finance,Male,30,Developer,2022-03-12,2,MBA,3,38809.39,35,12,2,2,75,11,21,3,1.36,False
522,Legal,Male,30,Lead,2019-01-13,10,Master,4,64663.25,41,18,6,2,100,8,39,2,3.83,False
523,Sales,Male,33,Lead,2016-09-16,3,PhD,3,42207.73,39,23,9,10,100,9,28,1,3.12,True
524,Operations,Male,30,Associate,2017-08-18,2,Bachelor,4,40805.95,44,21,6,4,50,9,46,1,2.6,False
525,Finance,Female,38,Analyst,2015-11-30,2,MBA,3,33861.09,51,19,18,3,25,10,26,2,1.43,False
526,Operations,Male,29,Manager,2025-06-24,2,Master,3,39405.83,59,25,20,0,100,9,14,1,4.61,False
527,Legal,Male,30,Executive,2023-03-10,1,Master,3,35941.89,44,22,20,5,100,9,15,1,2.42,False
528,Finance,Female,33,Manager,2022-05-18,5,MBA,4,52910.29,35,17,10,8,100,13,41,3,2.82,False
529,HR,Male,22,Manager,2015-03-09,6,Master,2,47569.74,43,19,15,8,25,7,23,2,3.6,False
530,Operations,Male,27,Lead,2019-04-07,1,PhD,3,31277.44,55,25,3,9,50,14,21,0,2.06,False
531,Sales,Female,35,Associate,2017-08-08,5,Bachelor,5,46413.93,47,18,18,5,50,13,75,0,1.41,False
532,Marketing,Male,33,Associate,2019-10-05,0,Master,3,29804.64,49,23,20,4,0,4,32,1,4.93,False
533,IT,Female,32,Executive,2018-02-27,6,Bachelor,4,57999.63,40,13,1,5,50,8,42,3,4.94,False
534,Marketing,Male,34,Executive,2020-03-26,3,Diploma,3,34813.63,38,21,15,9,0,11,40,0,1.67,True
535,Finance,Male,24,Executive,2021-04-15,7,Diploma,4,49640.75,53,25,4,1,0,14,69,1,3.95,False
536,Legal,Male,32,Associate,2017-06-11,8,Bachelor,3,54123.89,51,25,15,3,0,7,12,1,4.17,False
537,Finance,Male,27,Manager,2017-07-26,1,PhD,3,33979.32,37,18,7,5,100,10,30,0,1.61,False
538,Sales,Male,33,Developer,2021-08-29,9,Diploma,3,61048.32,38,23,18,10,75,13,11,1,4.86,False
539,Finance,Female,41,Associate,2023-08-08,8,Master,4,56623.18,37,15,11,10,75,11,53,2,2.38,False
540,Legal,Male,24,Associate,2018-10-31,2,Master,4,40204.42,48,23,8,1,50,7,79,2,2.56,False
541,Sales,Female,40,Developer,2025-03-21,4,Master,3,43307.65,58,25,14,0,0,13,5,1,2.59,False
542,Operations,Male,27,Executive,2022-07-14,10,MBA,4,63086.01,48,18,9,5,0,12,34,2,1.98,False
543,IT,Female,34,Executive,2020-10-09,9,Master,4,56861.84,55,21,1,1,25,7,68,0,4.06,True
544,Legal,Female,25,Executive,2024-09-20,0,MBA,3,27764.37,50,25,8,7,75,5,9,2,4.0,False
545,Finance,Male,29,Analyst,2022-03-22,9,PhD,4,56892.19,45,22,6,8,100,12,30,0,1.16,False
546,Sales,Female,24,Executive,2015-01-30,0,Master,2,32839.93,39,16,3,8,100,4,5,3,1.86,False
547,Sales,Male,39,Analyst,2024-06-14,3,Bachelor,3,39785.74,39,25,5,1,100,14,19,3,1.3,True
548,Finance,Male,43,Lead,2023-01-06,7,PhD,3,55910.85,43,20,18,6,50,9,77,2,1.75,False
549,Finance,Male,28,Lead,2016-09-28,9,PhD,4,66256.51,51,24,3,4,50,4,39,2,4.11,True
550,IT,Male,29,Lead,2023-09-22,0,PhD,3,34193.57,41,22,14,10,25,8,51,3,1.31,True
551,Finance,Female,38,Developer,2021-05-23,10,PhD,4,66206.94,52,23,13,2,25,5,64,3,3.52,False
552,Sales,Male,26,Lead,2016-05-13,10,MBA,3,64759.45,37,16,17,5,25,7,14,3,3.75,False
553,Finance,Female,23,Manager,2017-01-12,4,Master,4,41804.85,58,22,0,5,0,13,58,1,3.44,False
554,Operations,Female,35,Executive,2019-10-29,3,MBA,4,38748.41,50,25,19,2,50,8,42,0,1.28,False
555,Legal,Female,31,Analyst,2025-05-15,1,Diploma,3,26874.74,47,25,7,1,75,9,56,0,3.05,False
556,Operations,Female,39,Lead,2018-08-04,1,PhD,3,30688.5,60,25,11,2,100,9,66,0,4.24,False
557,Operations,Male,31,Analyst,2017-09-26,0,MBA,2,31306.17,60,25,19,10,25,3,13,1,4.31,False
558,HR,Male,21,Lead,2015-04-30,8,Diploma,3,54589.75,38,12,3,4,75,3,44,1,1.76,False
559,IT,Male,43,Lead,2026-01-19,4,Diploma,3,39698.81,37,12,10,6,100,14,13,0,3.66,False
560,Sales,Male,29,Associate,2026-01-15,4,MBA,3,45043.61,55,25,19,2,25,13,14,2,4.83,False
561,Operations,Female,35,Developer,2022-07-25,2,Master,4,35437.06,45,21,3,3,0,12,14,0,3.98,True
562,Legal,Male,31,Manager,2015-02-18,9,PhD,4,54384.77,37,21,17,6,100,9,54,0,3.54,False
563,Marketing,Male,23,Developer,2025-02-12,5,Bachelor,4,49745.34,60,25,2,9,0,3,57,3,1.84,False
564,Sales,Female,21,Developer,2023-12-22,5,Bachelor,2,38032.25,48,25,8,5,100,14,27,0,1.74,False
565,Sales,Male,38,Analyst,2025-01-22,4,Diploma,3,47888.87,55,25,7,9,50,10,43,2,2.43,False
566,HR,Female,35,Developer,2021-08-17,0,Bachelor,4,26530.0,60,25,14,6,25,14,38,0,4.85,False
567,IT,Female,42,Developer,2026-03-27,1,Diploma,3,30470.21,51,25,2,6,50,9,7,0,2.58,False
568,Legal,Female,32,Associate,2021-10-08,1,Bachelor,3,32177.24,38,20,6,4,100,6,25,1,1.06,True
569,Operations,Female,32,Associate,2015-05-16,4,MBA,4,47427.67,59,25,1,8,25,3,44,1,2.72,False
570,Finance,Male,29,Manager,2024-11-28,1,PhD,4,34890.99,48,25,8,1,75,7,51,3,4.29,False
571,Legal,Male,21,Associate,2017-02-01,9,PhD,4,60325.45,48,24,4,9,25,7,56,3,3.1,False
572,Legal,Male,35,Analyst,2016-01-02,1,PhD,3,40907.41,42,21,6,10,100,11,32,3,1.46,False
573,Finance,Male,30,Lead,2025-06-24,6,PhD,3,45015.86,48,23,17,7,0,8,22,1,3.83,False
574,Finance,Male,31,Executive,2019-09-26,2,PhD,3,37221.77,47,21,7,8,25,5,49,1,4.73,True
575,Operations,Male,32,Manager,2025-08-01,0,MBA,3,37584.59,40,19,5,6,100,14,16,2,4.83,False
576,HR,Male,39,Developer,2015-06-27,0,PhD,2,26311.57,55,25,5,4,100,8,27,2,3.38,False
577,Legal,Female,30,Lead,2015-08-18,5,MBA,3,49876.2,59,25,0,8,25,9,35,1,2.86,False
578,HR,Female,27,Developer,2025-05-24,9,Bachelor,5,59196.86,60,25,11,2,100,5,73,0,3.52,False
579,Finance,Female,31,Executive,2018-05-07,8,Bachelor,3,56156.91,45,18,8,3,0,11,30,1,3.59,False
580,IT,Female,42,Manager,2019-02-14,7,PhD,3,50426.76,49,25,10,8,0,11,66,0,4.04,False
581,Marketing,Female,33,Developer,2023-05-11,6,PhD,4,50003.43,58,25,2,1,75,8,22,0,3.39,False
582,Legal,Female,32,Manager,2017-12-24,4,Diploma,4,43587.66,35,18,0,5,100,7,43,0,3.07,False
583,Sales,Female,29,Analyst,2017-11-02,7,MBA,5,59280.72,58,25,6,0,25,14,58,3,1.87,False
584,Legal,Male,29,Developer,2016-06-19,9,Bachelor,4,64342.91,54,24,12,5,75,10,68,3,4.37,False
585,Operations,Male,25,Executive,2017-06-17,5,PhD,4,49180.29,42,20,3,9,0,4,79,2,3.43,True
586,Legal,Female,28,Lead,2023-01-15,6,PhD,4,47123.73,44,21,7,6,25,13,25,1,4.12,False
587,Finance,Male,32,Manager,2017-03-09,2,Diploma,4,39149.01,57,25,13,5,75,4,54,3,2.18,False
588,Sales,Female,24,Executive,2016-09-22,7,Bachelor,3,52047.19,53,25,20,2,50,13,30,1,2.94,False
589,Legal,Female,30,Executive,2023-01-30,1,Diploma,4,36155.35,59,25,3,4,0,4,55,3,4.32,False
590,Sales,Female,24,Analyst,2020-10-21,7,MBA,2,52401.41,41,21,1,9,25,5,11,1,1.8,False
591,Marketing,Female,26,Manager,2016-11-17,10,PhD,4,59953.41,41,17,4,9,25,6,34,0,4.08,True
592,HR,Female,28,Analyst,2019-01-19,4,Diploma,4,50067.4,46,23,17,1,100,7,41,3,1.57,False
593,Sales,Female,31,Manager,2024-03-23,5,Diploma,4,49064.7,40,17,7,8,75,11,36,1,2.11,False
594,Marketing,Male,30,Developer,2020-10-08,3,Diploma,4,38180.93,38,22,8,5,0,14,52,0,2.12,False
595,Operations,Female,39,Analyst,2024-12-13,8,Bachelor,4,64079.42,54,22,13,9,50,12,28,2,2.58,False
596,Sales,Male,39,Analyst,2022-03-31,9,Diploma,3,60829.78,55,23,7,9,0,11,41,3,4.95,True
597,IT,Female,30,Executive,2017-07-28,1,Master,4,26146.42,43,21,17,6,50,8,57,0,3.61,False
598,IT,Female,30,Manager,2024-09-25,4,MBA,3,45243.48,38,24,5,10,75,7,39,2,2.99,False
599,Finance,Male,26,Analyst,2015-06-30,4,Diploma,4,37732.78,55,15,0,8,0,13,58,0,4.84,False
600,Marketing,Female,41,Analyst,2019-07-29,4,Master,3,37015.79,38,21,0,3,25,5,44,1,2.05,False
601,HR,Male,38,Developer,2015-03-24,0,Master,4,33419.08,50,22,0,0,0,7,59,0,2.02,False
602,Operations,Female,25,Associate,2018-09-19,3,Master,3,39624.54,53,22,11,4,100,13,7,0,4.02,False
603,Marketing,Male,30,Developer,2018-09-09,5,Diploma,4,54604.22,57,25,10,6,100,10,67,3,2.38,False
604,Operations,Male,39,Manager,2021-07-17,6,MBA,4,53361.81,60,24,20,3,75,4,13,3,1.0,True
605,Operations,Female,29,Associate,2019-04-13,8,MBA,4,51001.92,55,25,13,7,100,10,55,0,4.17,False
606,Marketing,Male,28,Manager,2016-01-02,5,Master,3,40052.15,36,17,13,4,75,7,9,0,3.47,False
607,Sales,Male,37,Associate,2018-01-02,0,Bachelor,4,27003.99,50,23,16,5,0,13,68,0,4.04,False
608,Operations,Female,27,Associate,2015-05-31,4,MBA,3,46066.38,36,25,14,8,25,6,28,2,2.35,False
609,HR,Female,44,Manager,2016-11-03,4,MBA,4,44485.15,60,25,1,4,50,12,79,3,2.27,False
610,Marketing,Female,33,Lead,2015-09-29,3,Diploma,4,40674.07,50,25,17,4,50,14,66,2,4.02,False
611,Legal,Male,28,Manager,2024-07-12,3,MBA,4,44330.22,59,25,4,10,100,13,40,1,4.35,False
612,HR,Male,21,Analyst,2018-09-13,5,PhD,3,44478.91,35,11,4,2,25,7,18,0,2.77,False
613,Operations,Male,36,Manager,2017-08-11,5,MBA,5,55843.3,37,16,15,0,100,11,45,3,2.98,False
614,Marketing,Male,23,Manager,2017-09-08,4,MBA,3,41633.99,44,17,18,9,0,10,43,1,4.87,True
615,Sales,Male,33,Lead,2022-02-13,10,Diploma,4,60420.12,36,24,8,1,25,11,46,2,4.19,False
616,Legal,Female,33,Manager,2018-03-19,8,MBA,3,51344.52,46,25,9,3,25,11,42,1,1.7,False
617,Finance,Male,34,Lead,2021-11-04,1,MBA,3,30142.5,41,23,18,10,50,6,43,0,1.62,False
618,Legal,Male,22,Associate,2022-11-09,1,Bachelor,4,35664.45,50,25,5,5,0,5,50,2,4.74,False
619,HR,Female,27,Lead,2024-02-20,3,Bachelor,4,33424.21,49,25,20,1,0,14,38,0,4.46,False
620,Finance,Female,34,Analyst,2021-11-19,7,Master,3,54011.05,50,25,0,1,50,4,9,3,2.67,False
621,Operations,Male,35,Analyst,2021-02-24,2,Diploma,3,33931.32,50,25,17,0,100,4,54,1,3.11,False
622,HR,Female,40,Developer,2022-09-02,2,MBA,3,40514.91,58,25,12,10,50,4,34,3,3.84,False
623,Marketing,Male,27,Associate,2016-11-30,10,Diploma,3,66952.44,58,25,7,10,50,13,38,3,1.48,True
624,Legal,Female,23,Associate,2025-11-26,10,Bachelor,3,58986.99,38,25,7,10,50,8,25,0,3.2,True
625,IT,Male,21,Manager,2019-09-09,7,Diploma,3,49367.72,48,25,2,7,25,5,20,2,4.08,False
626,IT,Male,32,Analyst,2021-01-03,4,Master,4,40823.38,46,22,8,5,0,3,37,1,2.36,False
627,HR,Male,38,Developer,2022-08-28,7,Diploma,3,50910.31,52,25,6,8,25,11,57,1,2.01,False
628,Legal,Male,28,Developer,2021-07-13,3,Bachelor,4,46507.98,51,25,0,1,75,9,79,3,3.85,False
629,HR,Female,27,Executive,2017-11-30,0,MBA,3,24049.72,50,25,11,3,0,14,27,1,1.15,True
630,Operations,Male,36,Manager,2023-11-02,9,MBA,3,54991.57,36,16,5,9,100,9,22,0,4.99,False
631,IT,Female,31,Executive,2024-09-08,10,Bachelor,4,57249.05,41,18,2,6,75,7,79,0,2.01,False
632,Operations,Female,29,Executive,2026-02-20,0,MBA,4,34362.8,57,25,0,7,25,7,60,3,3.3,False
633,Operations,Female,28,Lead,2026-03-27,6,Diploma,2,54282.59,54,25,8,3,50,6,12,2,1.55,False
634,Sales,Male,32,Manager,2022-05-28,10,Bachelor,4,63875.84,42,21,6,1,50,8,45,0,4.51,False
635,HR,Male,29,Lead,2022-06-26,9,MBA,3,51646.37,52,25,18,0,100,5,73,0,4.94,True
636,Finance,Male,34,Developer,2021-08-18,10,PhD,3,62025.49,39,19,4,4,25,5,37,2,4.56,False
637,HR,Female,26,Analyst,2018-07-14,8,Bachelor,4,61926.78,60,25,12,1,100,6,27,3,1.24,False
638,Operations,Male,32,Executive,2020-09-02,7,Bachelor,3,56475.88,56,25,4,2,100,5,48,3,4.22,False
639,IT,Female,26,Executive,2023-12-02,5,Diploma,4,49247.08,36,17,13,9,100,8,49,0,2.55,False
640,IT,Female,23,Associate,2018-10-09,6,Diploma,4,50956.49,43,18,18,9,25,13,75,1,3.12,False
641,Operations,Male,36,Executive,2020-12-22,0,Diploma,4,33917.25,49,19,15,2,0,4,76,2,3.65,False
642,Marketing,Male,30,Associate,2017-06-08,5,Diploma,3,45494.04,45,22,17,8,100,12,32,1,4.71,False
643,Finance,Female,27,Manager,2024-12-14,0,Master,3,30934.43,50,25,5,0,50,12,12,1,3.64,False
644,Marketing,Female,24,Developer,2023-11-16,0,Diploma,3,30345.41,54,25,12,0,75,10,62,3,4.64,False
645,Legal,Male,29,Associate,2023-01-09,9,PhD,4,67416.77,43,18,10,4,100,5,26,3,1.35,False
646,HR,Female,38,Developer,2025-01-24,0,Master,3,32238.48,57,25,12,8,25,14,47,3,1.48,False
647,Sales,Male,32,Developer,2018-04-10,6,Master,3,54297.0,58,25,10,5,100,9,31,3,1.83,False
648,Marketing,Female,37,Analyst,2016-01-29,7,Diploma,3,52207.48,46,21,1,9,100,3,53,1,4.85,True
649,Finance,Male,35,Lead,2015-07-15,0,PhD,3,26922.54,35,13,3,3,0,7,9,1,1.36,False
650,IT,Male,38,Analyst,2019-01-02,10,PhD,4,70827.47,36,14,5,3,50,5,65,2,1.04,False
651,IT,Female,32,Manager,2020-09-08,4,MBA,4,39667.81,49,22,17,6,75,10,80,0,3.33,False
652,Marketing,Female,36,Manager,2020-12-11,5,Bachelor,4,50324.33,59,25,12,1,0,5,48,1,3.27,False
653,Sales,Male,21,Executive,2024-09-01,10,Master,5,65208.48,43,19,3,6,25,4,73,3,3.2,False
654,Finance,Female,33,Associate,2022-09-20,0,Bachelor,3,30887.75,39,24,18,6,0,10,10,0,4.08,True
655,HR,Female,21,Manager,2017-07-25,1,MBA,3,28572.17,60,25,18,9,75,13,49,0,3.41,False
656,Sales,Female,36,Lead,2024-10-11,9,PhD,3,59641.74,57,25,12,7,75,12,8,2,3.47,True
657,Marketing,Female,47,Executive,2019-03-29,3,Diploma,2,34351.71,37,18,13,9,75,13,16,0,2.43,False
658,IT,Female,30,Developer,2015-06-10,9,Master,3,55359.64,49,25,19,3,25,3,39,0,2.04,False
659,IT,Female,40,Analyst,2024-10-11,10,Bachelor,3,62962.79,35,19,0,4,75,4,9,0,2.56,False
660,HR,Female,36,Manager,2020-04-13,3,Master,5,53530.53,35,20,18,6,0,12,79,1,1.43,True
661,IT,Female,30,Developer,2021-09-23,0,Bachelor,2,31320.95,53,20,19,4,100,10,9,2,4.99,False
662,Operations,Male,28,Associate,2019-02-06,7,Bachelor,2,47995.7,48,25,11,10,0,8,11,2,5.0,False
663,HR,Female,34,Analyst,2019-12-03,8,PhD,3,53716.56,48,25,2,2,50,5,14,1,2.58,True
664,HR,Female,32,Associate,2022-05-09,1,PhD,3,31237.44,46,23,2,0,100,11,58,0,4.78,False
665,Legal,Male,32,Associate,2016-05-01,2,MBA,3,34327.49,41,21,3,2,50,7,20,2,4.72,False
666,Sales,Female,30,Developer,2022-07-24,1,Bachelor,3,36301.57,51,25,14,0,75,10,25,2,4.91,False
667,IT,Female,29,Manager,2019-04-25,6,Master,3,47267.76,49,23,5,8,25,3,45,3,4.32,False
668,Legal,Male,26,Analyst,2020-08-27,7,Bachelor,4,56046.17,52,25,14,1,0,8,66,2,2.65,False
669,Sales,Female,22,Lead,2021-04-03,0,Bachelor,2,25451.05,43,25,11,6,75,11,13,0,2.83,False
670,Legal,Male,30,Manager,2017-11-06,5,Bachelor,3,54797.02,57,25,15,0,75,12,27,3,1.47,False
671,Operations,Female,33,Associate,2022-04-22,8,Master,5,59033.87,59,25,11,2,0,8,80,2,2.18,False
672,Sales,Female,22,Manager,2024-12-04,6,Master,3,47111.8,49,25,7,1,100,6,79,2,3.25,False
673,Sales,Female,27,Manager,2019-01-09,10,Master,5,69369.49,53,25,8,4,0,14,48,2,3.46,False
674,Sales,Male,21,Developer,2024-12-17,5,Bachelor,3,48000.96,39,20,0,6,0,10,59,3,2.69,False
675,IT,Male,36,Manager,2025-05-28,10,Diploma,4,59940.81,47,18,15,6,25,10,7,0,4.84,False
676,HR,Male,37,Developer,2023-10-13,10,PhD,5,74691.68,59,25,2,0,100,8,80,3,3.65,False
677,IT,Male,28,Associate,2019-11-30,1,PhD,4,35455.86,41,18,9,9,75,7,67,1,1.57,False
678,Legal,Male,30,Executive,2020-01-17,8,MBA,3,60988.04,43,18,0,1,25,5,33,3,1.18,True
679,Legal,Female,33,Lead,2017-07-23,6,Bachelor,4,58632.15,41,17,11,0,100,14,74,3,1.15,False
680,Legal,Female,30,Manager,2021-04-03,9,MBA,4,60997.22,45,20,4,5,0,10,40,0,3.76,True
681,Marketing,Female,34,Lead,2021-09-25,2,Diploma,3,37534.14,54,23,6,2,0,8,37,3,4.34,False
682,Legal,Male,42,Analyst,2025-09-28,3,Diploma,3,38015.97,55,25,3,7,0,4,20,0,4.28,False
683,Legal,Female,37,Analyst,2020-02-05,4,MBA,5,50049.62,50,25,17,3,50,5,79,1,2.42,False
684,Finance,Female,36,Analyst,2021-06-20,10,Master,3,56002.78,57,23,12,0,75,11,29,1,4.45,False
685,Finance,Female,42,Lead,2022-07-30,10,Master,4,65596.2,43,19,13,10,100,4,27,2,1.77,False
686,Marketing,Male,23,Manager,2015-11-03,9,MBA,4,61766.65,52,25,11,0,25,13,15,3,2.34,False
687,Marketing,Male,33,Analyst,2015-08-09,0,Bachelor,3,28686.74,46,25,16,1,0,6,5,0,2.76,False
688,Sales,Female,21,Associate,2024-05-23,1,Diploma,2,32202.56,35,17,7,6,0,5,25,3,3.52,True
689,HR,Female,41,Analyst,2017-08-31,7,Master,2,45759.02,51,24,2,10,25,14,13,1,4.27,False
690,Legal,Male,35,Analyst,2020-01-07,0,Master,3,26372.97,58,25,3,1,0,8,54,0,1.82,False
691,HR,Female,31,Associate,2017-04-27,10,MBA,3,61568.12,41,17,12,10,0,3,22,1,1.54,False
692,Marketing,Female,28,Lead,2025-10-07,2,PhD,3,35196.96,49,25,12,6,0,14,30,3,1.53,False
693,Finance,Female,28,Analyst,2023-03-24,10,Master,4,68566.76,54,25,15,1,25,5,70,2,1.73,False
694,Operations,Female,29,Executive,2023-07-13,3,MBA,4,46400.18,59,25,8,1,25,9,24,2,1.94,False
695,Operations,Male,22,Manager,2025-10-22,2,MBA,2,34645.42,58,25,1,4,0,11,7,3,3.59,False
696,Operations,Male,28,Lead,2023-11-01,2,Bachelor,4,43799.12,37,20,12,10,75,14,62,2,4.79,True
697,IT,Female,28,Associate,2022-04-08,8,Diploma,4,62940.73,37,16,13,1,100,8,62,2,1.77,False
698,IT,Male,26,Lead,2017-04-10,0,Diploma,3,35237.73,56,25,3,4,0,6,16,1,4.44,False
699,Legal,Male,28,Developer,2021-10-13,6,Diploma,4,59313.33,58,25,6,5,0,10,75,3,2.7,False
700,Operations,Female,29,Associate,2021-12-21,4,PhD,3,39635.18,51,25,5,2,100,6,31,1,1.59,True
701,HR,Female,32,Analyst,2015-06-03,6,Bachelor,3,50475.61,52,21,9,1,0,10,9,1,1.12,False
702,Sales,Male,36,Executive,2021-02-21,2,Master,4,42641.07,52,23,0,0,25,7,66,3,4.72,True
703,HR,Female,29,Manager,2022-07-11,0,PhD,3,36857.99,48,21,10,4,50,10,13,3,1.36,False
704,Sales,Female,21,Executive,2019-11-17,5,PhD,4,53190.24,38,23,2,3,100,3,62,3,2.95,False
705,Legal,Female,30,Lead,2024-03-13,3,Diploma,3,37173.83,57,25,13,10,100,12,29,2,2.82,False
706,HR,Male,26,Lead,2022-11-20,8,Bachelor,4,62927.52,45,18,1,4,100,13,18,2,4.46,False
707,Sales,Female,31,Lead,2018-07-03,3,Master,4,42278.04,50,25,19,3,0,4,33,1,2.66,True
708,Finance,Male,22,Manager,2024-11-14,3,Diploma,4,38134.1,48,25,11,6,50,14,53,1,4.89,False
709,Legal,Female,26,Executive,2025-05-09,4,Bachelor,3,42395.25,49,24,12,5,75,3,42,1,4.54,False
710,Marketing,Male,26,Analyst,2024-08-07,0,Diploma,3,31384.7,43,21,2,6,75,5,30,3,4.0,True
711,Operations,Male,33,Developer,2022-05-01,5,Bachelor,4,50458.84,56,24,17,7,75,14,40,2,1.7,False
712,Operations,Male,26,Associate,2022-03-06,9,PhD,5,61249.35,35,13,20,1,100,4,64,2,1.54,False
713,Operations,Male,26,Analyst,2023-09-20,5,MBA,3,45701.85,42,21,17,2,50,4,46,1,3.33,False
714,Finance,Female,29,Lead,2025-08-28,5,Diploma,4,55615.37,55,25,7,3,100,4,68,2,4.29,False
715,Legal,Male,32,Developer,2022-10-07,5,Master,4,48302.23,48,25,8,9,75,14,43,1,4.97,False
716,Finance,Female,26,Lead,2020-02-17,2,Diploma,4,39371.22,45,25,20,2,50,14,38,1,1.97,False
717,IT,Male,22,Associate,2021-03-28,1,MBA,3,34216.84,36,24,18,10,50,5,43,3,4.11,False
718,HR,Female,25,Manager,2019-07-18,10,MBA,3,60250.13,56,25,17,2,0,14,49,0,2.97,False
719,Marketing,Female,31,Manager,2020-11-05,8,Diploma,4,61632.22,40,20,18,9,75,12,70,2,4.76,False
720,Legal,Male,32,Executive,2024-01-30,8,MBA,5,64095.98,48,22,11,1,75,5,41,3,4.13,False
721,Sales,Female,39,Manager,2016-03-31,0,Diploma,3,29882.74,41,25,3,9,75,13,26,1,2.74,False
722,Finance,Female,23,Associate,2024-10-22,4,MBA,5,50111.97,46,25,9,2,0,11,57,3,3.39,False
723,Marketing,Female,26,Analyst,2016-08-11,0,Master,3,23599.66,49,25,16,9,75,11,34,0,4.35,False
724,Marketing,Male,36,Executive,2025-11-25,3,Bachelor,2,37382.79,48,25,1,6,75,8,43,1,3.81,False
725,Operations,Female,26,Associate,2018-10-16,1,Diploma,2,34639.75,39,18,15,8,25,4,20,3,2.6,True
726,HR,Female,33,Associate,2020-11-25,0,Master,3,29208.09,60,24,11,7,75,10,64,0,1.28,False
727,Finance,Female,35,Developer,2019-05-25,5,Bachelor,4,47059.57,37,17,18,5,50,6,66,3,1.18,True
728,HR,Female,30,Manager,2019-06-08,3,PhD,3,34213.01,41,21,14,10,0,8,68,0,3.59,False
729,Legal,Male,35,Developer,2016-12-04,10,Master,4,67494.18,43,24,13,5,0,7,36,2,2.83,False
730,Operations,Female,41,Developer,2015-04-04,7,MBA,3,50562.58,36,21,1,8,100,10,28,1,1.89,False
731,IT,Male,35,Manager,2021-03-01,3,Diploma,4,41677.45,44,25,12,2,25,7,35,1,4.34,True
732,HR,Male,35,Associate,2017-07-20,0,MBA,4,29128.94,54,25,6,5,100,12,67,0,2.96,False
733,Marketing,Female,39,Executive,2018-06-09,7,Diploma,3,54852.68,54,25,13,9,50,7,33,3,3.87,False
734,Sales,Female,39,Analyst,2017-12-08,4,Diploma,3,41124.83,43,24,11,3,0,7,13,2,2.44,False
735,Legal,Female,40,Manager,2023-03-31,4,Bachelor,4,47173.57,41,25,17,0,75,14,68,2,1.22,True
736,Finance,Female,28,Analyst,2020-03-11,6,PhD,4,53188.32,46,25,17,2,100,3,37,2,1.34,False
737,Sales,Male,29,Associate,2024-07-16,4,Diploma,3,40091.52,35,24,4,1,100,13,66,0,2.3,False
738,Operations,Male,27,Analyst,2020-05-23,8,Diploma,3,55711.61,46,23,18,10,75,7,16,2,1.74,True
739,Legal,Male,29,Executive,2024-08-06,9,MBA,4,56863.32,60,25,7,3,75,12,39,1,3.98,False
740,Legal,Female,23,Associate,2022-08-03,8,Bachelor,3,52352.98,57,25,12,4,75,5,25,0,1.2,False
741,Legal,Female,24,Analyst,2021-05-19,10,MBA,4,60121.54,54,25,8,10,50,4,47,0,1.07,False
742,Marketing,Female,30,Developer,2019-01-30,3,Master,4,47889.27,40,21,9,5,0,5,76,3,4.16,False
743,HR,Female,21,Executive,2017-10-29,3,PhD,4,48202.44,57,25,18,3,100,14,54,2,3.46,False
744,Legal,Male,27,Executive,2017-03-11,3,Diploma,5,42735.17,37,24,8,5,50,6,77,2,3.1,False
745,IT,Male,24,Lead,2022-08-29,2,PhD,3,34529.82,44,21,8,3,75,14,48,2,3.84,False
746,Sales,Female,36,Executive,2019-07-16,1,MBA,3,34591.04,37,11,15,0,0,11,43,3,2.4,False
747,Sales,Male,37,Developer,2015-10-22,2,Diploma,4,36181.84,39,20,16,1,0,7,71,0,2.22,False
748,Legal,Female,34,Associate,2019-12-03,8,PhD,4,61663.25,40,19,15,1,75,11,34,3,3.62,False
749,Operations,Female,35,Developer,2020-03-10,5,Bachelor,3,44960.4,40,24,16,9,0,3,39,0,2.75,True
750,Sales,Male,39,Executive,2019-07-05,2,Bachelor,3,33690.93,35,19,10,2,75,7,48,0,4.87,False
751,Marketing,Female,36,Associate,2015-12-16,7,Diploma,3,47218.43,37,13,11,7,0,5,13,1,2.53,True
752,IT,Male,34,Executive,2016-12-19,5,MBA,3,47685.71,51,25,12,5,100,10,62,2,2.34,False
753,Legal,Male,22,Lead,2025-05-05,0,Diploma,3,28124.66,56,25,4,0,75,6,26,1,3.34,False
754,Sales,Male,21,Manager,2015-04-15,9,Bachelor,4,59199.86,41,14,1,10,50,6,54,0,1.44,False
755,IT,Male,31,Associate,2019-10-17,4,PhD,3,37051.99,35,15,18,0,100,14,10,0,3.74,True
756,Finance,Male,37,Analyst,2015-10-26,0,Master,4,31372.72,52,25,0,5,25,8,70,2,1.35,False
757,Legal,Male,32,Executive,2019-07-20,2,Bachelor,3,40405.62,58,23,8,4,100,10,19,2,2.67,True
758,Finance,Male,32,Executive,2020-01-04,9,MBA,3,60187.51,50,20,13,10,50,6,29,1,3.37,True
759,HR,Female,24,Manager,2020-09-20,7,Diploma,3,51076.0,60,25,2,3,50,4,42,3,4.62,True
760,Finance,Male,27,Associate,2021-03-05,8,Bachelor,3,51346.81,39,24,13,1,75,6,15,0,3.96,False
761,Operations,Female,39,Executive,2016-06-15,3,Diploma,3,38450.19,57,24,15,2,75,3,32,1,4.52,False
762,HR,Male,29,Executive,2023-11-07,7,MBA,4,51001.73,56,25,14,0,100,4,50,1,4.59,False
763,Operations,Female,29,Executive,2023-01-10,3,Bachelor,4,44857.48,46,23,14,0,50,11,47,1,2.13,False
764,Operations,Male,26,Lead,2025-11-10,4,Master,3,40006.59,46,16,3,0,50,10,31,2,2.0,True
765,IT,Male,41,Analyst,2022-01-15,1,Master,3,33262.02,35,19,1,10,100,11,67,1,4.88,False
766,Operations,Female,25,Developer,2022-01-29,6,MBA,3,52129.06,49,19,17,3,25,9,37,1,3.93,True
767,Operations,Male,35,Executive,2025-10-01,6,PhD,3,41652.3,43,22,12,8,100,5,16,1,3.55,False
768,Marketing,Female,22,Lead,2023-11-09,10,PhD,3,62834.62,41,21,7,10,25,5,15,3,1.52,False
769,IT,Female,21,Analyst,2015-09-18,7,Diploma,4,56803.63,52,19,13,4,100,13,32,3,4.86,False
770,Marketing,Female,32,Lead,2025-12-11,1,MBA,4,36986.75,53,22,9,2,75,10,75,0,4.69,False
771,Marketing,Male,28,Executive,2015-11-21,2,Bachelor,4,28783.77,53,25,13,6,100,10,62,0,3.11,False
772,Sales,Female,37,Manager,2024-02-18,0,Master,3,40264.12,38,8,14,2,100,8,56,3,1.09,False
773,Legal,Female,35,Analyst,2019-05-25,3,PhD,4,44502.15,39,23,13,1,25,4,68,3,1.08,False
774,HR,Female,38,Associate,2022-04-29,3,Bachelor,3,43519.2,48,25,10,4,25,3,21,2,3.98,False
775,Marketing,Female,30,Analyst,2023-06-22,10,Diploma,3,57437.87,53,23,15,10,50,12,73,1,1.98,False
776,IT,Male,30,Developer,2024-08-27,1,PhD,4,31147.39,43,18,6,2,25,4,64,1,4.89,False
777,Operations,Female,30,Manager,2024-09-27,5,Bachelor,4,54581.48,50,24,18,6,75,12,30,1,2.03,True
778,Finance,Female,44,Executive,2018-11-09,10,Master,3,65067.1,56,25,1,8,75,3,56,3,2.55,False
779,IT,Female,28,Developer,2019-05-15,3,Bachelor,3,37901.0,45,25,1,10,50,14,40,0,2.43,False
780,Operations,Female,38,Manager,2015-10-26,8,Diploma,4,55721.34,41,18,9,2,25,5,15,2,3.55,True
781,Marketing,Female,21,Developer,2025-05-18,3,PhD,3,35327.0,52,25,19,4,100,9,9,1,1.07,False
782,Operations,Female,21,Manager,2019-05-11,1,MBA,4,37425.27,45,22,2,10,0,6,80,1,2.54,False
783,Legal,Male,31,Lead,2019-08-12,6,Diploma,5,55628.98,44,25,8,6,0,13,76,2,2.26,False
784,Sales,Female,26,Executive,2019-09-09,4,Master,4,46947.08,50,23,5,5,25,5,68,2,3.24,False
785,Marketing,Female,21,Manager,2026-01-01,0,Bachelor,3,27802.55,37,20,10,0,100,6,29,0,2.97,False
786,IT,Female,42,Manager,2019-06-01,4,Bachelor,3,41835.32,53,25,20,1,75,5,23,1,2.75,True
787,Marketing,Female,38,Manager,2015-11-21,4,Bachelor,3,42397.09,44,21,19,5,50,7,47,3,4.33,True
788,IT,Female,38,Associate,2017-03-20,10,Diploma,4,63817.19,42,20,9,7,75,9,64,3,2.65,False
789,HR,Male,32,Associate,2017-10-15,9,PhD,4,66496.33,41,19,5,1,50,13,45,3,2.07,False
790,HR,Female,36,Executive,2025-10-16,3,PhD,3,39224.15,60,25,3,2,75,6,8,0,2.9,False
791,HR,Female,26,Lead,2024-05-10,8,PhD,4,65166.62,45,19,7,2,50,5,41,3,3.48,False
792,Marketing,Male,33,Associate,2018-10-24,5,PhD,3,45942.88,51,24,16,7,50,5,39,3,4.56,False
793,HR,Male,33,Associate,2015-02-28,9,PhD,3,55144.05,45,24,2,10,0,13,14,3,4.59,False
794,Finance,Male,39,Manager,2021-11-05,5,Bachelor,3,45939.03,49,23,9,6,50,7,65,1,4.95,False
795,Finance,Female,35,Lead,2016-11-22,0,Diploma,4,33734.68,50,25,9,2,75,4,73,3,2.32,False
796,IT,Female,27,Analyst,2021-09-21,8,Diploma,4,56555.22,44,23,17,0,50,3,29,1,2.11,False
797,Sales,Male,26,Analyst,2024-03-14,7,Diploma,2,43884.88,36,16,4,9,100,5,23,1,1.42,False
798,Finance,Male,41,Analyst,2017-01-23,9,PhD,3,54915.15,52,25,14,10,75,9,9,2,2.38,True
799,Operations,Female,26,Lead,2020-06-10,7,MBA,3,52376.7,48,25,6,1,0,10,26,0,2.2,False
800,HR,Male,25,Developer,2017-09-22,7,PhD,4,52520.42,39,19,17,5,100,9,58,2,3.24,False
801,Legal,Female,33,Executive,2018-10-31,3,MBA,4,44801.92,57,25,1,3,100,8,57,2,3.42,False
802,IT,Female,21,Manager,2022-01-02,3,PhD,3,42711.42,45,19,16,2,75,3,70,3,3.92,False
803,Marketing,Female,22,Lead,2017-01-15,4,Diploma,3,43271.82,54,25,12,1,50,5,27,1,4.21,False
804,IT,Female,35,Manager,2016-06-14,2,Master,3,35628.42,42,25,16,10,0,12,35,2,2.92,False
805,Operations,Female,34,Associate,2021-04-01,7,MBA,4,55487.64,46,25,18,10,50,9,51,3,3.09,False
806,Finance,Female,34,Analyst,2023-07-31,4,MBA,4,44450.22,54,25,15,8,100,6,68,3,3.9,True
807,Legal,Male,45,Executive,2020-06-26,10,Diploma,4,61658.66,59,25,8,7,0,13,69,3,4.29,False
808,Legal,Male,36,Lead,2024-07-24,6,MBA,3,46137.96,41,20,7,8,100,13,72,1,1.67,False
809,HR,Female,38,Developer,2018-08-16,3,PhD,3,33672.13,55,25,8,9,25,10,27,0,3.67,True
810,Legal,Female,24,Analyst,2023-12-17,8,Master,3,61104.77,43,17,5,5,0,8,5,2,1.53,False
811,HR,Female,29,Associate,2024-05-09,5,PhD,3,51749.74,55,25,4,8,50,9,61,2,2.21,False
812,Operations,Female,25,Analyst,2017-03-26,10,Master,3,66172.76,44,21,14,3,0,8,5,3,2.13,False
813,Sales,Female,33,Lead,2017-07-02,8,MBA,2,52000.8,51,18,4,5,25,12,31,2,1.46,False
814,Legal,Female,34,Manager,2019-03-31,9,Bachelor,5,62548.89,36,24,15,6,75,4,65,2,4.07,False
815,HR,Female,28,Analyst,2015-07-18,10,Master,3,57952.1,52,17,19,9,50,12,22,0,3.94,False
816,HR,Female,31,Analyst,2015-12-26,8,Diploma,4,58486.11,45,24,11,4,25,7,56,3,1.38,False
817,Legal,Female,35,Analyst,2021-07-04,10,PhD,3,56573.97,44,19,6,4,25,9,25,0,1.36,False
818,IT,Female,33,Manager,2022-09-12,9,Master,3,58395.48,38,19,4,9,100,13,62,0,3.37,False
819,Legal,Male,35,Manager,2017-05-19,1,Diploma,4,36114.53,58,25,14,3,100,12,77,3,2.35,False
820,Finance,Male,30,Associate,2022-07-08,7,Master,3,51818.75,44,22,1,0,75,6,14,2,1.45,False
821,Marketing,Male,27,Associate,2019-05-13,6,PhD,2,45296.15,58,23,2,9,50,11,10,2,3.91,False
822,Sales,Female,25,Developer,2019-10-07,10,Diploma,3,60311.1,53,24,16,8,0,10,15,2,1.32,False
823,Operations,Male,26,Lead,2025-11-11,8,PhD,3,57950.39,49,20,19,7,100,12,23,0,4.29,False
824,HR,Female,35,Associate,2015-01-05,5,PhD,3,39753.31,41,23,12,2,0,6,53,0,2.3,False
825,Marketing,Male,34,Developer,2024-03-01,7,Bachelor,2,48700.48,36,17,5,6,50,10,27,1,2.71,False
826,Marketing,Male,29,Executive,2020-02-04,1,MBA,3,37173.52,46,24,18,9,25,13,57,3,2.81,False
827,Sales,Female,32,Lead,2016-11-30,3,MBA,4,49424.66,44,23,6,3,0,4,77,3,1.46,False
828,Marketing,Male,22,Executive,2018-05-24,8,Bachelor,4,59622.69,43,23,5,0,100,13,60,3,1.11,True
829,Finance,Male,32,Manager,2019-05-13,4,MBA,4,40279.91,37,20,12,0,100,13,49,0,1.33,False
830,Legal,Male,33,Associate,2025-01-26,10,Master,3,58154.66,50,25,1,5,0,3,12,3,4.0,False
831,Marketing,Female,25,Manager,2021-10-29,7,MBA,4,49282.98,57,24,17,6,75,9,39,1,3.51,False
832,Finance,Female,34,Developer,2022-01-08,0,MBA,4,36560.71,57,25,6,7,50,13,62,2,4.45,False
833,Sales,Female,25,Manager,2017-10-22,1,PhD,3,35450.0,57,25,11,1,0,11,5,1,3.95,False
834,HR,Male,34,Manager,2017-11-19,6,MBA,4,48080.33,45,25,12,2,50,9,50,0,1.88,False
835,Finance,Female,32,Analyst,2020-07-18,8,Bachelor,5,58156.24,36,15,13,5,0,10,76,1,3.54,False
836,Legal,Male,36,Executive,2019-03-30,3,Master,3,36232.78,48,22,20,1,25,10,7,0,2.93,False
837,Marketing,Female,36,Analyst,2015-05-21,4,MBA,3,51844.26,54,21,13,5,75,4,59,3,2.42,False
838,Finance,Male,40,Analyst,2022-10-28,4,PhD,4,50459.01,57,25,1,5,100,13,41,3,4.72,False
839,Operations,Male,29,Analyst,2019-08-15,2,Master,4,39604.35,52,25,12,3,50,9,36,1,2.8,True
840,Marketing,Female,36,Executive,2025-06-01,10,Master,4,62410.96,52,25,18,6,100,13,20,2,4.1,False
841,Finance,Male,29,Executive,2020-06-04,5,Master,4,41321.25,58,20,10,3,50,8,54,1,4.12,False
842,HR,Male,31,Lead,2022-12-18,3,Bachelor,3,36979.32,46,20,0,8,0,5,32,0,4.3,False
843,Finance,Male,30,Manager,2025-02-27,10,Diploma,4,62984.09,39,15,17,7,50,7,8,0,1.47,False
844,HR,Male,26,Lead,2026-01-07,6,Diploma,4,53030.31,50,18,11,8,25,9,56,1,3.13,False
845,Marketing,Male,32,Lead,2022-12-21,0,Diploma,3,30322.18,57,25,13,10,75,6,39,1,2.87,False
846,Finance,Male,38,Manager,2023-11-05,4,Diploma,3,45137.62,47,25,12,2,0,4,35,3,4.88,False
847,IT,Female,29,Lead,2018-06-17,7,Bachelor,3,45750.56,44,23,3,0,0,11,17,0,4.94,False
848,Marketing,Female,38,Developer,2018-02-25,10,PhD,4,58024.55,47,25,16,10,0,9,35,0,2.66,False
849,Sales,Male,21,Executive,2020-03-22,5,Master,4,50329.14,53,25,2,9,100,4,61,2,4.2,False
850,Sales,Male,41,Analyst,2016-02-24,4,PhD,4,40858.33,43,21,20,9,75,12,58,0,1.68,False
851,Legal,Female,24,Analyst,2020-06-28,3,Diploma,3,37306.84,40,19,1,2,25,13,25,3,2.17,True
852,Legal,Female,34,Executive,2015-02-14,1,Master,3,31625.71,39,23,19,6,25,7,14,2,1.85,True
853,IT,Male,40,Associate,2017-05-19,1,MBA,2,32105.91,46,25,20,7,50,3,16,3,3.0,False
854,Legal,Female,22,Analyst,2024-10-23,4,PhD,3,44042.34,43,23,9,5,100,13,27,2,2.7,False
855,Legal,Male,33,Associate,2021-07-16,8,PhD,3,54965.27,51,22,17,7,100,14,35,3,4.09,False
856,Legal,Male,39,Analyst,2015-05-28,4,Diploma,4,40999.5,55,25,12,1,100,10,45,1,2.86,False
857,Finance,Female,32,Analyst,2016-11-30,1,Master,3,29759.3,37,23,0,2,50,4,53,1,3.41,False
858,Legal,Male,30,Developer,2015-02-14,9,Master,4,57270.1,39,9,11,10,100,12,68,1,3.54,False
859,Sales,Male,31,Associate,2019-06-16,8,Bachelor,3,58427.72,39,25,16,3,25,3,43,0,1.97,False
860,Legal,Female,33,Lead,2022-05-11,3,Bachelor,3,42576.39,60,25,12,10,0,9,70,3,1.98,False
861,HR,Female,34,Manager,2024-09-10,3,MBA,4,40187.71,39,20,10,4,25,11,37,0,3.27,False
862,Operations,Female,34,Associate,2019-01-26,3,MBA,3,39744.67,54,25,2,3,75,5,77,2,1.64,False
863,Sales,Male,27,Executive,2018-04-17,1,Diploma,4,29916.65,54,25,3,9,25,11,76,0,3.83,False
864,IT,Female,29,Analyst,2025-12-26,4,Diploma,3,48444.89,41,22,15,6,25,8,34,2,1.95,False
865,Legal,Female,37,Analyst,2020-08-31,5,Bachelor,3,46571.69,55,25,5,1,50,13,35,0,1.8,True
866,HR,Female,40,Developer,2018-08-02,7,Diploma,5,55301.9,43,21,1,8,0,6,75,0,4.56,False
867,Legal,Male,31,Developer,2022-05-25,1,MBA,4,38214.54,41,18,3,0,50,5,59,3,2.55,False
868,Legal,Female,29,Analyst,2023-10-05,4,Master,4,48788.87,36,15,8,5,0,12,72,2,2.21,False
869,Operations,Male,34,Developer,2022-08-20,0,Master,4,29709.76,41,20,17,9,50,3,68,2,4.89,False
870,Sales,Male,37,Lead,2025-08-11,5,PhD,3,40347.24,58,22,15,10,75,6,45,2,1.64,False
871,Operations,Female,32,Analyst,2016-04-23,4,PhD,3,45065.52,51,23,5,9,25,10,8,3,3.03,False
872,Operations,Female,32,Analyst,2015-02-09,7,Bachelor,3,46414.32,58,25,14,5,75,13,16,1,1.58,False
873,Marketing,Male,37,Executive,2025-11-25,6,MBA,4,48138.34,41,22,20,3,75,10,5,0,2.01,False
874,Sales,Male,34,Associate,2018-07-04,0,PhD,3,32836.76,45,19,16,10,0,7,32,2,3.3,False
875,HR,Female,38,Analyst,2023-04-02,1,Bachelor,3,33559.02,40,17,17,6,75,12,33,0,2.8,False
876,HR,Female,32,Associate,2020-01-05,1,MBA,2,30604.83,50,23,6,9,25,4,8,2,1.16,False
877,Marketing,Male,30,Developer,2025-03-21,9,PhD,3,60179.84,47,22,6,0,50,11,42,2,4.84,False
878,Marketing,Male,29,Associate,2021-01-30,7,PhD,3,51370.1,55,25,0,0,75,6,42,2,3.93,False
879,Legal,Male,24,Associate,2016-11-11,1,MBA,4,35290.73,59,25,6,7,100,6,75,2,2.42,False
880,Marketing,Male,34,Executive,2019-01-15,9,Diploma,4,54758.56,41,18,5,3,0,7,34,0,3.28,False
881,Legal,Female,28,Analyst,2021-01-27,5,Diploma,4,45093.23,41,15,0,7,0,9,27,1,4.66,False
882,Sales,Male,40,Lead,2024-11-21,9,MBA,4,50904.25,37,22,16,10,75,4,43,1,2.93,False
883,Marketing,Female,26,Executive,2026-02-10,2,MBA,3,34365.28,42,22,8,1,25,10,49,0,4.74,True
884,Operations,Male,31,Developer,2015-09-21,7,MBA,4,54977.63,41,20,8,10,50,6,56,1,2.35,False
885,Marketing,Female,26,Manager,2026-01-22,7,Master,3,56141.93,46,16,2,1,0,7,23,2,2.71,False
886,Legal,Male,31,Developer,2024-12-08,10,Master,4,57041.04,52,25,3,7,100,8,58,1,3.85,False
887,IT,Female,25,Developer,2023-02-12,4,Diploma,4,50269.98,54,25,7,3,25,9,43,3,3.81,False
888,IT,Female,25,Lead,2024-02-18,9,PhD,4,61206.79,50,25,1,9,75,3,55,2,2.23,False
889,Finance,Female,30,Manager,2020-01-13,0,Bachelor,4,38612.99,50,25,4,3,75,8,75,3,2.05,False
890,Operations,Female,35,Manager,2024-05-24,7,PhD,4,51991.32,38,18,8,5,100,3,63,1,4.66,False
891,Operations,Female,41,Manager,2019-09-03,6,Bachelor,3,44141.93,35,15,18,4,50,8,10,3,4.57,False
892,IT,Male,40,Analyst,2020-05-17,7,Master,5,58498.25,47,25,6,8,75,3,73,2,4.36,False
893,Legal,Male,24,Associate,2022-01-28,8,Bachelor,5,59692.24,47,14,8,7,50,6,80,1,3.35,False
894,HR,Male,29,Developer,2018-06-23,9,PhD,3,59555.84,41,11,16,9,50,12,41,2,3.48,False
895,Finance,Male,43,Developer,2019-11-26,0,PhD,3,33498.87,59,25,14,7,100,14,29,2,4.95,False
896,IT,Female,28,Manager,2023-12-11,9,MBA,3,59033.13,56,25,17,8,0,11,47,3,4.59,False
897,Finance,Male,29,Developer,2020-04-09,5,Bachelor,4,40435.75,38,21,18,3,0,14,46,0,4.4,False
898,Marketing,Male,28,Developer,2022-03-07,3,MBA,4,42808.08,37,14,2,10,50,13,63,3,1.17,False
899,Operations,Female,34,Developer,2023-09-18,0,MBA,3,34708.29,54,25,3,3,0,10,67,2,1.48,True
900,IT,Male,37,Lead,2017-09-07,9,PhD,3,62500.44,44,25,2,1,75,5,8,2,3.07,False
901,HR,Female,32,Manager,2016-12-24,7,MBA,4,51371.19,57,25,13,6,0,8,25,2,1.78,False
902,Finance,Female,27,Analyst,2022-06-02,6,Diploma,4,50819.43,58,25,7,4,100,11,42,2,2.69,False
903,Finance,Male,36,Developer,2023-04-19,0,Diploma,3,37662.83,42,21,19,4,100,7,27,2,4.33,True
904,Marketing,Male,32,Developer,2018-07-01,0,MBA,3,29757.2,52,24,12,7,100,4,68,2,2.55,False
905,Legal,Female,23,Analyst,2024-07-13,3,Diploma,3,38521.12,57,25,16,10,100,11,62,0,3.74,True
906,Operations,Male,26,Developer,2025-01-28,2,MBA,4,42065.98,58,22,17,1,0,14,69,2,1.58,False
907,Legal,Male,39,Analyst,2026-02-06,8,Master,4,55862.09,37,17,7,1,25,3,45,1,3.65,False
908,Legal,Female,40,Developer,2021-06-20,8,Diploma,3,52443.18,53,25,10,6,50,12,8,1,3.85,True
909,HR,Female,31,Associate,2024-08-21,2,MBA,2,35005.74,35,11,6,9,75,4,22,1,4.96,False
910,IT,Female,36,Developer,2022-11-29,3,Diploma,4,43799.87,60,25,19,5,25,13,74,2,4.56,False
911,IT,Male,37,Executive,2025-09-09,0,Master,3,27162.85,38,18,20,0,75,4,11,2,2.77,True
912,Finance,Female,29,Analyst,2025-03-05,9,Diploma,3,53388.24,36,14,1,4,75,5,31,0,1.73,False
913,Operations,Male,29,Executive,2019-02-07,0,Bachelor,3,33568.85,53,16,7,2,25,5,12,3,4.64,False
914,IT,Female,34,Executive,2025-02-18,6,Master,5,53745.43,46,15,3,0,75,10,60,0,2.87,True
915,Finance,Female,35,Manager,2016-05-07,6,PhD,4,49123.62,54,25,19,7,100,9,35,1,4.63,True
916,Legal,Male,25,Executive,2024-10-28,10,Bachelor,5,65060.12,40,18,15,5,25,7,72,2,1.96,False
917,Marketing,Female,29,Developer,2018-11-12,4,MBA,4,40693.48,60,25,20,1,100,6,49,0,3.12,False
918,Sales,Male,36,Manager,2022-03-30,8,Bachelor,3,57485.61,55,22,13,2,50,13,42,2,4.41,False
919,IT,Female,40,Executive,2021-01-11,2,MBA,3,33589.51,44,18,16,5,75,9,22,2,3.72,False
920,Finance,Female,30,Lead,2021-02-17,1,Master,2,31945.67,45,15,4,7,50,13,34,2,2.74,True
921,IT,Female,27,Associate,2017-02-19,9,Master,3,56097.69,56,25,19,10,100,12,6,2,3.82,False
922,HR,Male,28,Associate,2016-09-11,9,PhD,4,57732.71,48,15,18,10,25,13,15,0,3.02,False
923,Sales,Male,29,Developer,2024-04-03,10,MBA,4,60917.07,58,25,3,5,75,12,38,2,3.48,False
924,Operations,Male,30,Executive,2021-11-30,7,PhD,3,48779.51,57,25,9,2,100,3,25,1,1.78,False
925,Legal,Male,23,Associate,2020-04-07,1,Bachelor,3,33784.44,54,25,0,3,0,3,18,2,3.34,False
926,Legal,Female,36,Associate,2015-09-14,2,PhD,5,41047.34,35,18,16,0,0,13,78,2,4.82,False
927,HR,Female,21,Executive,2018-06-11,6,Bachelor,3,50714.44,56,25,9,4,75,5,56,3,2.88,False
928,IT,Female,21,Executive,2024-09-04,5,Master,3,41164.23,60,25,6,10,50,13,59,0,3.71,False
929,Legal,Male,27,Developer,2025-05-18,1,Master,3,27993.91,38,24,0,2,25,9,62,0,1.63,False
930,HR,Female,35,Analyst,2024-05-05,1,Bachelor,4,36269.24,51,17,1,2,75,10,57,0,3.98,False
931,Operations,Male,26,Associate,2017-04-22,6,Bachelor,4,55173.72,58,25,11,10,50,12,49,3,4.61,False
932,Legal,Female,33,Associate,2019-07-07,4,PhD,3,47387.36,37,21,7,3,50,3,5,3,3.85,False
933,Marketing,Male,31,Associate,2021-10-10,10,Diploma,2,63529.86,51,25,19,2,100,14,20,2,4.92,False
934,Marketing,Female,21,Manager,2024-04-05,8,Master,5,57180.13,38,24,19,10,0,11,80,2,3.02,False
935,Sales,Male,38,Manager,2015-08-22,5,Bachelor,3,43265.05,58,25,20,6,75,11,24,1,1.34,True
936,Sales,Female,30,Developer,2024-08-25,4,PhD,4,43646.44,37,19,18,7,0,13,75,1,3.48,False
937,Legal,Female,31,Analyst,2025-03-02,1,Diploma,4,32915.3,44,12,12,8,100,12,77,0,1.83,False
938,HR,Male,22,Executive,2016-01-25,7,MBA,4,52093.14,45,24,9,10,0,11,65,1,3.36,False
939,IT,Male,30,Developer,2021-08-10,8,Master,4,48781.3,57,25,14,4,50,14,23,0,4.63,False
940,Sales,Female,36,Analyst,2017-03-01,9,MBA,4,62466.33,42,20,18,9,75,14,53,3,2.15,True
941,Marketing,Male,30,Associate,2015-12-21,2,Bachelor,4,38921.1,36,16,6,5,100,13,52,2,4.5,False
942,Legal,Female,26,Manager,2018-01-05,7,Diploma,3,50403.97,43,25,14,3,25,3,50,0,3.37,False
943,Finance,Male,31,Associate,2016-05-06,4,Master,4,42270.05,50,20,6,0,0,9,80,0,1.18,True
944,HR,Male,31,Lead,2023-07-24,1,Diploma,3,38866.27,37,14,20,9,100,7,33,1,2.0,False
945,Marketing,Female,36,Developer,2019-05-03,1,PhD,2,33203.97,59,25,2,6,25,5,12,3,1.87,False
946,HR,Female,38,Manager,2016-11-24,4,Master,3,48434.26,58,25,5,6,50,12,70,2,4.91,True
947,HR,Female,38,Associate,2021-10-22,0,Master,3,40514.55,37,22,15,1,0,8,32,3,3.11,False
948,Operations,Female,31,Associate,2016-04-13,3,Diploma,3,42272.6,57,25,12,7,100,3,17,2,4.01,True
949,Operations,Male,42,Manager,2021-02-11,5,Bachelor,4,51709.42,35,22,5,2,25,14,67,3,3.14,False
950,Legal,Female,21,Manager,2021-03-05,5,MBA,3,46329.98,41,20,0,0,0,6,36,2,3.24,False
951,IT,Female,35,Executive,2022-03-28,9,Bachelor,4,59426.77,40,22,3,4,75,4,80,2,4.57,False
952,Marketing,Male,29,Manager,2023-01-04,9,MBA,4,62007.61,58,25,19,3,50,6,71,3,3.27,True
953,Operations,Female,21,Analyst,2018-08-24,4,Bachelor,3,46641.21,41,14,2,5,25,3,49,3,2.23,False
954,Marketing,Male,25,Developer,2015-06-28,3,MBA,3,40203.65,43,21,0,7,25,5,41,2,1.09,True
955,HR,Female,32,Developer,2016-06-10,10,Bachelor,3,62124.88,49,18,4,8,50,12,8,1,3.31,False
956,Legal,Female,33,Lead,2017-10-06,8,Diploma,4,58249.94,39,20,5,8,50,10,44,2,4.67,False
957,HR,Female,29,Developer,2025-11-26,1,PhD,3,37866.5,41,18,14,9,25,11,22,2,2.29,False
958,Finance,Male,33,Analyst,2015-03-30,5,Bachelor,4,49005.9,39,15,20,6,100,4,32,0,2.23,False
959,Sales,Male,28,Manager,2024-11-25,6,Bachelor,3,47102.86,39,18,16,5,50,11,51,0,3.11,False
960,Finance,Female,35,Executive,2017-07-22,9,Bachelor,4,59508.1,35,17,20,4,75,12,64,1,3.57,False
961,HR,Male,33,Analyst,2017-06-12,5,MBA,3,45720.08,48,17,1,9,25,13,32,3,3.01,False
962,IT,Male,24,Analyst,2023-11-24,2,Master,3,28351.15,52,25,5,3,50,11,38,1,4.51,False
963,Marketing,Male,32,Developer,2018-09-26,10,Master,4,55188.79,52,22,13,1,25,11,74,0,2.38,True
964,Marketing,Female,36,Manager,2015-05-05,5,Bachelor,3,51590.03,46,25,4,8,75,4,57,2,4.26,False
965,Sales,Male,27,Associate,2018-05-08,6,MBA,3,49958.78,53,25,20,6,0,7,45,2,3.87,False
966,Marketing,Male,23,Developer,2017-11-02,6,PhD,3,48865.64,52,25,8,1,100,14,12,1,1.94,False
967,Finance,Female,28,Executive,2025-02-10,10,Diploma,3,58079.41,57,24,19,5,50,14,13,0,1.08,False
968,Legal,Male,35,Developer,2015-09-17,4,MBA,4,35483.45,35,23,1,2,0,6,45,0,1.48,False
969,HR,Male,28,Analyst,2024-10-24,9,PhD,4,67496.3,57,23,6,4,25,7,64,3,2.28,False
970,Sales,Female,35,Executive,2017-10-16,6,Bachelor,4,46881.11,53,25,10,3,75,11,29,0,3.88,False
971,Marketing,Male,22,Manager,2022-03-04,9,Diploma,4,56617.41,46,22,0,3,75,6,60,0,2.87,False
972,Marketing,Female,25,Analyst,2020-12-06,3,PhD,3,35602.3,53,23,17,1,50,13,45,2,1.46,False
973,Finance,Female,34,Associate,2024-01-01,9,Diploma,4,61746.36,42,19,0,9,75,12,46,3,1.92,True
974,HR,Female,33,Developer,2024-11-13,10,Bachelor,3,60722.76,42,25,15,4,50,8,8,0,3.47,False
975,Finance,Female,29,Executive,2015-02-21,5,MBA,5,48699.5,41,20,2,2,50,10,78,2,2.65,False
976,Sales,Male,27,Manager,2024-11-16,7,Master,4,52822.91,44,25,12,3,0,9,77,0,4.99,False
977,Marketing,Male,36,Developer,2023-09-25,9,PhD,4,57488.54,42,17,6,9,75,12,79,2,3.5,False
978,Finance,Male,30,Lead,2024-04-08,6,Bachelor,3,50104.38,54,22,8,0,75,3,40,2,2.04,False
979,Operations,Male,41,Associate,2025-11-26,10,MBA,4,58679.06,57,21,15,5,0,10,31,1,4.47,False
980,HR,Male,31,Lead,2017-09-15,10,Master,3,65920.8,45,25,12,8,50,13,20,2,1.89,False
981,Sales,Female,31,Lead,2021-02-28,1,Diploma,3,27213.58,56,25,11,0,100,10,29,0,3.35,False
982,Legal,Male,28,Analyst,2022-04-30,4,MBA,5,48912.46,44,24,20,2,25,6,67,2,4.44,False
983,Operations,Female,38,Manager,2016-02-19,8,MBA,4,58082.95,42,23,18,0,25,14,53,1,2.73,False
984,Marketing,Male,23,Manager,2015-12-02,10,Diploma,2,55331.51,38,18,14,8,25,3,9,0,3.74,False
985,Legal,Female,36,Developer,2016-02-22,9,Master,3,58193.21,41,20,4,9,50,12,11,1,4.74,False
986,IT,Female,29,Executive,2016-09-23,0,PhD,3,26533.25,40,21,12,1,0,5,14,0,3.08,False
987,Operations,Male,24,Associate,2022-11-17,8,PhD,3,56927.51,59,25,5,2,0,12,5,2,2.08,False
988,Marketing,Male,32,Developer,2025-05-14,10,MBA,4,63977.9,43,23,1,9,25,5,76,1,2.94,False
989,Sales,Female,26,Lead,2025-03-14,1,PhD,4,30565.36,55,25,5,3,75,11,69,1,2.88,False
990,IT,Female,39,Executive,2017-02-27,7,Master,4,49601.85,38,14,7,7,100,10,79,1,3.69,False
991,HR,Female,28,Analyst,2025-03-01,5,Master,3,51163.51,49,22,13,7,25,6,37,2,4.21,False
992,Legal,Female,24,Lead,2018-07-21,6,Master,2,42276.78,59,25,2,2,75,11,8,0,4.85,False
993,Legal,Male,24,Developer,2025-03-05,10,PhD,4,61068.5,57,25,13,2,100,9,32,0,1.63,False
994,HR,Female,40,Analyst,2015-05-12,3,Bachelor,3,47753.06,58,25,19,10,25,6,20,1,3.92,False
995,HR,Male,32,Associate,2021-08-12,3,Bachelor,3,34000.44,39,17,1,5,75,13,7,0,1.54,True
996,Sales,Male,28,Associate,2017-12-27,2,Master,3,39911.9,55,22,19,0,25,5,24,0,1.77,True
997,Finance,Female,35,Lead,2017-12-19,2,MBA,4,37903.11,47,25,17,9,100,9,80,0,4.75,False
998,Finance,Female,31,Associate,2025-07-28,10,MBA,3,61016.97,45,17,2,9,25,10,63,0,2.23,False
999,Sales,Male,31,Associate,2024-10-06,2,Master,4,46616.52,38,24,20,2,100,6,75,3,3.75,False
1000,Legal,Female,37,Analyst,2025-04-15,2,PhD,3,38759.25,52,25,15,5,50,14,36,3,1.46,False
1001,Sales,Female,35,Manager,2024-02-19,5,Master,3,46011.88,43,17,5,2,100,5,11,2,1.87,False
1002,Marketing,Male,21,Analyst,2019-05-26,9,Bachelor,4,56404.17,59,25,13,2,50,3,56,1,2.02,False
1003,Legal,Male,31,Developer,2015-11-16,9,Master,4,55152.65,48,23,17,8,0,14,80,0,3.88,False
1004,HR,Female,36,Lead,2015-05-18,0,PhD,3,29191.01,38,21,16,4,0,7,31,2,4.93,True
1005,Marketing,Male,33,Developer,2016-06-02,1,Bachelor,2,30680.54,60,25,6,9,50,4,43,2,4.22,False
1006,Legal,Female,32,Lead,2023-02-15,8,Diploma,5,58322.23,50,25,7,4,50,12,69,0,1.63,False
1007,Legal,Female,21,Executive,2020-03-17,8,MBA,4,62002.08,43,17,20,4,100,5,47,3,4.88,False
1008,Operations,Male,38,Analyst,2021-08-24,9,Diploma,3,55794.64,38,13,1,4,75,10,49,0,2.76,False
1009,Marketing,Male,27,Manager,2018-08-21,1,MBA,4,35231.57,53,20,16,0,25,14,79,0,2.81,False
1010,Legal,Male,31,Analyst,2021-06-10,2,MBA,3,40840.33,54,25,0,3,75,8,67,1,2.41,False
1011,IT,Female,36,Manager,2021-09-21,10,PhD,4,62143.18,51,25,11,9,0,8,68,2,2.94,False
1012,Marketing,Male,38,Associate,2025-09-07,10,Bachelor,4,57982.34,49,23,9,10,25,11,25,0,3.04,False
1013,Marketing,Male,26,Executive,2022-11-20,7,Master,4,46189.65,49,22,16,6,25,4,36,0,4.37,True
1014,IT,Female,34,Executive,2021-02-15,4,Master,4,42465.92,36,23,7,8,25,4,73,1,4.68,False
1015,Operations,Male,28,Associate,2017-06-20,8,Bachelor,4,53218.52,42,17,20,5,50,3,14,2,3.73,False
1016,Marketing,Female,31,Lead,2016-05-27,1,Bachelor,4,39665.42,53,15,15,8,50,9,44,2,4.77,False
1017,IT,Male,32,Executive,2025-01-12,7,Diploma,3,51082.1,47,24,4,9,25,11,19,2,2.04,True
1018,Legal,Female,38,Associate,2023-11-15,4,MBA,3,48893.6,43,22,15,7,50,4,37,3,4.22,False
1019,Operations,Female,28,Manager,2022-05-03,9,Diploma,3,59564.12,41,21,10,9,75,13,15,1,2.17,False
1020,IT,Male,41,Developer,2018-02-16,10,Master,4,64995.56,51,18,20,5,100,6,66,2,3.27,False
1021,HR,Female,33,Manager,2017-10-22,4,Master,4,48306.05,60,25,3,10,50,9,77,3,4.5,True
1022,HR,Male,21,Lead,2018-02-26,1,Diploma,3,31887.2,56,25,10,4,50,10,35,1,3.54,True
1023,Legal,Female,31,Manager,2024-03-30,10,MBA,2,56293.27,49,22,11,0,100,8,18,1,4.38,False
1024,IT,Female,21,Executive,2022-05-21,7,MBA,4,45491.19,42,20,13,2,100,11,59,1,3.5,False
1025,HR,Female,33,Analyst,2019-08-14,2,Master,4,42070.09,37,22,8,10,75,6,71,2,2.05,False
1026,Legal,Male,31,Manager,2019-06-05,1,Bachelor,2,32417.62,57,25,0,5,100,5,24,0,3.8,True
1027,HR,Female,31,Analyst,2020-10-24,4,MBA,4,46993.7,36,23,1,7,50,7,49,2,3.69,True
1028,IT,Male,45,Lead,2019-09-22,7,PhD,4,53421.95,42,25,5,8,100,12,58,0,2.78,False
1029,Operations,Female,29,Associate,2024-06-20,3,MBA,3,34380.33,46,19,13,1,25,7,21,1,4.44,False
1030,IT,Male,34,Lead,2018-07-18,1,Bachelor,3,36936.91,49,25,5,1,75,12,22,1,1.42,False
1031,Finance,Female,50,Analyst,2022-08-26,4,MBA,3,46859.43,44,19,20,6,0,9,38,1,4.89,False
1032,Marketing,Female,38,Lead,2025-08-08,10,Diploma,4,61635.25,43,21,0,8,25,4,42,1,3.47,True
1033,Legal,Female,33,Associate,2022-12-18,3,Diploma,4,43930.71,54,25,19,2,50,5,73,3,4.56,False
1034,Operations,Female,34,Developer,2018-04-03,10,MBA,3,59983.0,53,25,2,9,50,5,47,1,2.22,False
1035,Legal,Female,30,Executive,2018-11-21,4,MBA,4,51657.03,48,19,1,7,25,12,76,2,4.43,False
1036,Marketing,Female,36,Executive,2018-01-12,10,MBA,3,62061.17,60,25,6,4,25,7,7,0,4.91,False
1037,IT,Male,24,Developer,2023-09-13,10,PhD,3,58967.39,54,23,9,2,100,13,48,2,4.78,False
1038,HR,Male,32,Associate,2021-04-18,9,PhD,5,60289.58,59,25,1,4,75,5,76,1,1.03,False
1039,HR,Female,27,Analyst,2025-01-02,0,PhD,3,35156.26,40,25,7,9,50,10,27,1,3.42,False
1040,Sales,Female,34,Lead,2020-06-04,4,Master,4,43635.38,43,17,20,1,100,7,80,3,2.18,False
1041,Marketing,Female,39,Manager,2015-10-04,8,PhD,3,51824.18,40,12,12,10,25,6,9,1,3.91,False
1042,Finance,Female,23,Developer,2016-02-14,5,PhD,4,55202.12,35,22,18,3,25,4,53,2,4.08,False
1043,IT,Male,31,Developer,2020-03-29,6,Master,4,51343.87,59,25,2,1,100,14,73,1,1.12,False
1044,Finance,Female,34,Analyst,2018-11-06,3,Bachelor,4,47484.29,59,25,0,1,0,9,77,3,3.35,False
1045,Legal,Female,28,Executive,2016-05-09,7,MBA,5,54574.51,48,25,19,8,75,11,76,3,2.29,False
1046,Marketing,Male,32,Manager,2022-11-26,5,Master,2,37597.67,49,24,6,10,0,13,27,2,3.5,False
1047,IT,Female,36,Developer,2017-08-21,9,MBA,4,66638.22,59,25,10,1,0,11,61,3,1.97,False
1048,IT,Female,33,Executive,2015-11-10,2,Diploma,4,41868.33,37,15,11,6,50,13,64,1,1.42,False
1049,Finance,Female,28,Developer,2017-11-25,2,Diploma,4,35010.81,47,23,20,1,100,5,73,2,3.26,False
1050,HR,Female,37,Executive,2020-09-25,10,Master,4,62760.82,56,23,7,3,75,3,70,1,2.45,False
1051,Marketing,Female,41,Analyst,2024-03-30,5,Diploma,4,44977.42,42,19,2,5,0,14,65,0,2.4,False
1052,HR,Male,32,Lead,2024-04-08,4,Master,3,43222.47,53,25,15,2,0,5,17,0,1.3,False
1053,HR,Female,38,Developer,2025-02-23,1,Diploma,4,32289.56,51,25,3,0,25,13,33,1,2.37,False
1054,Marketing,Female,33,Lead,2021-07-20,3,Bachelor,3,36346.21,35,22,4,8,0,8,31,2,3.2,False
1055,Marketing,Female,24,Lead,2017-12-26,8,MBA,4,52652.55,35,18,18,0,25,4,34,1,2.1,False
1056,Operations,Male,36,Executive,2025-07-08,10,PhD,5,67356.1,49,25,16,9,0,5,69,0,2.1,True
1057,Operations,Female,38,Analyst,2024-10-17,0,MBA,4,34625.0,60,25,15,1,75,6,80,0,4.63,False
1058,HR,Male,39,Associate,2016-05-07,3,Master,2,37078.77,37,18,19,2,25,14,13,1,3.89,False
1059,Finance,Female,31,Lead,2023-03-07,1,Bachelor,3,41715.46,60,25,12,6,50,8,43,3,2.21,False
1060,Sales,Female,48,Manager,2016-09-29,4,Bachelor,4,48409.76,54,25,3,0,100,11,80,3,1.53,False
1061,Marketing,Female,35,Manager,2018-08-02,0,PhD,4,30429.57,46,25,5,0,25,6,47,0,4.25,False
1062,Operations,Female,31,Associate,2020-02-21,6,Bachelor,2,40823.79,43,25,3,10,75,11,24,0,1.97,False
1063,HR,Male,24,Associate,2026-03-03,5,Diploma,3,49429.49,52,25,5,10,0,10,47,2,1.61,False
1064,Legal,Male,26,Associate,2015-04-08,8,Diploma,4,64030.76,57,25,9,4,75,3,74,2,1.96,False
1065,Operations,Male,27,Analyst,2015-04-02,1,MBA,3,32864.26,37,22,1,2,50,9,57,2,1.8,False
1066,IT,Female,24,Lead,2023-08-09,4,PhD,4,46962.06,48,18,3,9,50,12,72,3,1.88,False
1067,Marketing,Male,42,Manager,2022-10-14,8,Diploma,5,57590.8,58,25,18,0,100,9,79,1,2.68,False
1068,Legal,Female,36,Analyst,2025-09-27,2,Bachelor,4,47857.02,56,25,8,6,25,6,69,3,2.24,False
1069,Finance,Female,21,Developer,2016-01-05,3,MBA,3,39450.22,56,23,20,8,25,12,71,1,1.76,True
1070,Sales,Female,31,Manager,2016-01-15,6,Bachelor,4,49760.22,53,22,4,5,0,11,53,1,2.63,False
1071,Marketing,Male,33,Manager,2019-10-02,8,Bachelor,3,62663.93,42,25,13,5,0,14,17,2,1.16,False
1072,Operations,Male,31,Developer,2026-03-26,1,MBA,2,23477.04,51,25,10,5,100,9,16,0,2.94,False
1073,IT,Female,48,Executive,2023-01-09,4,MBA,2,39066.45,48,23,16,1,100,11,32,2,2.2,False
1074,HR,Male,27,Manager,2017-03-03,6,Bachelor,4,51921.6,56,25,14,7,75,14,73,3,1.78,False
1075,IT,Male,41,Lead,2018-01-24,10,MBA,4,68331.34,38,20,18,4,100,7,58,2,2.91,False
1076,Sales,Male,30,Analyst,2023-09-09,7,Diploma,3,48370.18,41,18,18,4,100,9,14,0,3.83,False
1077,HR,Male,45,Associate,2019-07-17,5,Master,4,47816.65,41,24,3,10,25,12,24,0,4.46,False
1078,Legal,Male,21,Executive,2017-02-19,7,Diploma,3,50525.7,42,17,9,3,0,13,26,3,3.37,False
1079,Legal,Female,32,Lead,2025-08-28,1,Bachelor,4,29561.5,43,23,10,2,25,6,69,0,4.73,True
1080,Operations,Female,43,Executive,2026-01-30,3,Master,4,41164.98,36,23,17,10,25,4,67,1,4.05,False
1081,Sales,Male,35,Executive,2018-04-05,6,Bachelor,4,55101.06,60,22,6,2,50,8,79,3,2.53,False
1082,Marketing,Male,24,Developer,2021-12-27,4,Bachelor,3,38686.08,53,23,14,9,0,12,43,0,2.9,True
1083,Operations,Female,21,Executive,2017-12-07,0,MBA,4,36863.72,49,25,6,10,75,13,74,3,2.2,False
1084,IT,Female,26,Manager,2016-04-05,2,Master,3,33747.16,44,24,3,6,50,13,51,1,2.85,False
1085,Finance,Male,24,Associate,2022-08-03,0,PhD,4,26351.01,40,16,13,3,100,14,79,0,3.71,False
1086,Operations,Female,23,Manager,2024-12-01,8,Diploma,3,55144.46,51,25,14,9,25,9,75,3,1.2,False
1087,Legal,Male,41,Manager,2019-05-27,6,PhD,3,40900.3,48,23,7,3,25,10,45,0,3.55,True
1088,Finance,Male,31,Executive,2018-09-05,7,Master,4,56117.79,51,23,8,3,100,9,79,0,4.73,True
1089,Finance,Male,25,Developer,2021-01-15,5,Master,3,50428.49,41,24,7,4,25,8,27,3,4.24,False
1090,Operations,Male,24,Lead,2016-04-30,7,Master,4,51482.98,39,14,2,5,50,14,40,0,4.57,True
1091,Finance,Female,23,Analyst,2017-01-01,6,Master,3,50457.71,51,25,12,8,50,5,23,2,2.1,False
1092,Finance,Male,34,Analyst,2015-11-27,10,PhD,2,60697.75,45,23,19,5,50,5,11,2,1.87,False
1093,HR,Female,33,Analyst,2017-08-20,3,Diploma,4,46041.14,54,25,9,7,75,3,45,2,3.36,False
1094,Sales,Female,26,Executive,2016-04-12,9,Diploma,4,63086.01,41,20,0,0,100,11,42,3,2.44,False
1095,IT,Male,41,Lead,2016-02-18,1,Bachelor,3,32796.56,41,20,17,6,0,12,64,0,4.14,False
1096,IT,Female,26,Manager,2024-07-26,4,Master,4,44679.86,41,25,18,0,100,6,74,1,4.31,True
1097,Legal,Male,27,Manager,2022-04-22,10,MBA,4,67375.21,53,22,5,3,0,8,20,3,2.05,False
1098,HR,Female,32,Executive,2019-08-03,8,Bachelor,4,52394.2,55,23,0,8,50,12,39,0,2.5,False
1099,IT,Male,25,Manager,2024-04-07,5,Bachelor,3,40577.05,60,25,5,2,50,6,5,0,3.97,False
1100,Legal,Female,34,Executive,2016-09-11,7,Bachelor,2,54143.5,57,25,7,0,0,12,8,3,1.67,False
1101,Legal,Female,22,Lead,2018-02-06,8,MBA,4,56674.54,48,20,5,9,0,7,31,1,4.23,False
1102,Sales,Male,26,Associate,2023-11-27,5,PhD,3,45803.65,49,25,12,5,0,7,22,2,4.22,False
1103,Operations,Female,41,Manager,2017-03-20,8,PhD,4,59964.81,45,22,18,0,0,5,50,2,4.14,False
1104,Marketing,Male,32,Analyst,2015-12-30,1,Bachelor,3,34534.36,43,18,4,6,100,4,19,3,3.29,False
1105,IT,Male,33,Executive,2023-10-15,7,PhD,3,42750.93,47,18,17,4,0,14,63,0,2.65,False
1106,IT,Male,28,Manager,2025-03-30,5,MBA,4,45460.13,38,16,15,8,0,3,58,0,4.71,True
1107,Marketing,Female,36,Developer,2023-10-13,7,Master,3,48704.39,39,14,14,0,50,5,44,1,3.27,False
1108,Sales,Male,30,Executive,2017-04-10,2,PhD,5,40682.54,51,25,15,4,100,4,65,3,3.24,False
1109,Finance,Female,25,Executive,2025-03-04,0,MBA,4,26796.39,54,25,2,1,100,10,65,0,1.26,True
1110,HR,Male,40,Analyst,2018-07-11,8,Bachelor,3,48917.33,54,25,16,3,50,6,16,3,3.41,False
1111,Operations,Male,33,Associate,2020-02-23,0,PhD,3,38426.07,40,21,6,9,75,8,28,3,3.5,False
1112,HR,Male,38,Lead,2020-05-19,8,Bachelor,4,58589.49,44,25,2,4,0,9,69,3,2.17,False
1113,HR,Female,30,Developer,2025-10-02,3,Bachelor,3,32582.61,59,25,6,6,50,4,42,0,2.89,False
1114,Operations,Female,26,Lead,2017-03-14,1,MBA,3,36085.17,48,25,0,1,50,13,27,2,2.61,False
1115,Operations,Female,34,Lead,2017-05-05,5,Bachelor,3,53282.05,40,20,5,6,50,10,57,2,3.63,False
1116,Sales,Male,34,Associate,2019-05-14,0,Diploma,3,27821.28,39,18,7,3,0,12,23,1,4.2,True
1117,Legal,Female,34,Developer,2016-10-16,8,Diploma,3,47457.8,39,18,11,6,75,4,51,1,3.08,False
1118,IT,Male,35,Analyst,2018-02-18,1,Diploma,3,36109.59,51,25,12,9,50,4,71,2,1.01,True
1119,Operations,Male,27,Developer,2019-10-21,8,Master,3,59089.45,38,25,20,6,25,5,50,1,2.27,False
1120,Finance,Female,43,Executive,2022-10-11,8,MBA,4,54674.41,38,24,7,9,0,13,74,0,2.1,False
1121,IT,Male,35,Manager,2020-08-19,4,Bachelor,4,49904.15,54,25,13,4,25,4,58,3,1.84,False
1122,Legal,Male,36,Lead,2021-03-13,10,MBA,3,61361.89,52,25,8,10,75,7,19,1,3.94,False
1123,IT,Female,21,Executive,2015-01-28,9,Master,3,59153.36,48,25,2,8,75,6,5,2,3.28,False
1124,Legal,Male,22,Manager,2015-10-01,3,Master,2,34919.75,51,24,15,0,50,13,13,2,4.86,False
1125,Sales,Female,25,Lead,2015-12-31,10,Master,5,64630.12,45,19,20,6,100,14,63,0,4.79,False
1126,Sales,Female,21,Analyst,2025-03-18,1,MBA,2,34462.32,57,25,16,8,75,3,22,1,4.13,False
1127,IT,Male,29,Lead,2016-09-21,9,MBA,4,53127.02,35,18,16,9,75,12,58,0,4.71,False
1128,Sales,Male,33,Manager,2016-01-04,7,PhD,4,53493.69,54,25,3,5,50,11,47,1,1.71,False
1129,Legal,Male,33,Manager,2025-07-23,3,Diploma,2,40870.13,47,24,20,2,100,9,10,2,4.05,False
1130,Sales,Male,35,Executive,2019-02-28,5,Diploma,4,43908.14,60,25,6,1,75,7,70,1,4.09,False
1131,Legal,Male,46,Lead,2017-07-26,2,PhD,4,42002.63,59,25,8,4,50,13,12,2,2.0,True
1132,Operations,Male,24,Manager,2025-05-19,6,MBA,2,48566.06,46,25,20,7,50,10,6,3,1.95,True
1133,HR,Male,26,Associate,2017-07-12,0,Diploma,3,34980.97,39,20,7,4,75,11,20,2,3.34,True
1134,Marketing,Male,38,Developer,2021-07-22,5,Master,3,48367.88,52,22,6,8,75,3,40,3,4.83,False
1135,Legal,Female,27,Manager,2018-09-08,7,Master,4,58391.52,36,16,0,5,100,13,42,1,1.09,False
1136,Finance,Male,23,Lead,2022-01-30,8,PhD,4,50396.83,38,18,9,6,25,4,51,1,4.61,False
1137,Finance,Female,26,Manager,2021-12-15,0,Bachelor,3,27663.59,60,25,9,10,25,6,61,3,3.54,False
1138,Sales,Female,32,Analyst,2024-01-12,6,Bachelor,2,42781.31,54,24,7,4,75,11,31,0,1.4,True
1139,Marketing,Female,31,Associate,2024-02-03,9,PhD,5,68812.01,42,14,19,0,50,4,35,3,4.47,False
1140,Operations,Female,31,Associate,2023-12-03,8,Bachelor,3,56174.63,60,24,5,9,100,10,45,2,4.7,False
1141,Legal,Male,33,Manager,2021-12-31,10,Bachelor,3,54914.16,60,25,8,9,0,6,69,2,4.82,False
1142,Sales,Male,34,Developer,2020-06-24,7,Bachelor,4,56372.54,60,24,1,10,100,13,70,2,1.14,False
1143,Legal,Female,24,Manager,2022-11-01,3,Bachelor,2,36400.78,60,20,2,3,0,7,15,1,1.59,False
1144,Finance,Male,27,Manager,2016-04-03,7,PhD,3,49998.42,59,25,11,7,75,13,6,1,4.7,False
1145,Legal,Female,35,Analyst,2022-04-16,2,Bachelor,3,35352.55,37,10,17,0,50,14,35,1,2.22,False
1146,Marketing,Male,33,Lead,2016-10-22,8,MBA,4,57995.93,49,25,1,0,100,11,74,1,1.19,False
1147,Marketing,Female,23,Associate,2021-08-25,2,Bachelor,3,42243.86,49,21,12,9,25,12,71,3,2.77,False
1148,IT,Male,30,Developer,2022-05-27,6,Bachelor,4,47246.07,55,25,11,9,25,11,66,0,3.71,False
1149,IT,Female,32,Associate,2017-03-10,4,Master,4,47549.32,35,21,4,9,50,13,80,3,2.51,False
1150,Legal,Male,23,Developer,2017-04-12,3,Bachelor,3,39540.22,42,19,13,1,25,13,23,2,2.02,False
1151,HR,Male,21,Lead,2021-12-04,9,Bachelor,3,59941.63,60,25,12,0,50,3,10,1,2.11,False
1152,Sales,Female,25,Associate,2018-10-05,4,Diploma,4,43527.12,49,21,7,4,100,3,44,3,2.41,True
1153,Sales,Male,37,Manager,2020-04-21,6,PhD,4,50471.22,45,20,18,10,50,4,44,2,2.23,False
1154,IT,Male,23,Manager,2018-05-06,0,Diploma,3,30428.24,46,18,15,9,100,4,22,0,1.11,False
1155,Sales,Male,32,Analyst,2019-02-14,7,MBA,4,49094.46,48,25,3,0,25,11,31,0,4.36,False
1156,Sales,Female,24,Lead,2015-04-17,0,PhD,4,26650.84,51,21,11,3,25,6,78,0,2.73,False
1157,IT,Male,28,Manager,2018-02-12,6,PhD,3,42259.54,38,18,5,6,100,8,50,0,4.53,True
1158,Operations,Female,43,Manager,2019-06-27,5,PhD,4,46537.64,58,25,3,1,50,10,64,0,1.67,False
1159,Legal,Female,34,Analyst,2024-12-03,8,Bachelor,4,59028.38,60,25,2,1,50,5,26,1,2.36,False
1160,Marketing,Male,42,Developer,2015-08-12,8,Bachelor,3,57031.91,54,24,8,7,0,5,17,1,4.04,False
1161,Legal,Male,21,Executive,2018-03-12,5,Diploma,3,47900.09,49,25,12,8,100,4,22,1,1.53,False
1162,Sales,Male,31,Manager,2017-05-05,7,MBA,4,56849.26,51,16,7,7,25,6,24,3,1.14,False
1163,IT,Female,36,Manager,2016-05-27,1,Bachelor,3,33323.54,39,20,9,4,25,8,54,1,1.81,False
1164,Sales,Female,33,Manager,2024-09-29,4,Diploma,2,40752.05,39,24,16,10,25,7,8,1,3.41,False
1165,Marketing,Male,31,Associate,2022-10-15,6,Bachelor,4,47758.3,53,19,1,6,50,8,76,1,3.96,True
1166,Legal,Female,26,Lead,2025-05-18,5,Diploma,3,43458.48,49,25,1,5,25,6,19,2,3.93,False
1167,Marketing,Female,39,Associate,2016-11-11,3,PhD,3,40518.24,43,21,15,8,100,12,22,2,4.87,False
1168,Finance,Male,28,Executive,2022-06-22,9,Diploma,4,55290.53,36,19,7,10,100,6,69,0,4.54,False
1169,Marketing,Male,41,Associate,2017-02-11,1,Diploma,3,31627.87,60,25,19,8,50,13,30,0,2.81,False
1170,HR,Female,32,Lead,2018-07-15,8,Bachelor,5,60267.04,52,25,11,1,0,11,79,3,1.13,False
1171,HR,Male,38,Associate,2022-05-26,2,Diploma,4,38098.59,47,20,2,8,50,6,66,0,4.28,False
1172,Operations,Male,24,Developer,2024-08-14,6,PhD,4,50911.82,41,22,9,10,100,5,61,3,1.42,True
1173,IT,Female,32,Associate,2018-06-28,6,Master,4,51151.35,60,25,17,3,100,14,48,1,2.53,True
1174,Sales,Female,36,Developer,2023-02-13,9,Master,4,59055.82,52,23,8,6,100,4,62,1,2.21,False
1175,Operations,Male,26,Analyst,2025-04-10,4,PhD,3,44721.31,36,17,17,2,100,13,26,3,2.23,False
1176,Operations,Female,24,Lead,2018-10-07,10,PhD,3,62601.15,50,25,0,1,25,3,45,1,3.2,False
1177,Sales,Male,27,Developer,2024-06-18,1,PhD,2,24293.08,41,25,5,2,0,5,12,1,4.61,True
1178,Finance,Female,28,Analyst,2024-01-22,6,PhD,4,51228.22,55,25,13,3,0,6,66,2,3.21,False
1179,IT,Male,42,Developer,2019-06-27,1,MBA,3,33383.69,46,24,14,10,0,9,80,0,4.89,False
1180,Legal,Male,21,Lead,2021-07-27,10,PhD,2,58321.28,45,21,16,4,25,13,23,1,2.37,True
1181,Finance,Female,27,Lead,2021-12-30,8,Master,4,62099.91,40,23,5,5,0,7,77,3,2.6,False
1182,Sales,Female,41,Executive,2015-03-14,0,Bachelor,3,31685.92,41,15,3,9,0,4,26,2,2.13,True
1183,Operations,Male,30,Developer,2026-03-22,9,Master,3,57752.56,46,21,6,3,75,9,34,3,4.51,False
1184,Marketing,Male,40,Executive,2025-03-18,8,PhD,4,58398.17,58,25,3,5,25,10,44,0,3.63,False
1185,Legal,Female,31,Analyst,2022-01-11,2,PhD,4,48546.45,52,23,8,5,25,8,55,3,3.94,False
1186,HR,Male,28,Executive,2021-04-03,1,MBA,4,35778.52,50,23,16,10,0,3,75,1,1.04,False
1187,Finance,Male,42,Executive,2025-05-04,1,MBA,4,33860.84,58,25,12,2,0,14,24,1,1.71,False
1188,Legal,Female,35,Manager,2019-11-15,2,Bachelor,4,37718.89,52,25,7,7,100,3,39,2,4.25,False
1189,Legal,Female,31,Executive,2024-03-10,1,MBA,3,32451.95,52,25,3,10,100,5,61,3,2.42,False
1190,Legal,Female,24,Lead,2022-04-28,3,Master,3,39150.49,37,22,6,6,100,11,14,2,1.15,False
1191,HR,Female,30,Lead,2019-01-23,6,Diploma,4,50407.49,35,19,8,2,0,14,64,3,3.3,False
1192,Sales,Female,27,Developer,2016-08-18,1,PhD,3,34721.68,52,20,14,6,75,3,29,0,4.8,False
1193,Operations,Female,25,Manager,2017-02-24,6,PhD,3,46839.33,43,18,3,2,0,5,14,1,2.16,False
1194,IT,Female,37,Manager,2023-08-26,7,PhD,4,47707.67,38,21,20,1,100,8,13,0,2.04,False
1195,Sales,Female,24,Analyst,2023-07-02,1,Diploma,3,44485.18,53,24,4,6,100,7,16,3,4.68,False
1196,Legal,Female,23,Analyst,2023-06-26,3,Master,4,33961.75,58,25,9,3,50,12,74,1,2.88,False
1197,Legal,Female,38,Analyst,2021-11-03,9,Diploma,4,54766.36,55,25,6,0,100,10,34,0,1.9,False
1198,Operations,Male,31,Associate,2019-02-18,1,Diploma,3,30589.97,55,25,8,7,100,7,33,0,2.67,False
1199,HR,Female,21,Manager,2018-04-07,0,PhD,4,34026.93,47,24,6,6,0,3,35,2,4.44,False
1200,IT,Male,34,Lead,2017-08-14,2,Bachelor,3,33030.26,48,25,16,10,100,3,17,1,3.06,True
1201,Sales,Female,25,Analyst,2021-06-26,5,MBA,3,45100.08,43,24,13,10,75,10,12,3,4.01,True
1202,Legal,Male,30,Analyst,2024-04-27,0,Master,3,35239.42,48,19,11,5,25,4,45,2,1.14,False
1203,IT,Male,34,Lead,2024-01-07,7,Diploma,3,50018.26,51,23,5,0,75,10,32,0,4.6,False
1204,Marketing,Male,42,Manager,2021-08-19,10,PhD,3,61836.39,59,25,11,7,25,7,26,3,4.08,False
1205,IT,Female,35,Executive,2025-05-04,4,Bachelor,3,46443.99,50,25,20,6,75,12,28,3,1.58,True
1206,Sales,Female,24,Developer,2023-04-03,10,Diploma,3,60774.87,46,22,19,1,75,3,54,3,2.74,True
1207,Legal,Female,39,Executive,2017-05-17,3,Bachelor,3,38142.36,51,21,1,9,50,4,10,1,4.38,False
1208,Legal,Female,27,Developer,2025-08-12,2,MBA,4,40076.61,44,20,14,6,50,5,29,2,2.3,True
1209,HR,Female,25,Executive,2015-05-07,8,Master,3,50539.8,46,23,16,5,75,10,26,1,2.59,False
1210,Marketing,Female,34,Manager,2016-01-23,7,MBA,4,54897.4,46,23,13,9,75,3,63,3,3.91,False
1211,HR,Male,33,Associate,2024-08-14,0,Diploma,3,33163.17,53,25,17,9,100,5,45,3,2.23,False
1212,Legal,Female,23,Manager,2020-12-02,0,Master,3,30694.38,41,18,1,6,25,9,74,3,2.67,False
1213,HR,Male,36,Lead,2015-12-11,0,Bachelor,3,28996.22,58,25,9,2,25,3,63,0,4.29,False
1214,Operations,Male,30,Analyst,2020-12-26,3,Bachelor,4,38922.43,55,14,19,0,100,7,9,0,1.12,False
1215,Legal,Male,42,Executive,2019-01-17,5,MBA,5,55002.61,51,25,17,0,50,11,58,3,4.74,False
1216,Legal,Male,22,Executive,2017-05-10,7,Diploma,4,59839.13,38,19,1,1,25,12,47,3,2.94,False
1217,Operations,Female,27,Executive,2018-02-19,0,PhD,3,34071.64,46,23,18,5,0,8,15,2,3.04,False
1218,Finance,Male,38,Associate,2017-10-28,2,Diploma,3,32398.56,58,25,0,4,75,8,22,1,4.63,False
1219,Operations,Male,32,Associate,2019-09-01,9,PhD,3,56131.14,41,14,10,10,0,3,6,1,3.77,False
1220,Operations,Female,29,Developer,2018-12-14,3,Diploma,4,41248.99,47,21,17,8,50,10,73,1,3.36,False
1221,HR,Male,34,Developer,2020-03-16,0,Master,4,37585.9,55,25,8,2,50,8,49,3,2.74,False
1222,HR,Male,21,Manager,2017-12-27,1,Bachelor,4,45852.35,52,25,6,4,100,12,72,3,3.7,False
1223,IT,Female,33,Manager,2017-07-18,9,Master,3,65406.99,38,20,5,9,25,11,34,2,4.17,False
1224,Operations,Male,28,Lead,2021-08-23,1,Diploma,4,27372.54,39,19,1,5,50,13,53,0,1.5,False
1225,Marketing,Male,21,Executive,2019-07-31,7,Diploma,4,53276.6,47,24,9,10,0,7,70,3,2.32,False
1226,Legal,Female,35,Executive,2020-08-19,0,Bachelor,3,35491.39,56,24,20,10,100,5,10,2,3.24,False
1227,IT,Female,29,Associate,2020-10-10,6,Bachelor,2,49151.72,59,25,12,5,100,3,8,2,4.25,False
1228,Operations,Male,38,Developer,2024-11-18,3,Master,3,43498.84,58,25,18,9,75,12,8,2,1.54,False
1229,Operations,Male,34,Associate,2017-02-04,5,MBA,3,51763.08,53,25,20,9,0,4,48,3,4.29,False
1230,Finance,Male,31,Manager,2022-03-10,4,PhD,4,41920.52,44,25,17,3,25,5,77,1,4.43,False
1231,IT,Male,31,Analyst,2021-10-21,10,Diploma,5,62907.89,36,21,8,1,50,11,77,1,4.51,True
1232,Legal,Male,37,Analyst,2024-12-04,4,PhD,4,42127.33,47,25,9,3,50,12,9,0,2.76,False
1233,Sales,Female,21,Lead,2024-12-17,10,Bachelor,4,60963.6,50,25,5,6,100,12,61,0,4.43,False
1234,Sales,Female,40,Developer,2024-03-28,3,Bachelor,4,44780.17,47,25,8,1,75,10,52,1,3.69,False
1235,Sales,Female,35,Developer,2023-04-06,7,PhD,2,53676.8,39,21,6,4,100,12,16,3,3.5,False
1236,Marketing,Female,41,Analyst,2017-02-22,5,Bachelor,3,45098.13,47,25,17,8,50,10,64,0,2.55,False
1237,Marketing,Male,29,Lead,2018-11-25,6,PhD,3,49727.35,36,20,19,0,25,13,70,3,3.78,False
1238,HR,Male,29,Associate,2019-07-28,0,Diploma,4,30128.07,59,25,8,7,0,12,72,2,1.78,False
1239,Legal,Male,25,Executive,2025-10-27,1,MBA,2,24368.24,54,25,16,1,75,8,10,2,1.2,False
1240,Sales,Male,36,Developer,2022-11-15,4,MBA,4,50361.71,56,25,0,4,25,13,53,1,1.91,False
1241,Operations,Female,26,Associate,2017-02-17,3,Diploma,4,41411.55,59,25,17,5,50,14,68,0,1.62,False
1242,Finance,Female,35,Lead,2024-08-03,6,Diploma,3,52225.45,60,25,3,1,100,7,44,2,4.52,False
1243,Sales,Male,33,Associate,2019-10-06,0,MBA,4,29317.23,45,23,6,10,0,6,32,0,4.42,False
1244,Sales,Male,29,Lead,2019-01-06,8,Bachelor,4,53519.31,56,24,13,6,75,6,41,3,3.85,False
1245,Legal,Female,31,Analyst,2015-03-02,1,Bachelor,3,34857.99,60,25,4,4,25,10,8,3,4.6,False
1246,IT,Female,36,Manager,2021-03-02,10,Master,4,55846.0,46,24,2,3,100,7,50,0,3.55,True
1247,HR,Male,30,Lead,2025-12-08,2,Bachelor,2,32387.13,48,25,15,3,25,3,6,1,3.95,False
1248,Operations,Female,35,Analyst,2021-03-20,4,Master,4,45787.35,42,16,20,0,100,13,64,3,3.79,False
1249,IT,Male,21,Lead,2017-03-25,4,Master,3,45798.18,49,20,8,5,50,5,25,3,2.02,False
1250,IT,Female,25,Manager,2023-06-13,10,Master,5,66410.13,52,25,12,10,0,9,56,3,1.3,False
1251,Marketing,Female,28,Developer,2024-02-09,10,Diploma,4,55996.14,57,24,20,5,100,11,16,0,3.31,False
1252,Operations,Female,37,Lead,2022-06-20,10,Master,4,64541.15,53,22,8,9,75,9,6,2,2.9,False
1253,Sales,Male,28,Manager,2024-10-14,8,Diploma,4,58841.43,55,25,1,10,75,11,69,1,1.57,False
1254,Marketing,Female,35,Associate,2024-10-29,1,PhD,4,31275.23,42,25,3,10,75,3,62,0,1.19,False
1255,Marketing,Female,28,Manager,2022-01-15,3,Bachelor,4,44234.26,52,25,1,2,100,6,68,3,3.6,False
1256,Finance,Male,25,Manager,2025-03-03,5,Bachelor,4,52944.27,47,23,2,9,50,13,46,1,4.15,False
1257,Marketing,Female,29,Manager,2021-04-03,6,Bachelor,4,48652.98,40,18,20,0,50,9,77,1,2.12,True
1258,IT,Female,30,Executive,2020-10-09,2,Bachelor,3,37222.53,39,17,17,3,100,6,33,0,2.38,False
1259,HR,Female,35,Associate,2015-02-14,8,Diploma,3,55731.73,55,25,19,8,75,14,42,2,4.57,False
1260,HR,Female,36,Associate,2025-11-24,8,Diploma,4,56200.56,57,25,6,6,75,11,19,2,3.38,False
1261,Sales,Male,36,Associate,2021-11-27,7,Diploma,3,53400.39,37,18,6,7,75,11,27,1,1.49,False
1262,Marketing,Female,39,Analyst,2016-03-30,8,Master,2,52984.59,46,20,8,3,75,13,31,2,3.28,False
1263,IT,Female,32,Manager,2015-03-30,9,MBA,4,55514.38,40,21,3,4,50,7,44,0,1.31,True
1264,HR,Male,23,Associate,2024-03-30,10,Master,4,64105.41,56,25,15,6,25,10,47,1,4.36,False
1265,Operations,Female,24,Analyst,2021-07-22,4,Diploma,4,47510.32,60,25,3,7,25,13,63,2,3.63,False
1266,Operations,Male,29,Developer,2015-12-26,0,Diploma,3,24008.71,59,25,17,4,50,8,49,1,1.12,False
1267,Operations,Male,39,Lead,2021-06-11,10,MBA,4,52574.24,57,23,7,0,75,4,53,0,2.33,False
1268,Marketing,Female,25,Analyst,2019-02-01,4,Bachelor,3,39878.96,35,15,17,2,25,14,9,1,3.14,False
1269,HR,Female,24,Associate,2023-07-30,5,PhD,3,41193.12,49,21,7,8,50,9,60,1,4.84,False
1270,HR,Male,33,Executive,2017-05-14,4,Bachelor,4,43360.14,52,21,16,7,25,4,47,0,3.25,True
1271,Sales,Female,28,Executive,2025-05-04,8,MBA,3,55184.87,35,19,9,6,100,12,14,2,1.05,True
1272,HR,Male,37,Associate,2024-10-10,7,PhD,4,55964.26,40,12,19,5,0,13,62,2,1.63,False
1273,IT,Female,28,Developer,2024-06-27,1,Diploma,3,32896.18,40,10,15,7,50,12,38,1,3.42,False
1274,Operations,Male,30,Lead,2019-04-03,5,Master,4,51256.84,48,25,6,8,0,9,45,1,3.63,False
1275,IT,Male,31,Lead,2022-12-22,7,MBA,4,57355.6,50,24,8,1,50,14,54,2,1.77,False
1276,Sales,Female,30,Lead,2020-10-02,6,MBA,3,48339.01,46,23,0,8,0,12,49,2,1.2,False
1277,Marketing,Female,27,Developer,2016-05-22,5,PhD,4,50438.22,43,23,10,6,25,10,50,3,1.38,False
1278,Marketing,Male,25,Developer,2015-11-16,1,MBA,4,36160.52,56,25,16,6,25,5,70,1,4.47,False
1279,Sales,Male,34,Developer,2020-06-24,3,Bachelor,4,38289.45,55,24,17,9,0,11,72,0,2.07,False
1280,Operations,Female,29,Lead,2020-08-02,10,MBA,5,64758.22,44,22,6,1,50,7,58,2,2.4,False
1281,Finance,Female,30,Manager,2021-01-18,7,MBA,3,52801.3,46,14,17,1,0,10,55,3,4.32,False
1282,Marketing,Male,23,Analyst,2020-05-24,3,Master,4,40952.63,53,23,10,4,0,4,27,0,2.54,True
1283,Operations,Female,31,Executive,2015-04-28,4,Diploma,4,42636.59,60,25,18,5,50,3,64,0,4.76,False
1284,Marketing,Female,34,Associate,2020-01-30,4,Diploma,3,45555.19,60,25,1,2,100,12,39,2,2.87,False
1285,Legal,Female,35,Executive,2021-10-11,2,Bachelor,4,43187.43,38,22,0,7,100,11,57,3,1.74,False
1286,Sales,Female,42,Manager,2024-07-05,2,Master,3,41338.02,53,25,0,4,25,7,35,0,1.78,True
1287,HR,Female,29,Analyst,2017-12-30,2,MBA,4,50580.1,46,20,1,5,50,12,69,3,1.43,False
1288,Legal,Female,31,Lead,2024-08-03,3,MBA,3,45678.12,49,25,11,4,0,4,27,3,1.01,False
1289,Finance,Female,24,Associate,2018-11-24,2,PhD,2,33055.0,52,22,10,1,75,5,5,3,1.57,True
1290,Marketing,Male,22,Associate,2017-02-21,4,Master,4,43194.89,60,25,2,3,50,5,80,1,3.68,False
1291,Finance,Male,36,Associate,2019-06-18,5,Diploma,4,46799.93,43,23,12,7,75,10,37,0,1.21,False
1292,Marketing,Male,23,Analyst,2019-01-27,2,Master,4,41549.35,38,12,18,2,25,6,40,1,3.39,False
1293,Operations,Female,33,Analyst,2016-09-11,9,PhD,2,60135.56,58,25,4,10,0,11,17,2,4.22,False
1294,Marketing,Male,36,Analyst,2019-06-08,4,PhD,4,45204.56,41,17,11,5,25,5,8,1,4.64,False
1295,Marketing,Female,42,Associate,2015-08-21,6,Diploma,3,51585.34,49,25,8,0,100,10,33,3,1.68,False
1296,Marketing,Male,36,Executive,2024-03-03,9,Diploma,4,56227.68,43,24,11,10,100,9,59,1,4.68,False
1297,Finance,Male,37,Manager,2018-06-05,2,Master,4,43056.88,39,20,18,1,50,12,68,3,1.99,True
1298,Sales,Male,35,Manager,2018-07-27,9,Diploma,3,57728.16,39,14,17,8,75,5,22,1,1.87,False
1299,Sales,Male,38,Developer,2016-06-20,10,PhD,3,65336.14,48,22,17,9,75,12,13,3,3.06,False
1300,Sales,Male,27,Executive,2021-05-07,6,Bachelor,4,52861.3,38,19,16,5,75,4,58,3,2.14,False
1301,Sales,Male,44,Associate,2015-08-25,7,Diploma,4,50019.64,45,19,6,10,50,3,64,0,3.25,False
1302,IT,Male,28,Associate,2025-09-16,6,PhD,5,52561.46,41,24,8,5,75,7,71,2,4.47,False
1303,IT,Female,27,Associate,2019-07-19,3,Master,4,41831.02,36,18,19,0,25,8,16,2,4.3,False
1304,Marketing,Male,39,Lead,2015-06-27,6,Bachelor,3,48565.69,41,20,17,8,75,9,42,2,1.59,False
1305,HR,Female,45,Lead,2021-01-05,4,MBA,4,41265.82,45,21,16,1,50,14,29,0,2.14,False
1306,IT,Male,36,Manager,2015-03-03,5,PhD,3,48697.87,38,15,12,8,50,11,79,3,3.8,False
1307,HR,Female,36,Associate,2023-11-11,1,PhD,3,32911.22,40,20,15,6,25,11,46,2,1.97,True
1308,Sales,Male,28,Analyst,2025-03-05,0,Master,3,29499.86,36,18,12,1,0,14,63,1,4.32,True
1309,IT,Female,29,Analyst,2022-01-05,4,Bachelor,2,39843.89,47,20,4,3,75,11,12,2,2.25,False
1310,Legal,Female,25,Manager,2021-01-13,1,Master,4,35282.38,52,25,0,1,75,12,78,1,2.55,False
1311,Sales,Female,27,Analyst,2019-12-30,9,Bachelor,4,55845.09,55,25,1,4,25,13,67,1,4.71,False
1312,Marketing,Female,42,Analyst,2023-09-20,5,PhD,3,43300.16,53,24,3,5,50,11,46,1,1.8,False
1313,Sales,Female,23,Executive,2025-02-12,10,Master,4,60193.79,56,25,10,3,75,12,11,0,3.45,True
1314,Operations,Male,37,Developer,2023-01-01,0,Bachelor,5,32763.25,49,23,14,1,75,8,56,0,2.19,False
1315,IT,Male,38,Manager,2019-07-16,0,PhD,3,25655.91,60,25,13,9,25,4,53,1,2.75,False
1316,Legal,Male,30,Associate,2021-08-03,1,Master,4,31231.22,58,25,8,0,75,8,20,1,1.8,False
1317,Finance,Male,32,Developer,2018-08-27,3,Diploma,3,42830.89,44,21,0,10,100,8,48,3,1.96,False
1318,Operations,Male,21,Developer,2024-12-28,6,Bachelor,2,45810.51,46,18,19,5,50,5,11,3,4.89,True
1319,Marketing,Female,32,Associate,2017-06-19,3,PhD,4,41441.49,36,18,14,5,0,9,69,1,2.76,False
1320,IT,Male,26,Analyst,2015-10-18,10,MBA,4,64563.31,38,22,0,2,0,8,65,3,1.73,False
1321,IT,Female,21,Associate,2019-10-23,10,MBA,4,58673.38,59,22,4,1,50,8,60,0,4.16,False
1322,Operations,Female,34,Lead,2023-09-24,0,Master,3,32039.42,42,23,12,1,0,3,40,3,2.95,False
1323,Finance,Female,26,Developer,2015-06-14,7,Master,5,53394.98,42,25,0,0,25,14,77,0,3.34,False
1324,Sales,Male,30,Executive,2020-07-29,6,PhD,3,52075.71,38,17,9,2,0,4,68,3,1.1,False
1325,Finance,Male,31,Associate,2021-08-26,9,MBA,4,54994.48,46,22,0,4,100,6,71,0,4.49,False
1326,Operations,Female,35,Executive,2016-07-01,4,PhD,3,41572.93,38,18,20,1,75,4,53,0,4.41,False
1327,Finance,Male,30,Executive,2024-05-09,0,PhD,3,32129.0,44,14,9,3,0,5,37,1,3.99,False
1328,Marketing,Male,29,Associate,2017-01-04,0,Diploma,3,27559.82,54,25,11,7,0,5,80,2,1.87,False
1329,HR,Female,28,Developer,2022-12-08,1,PhD,4,36236.79,58,25,11,1,50,12,66,3,2.03,True
1330,Legal,Female,30,Associate,2019-07-01,8,Master,3,59889.19,38,20,16,8,100,11,13,3,4.19,False
1331,Sales,Male,37,Executive,2022-12-05,1,Diploma,3,32099.86,39,14,6,6,100,5,48,1,3.21,False
1332,Operations,Male,36,Executive,2016-03-22,7,Diploma,4,56596.7,43,20,12,2,100,6,80,3,2.14,False
1333,Finance,Female,28,Manager,2015-08-25,1,PhD,3,32689.95,36,24,12,0,75,9,58,2,3.14,False
1334,Sales,Male,31,Executive,2015-12-02,10,MBA,4,67261.11,38,18,12,4,25,6,28,3,2.39,True
1335,Sales,Female,30,Developer,2021-09-07,1,Master,3,29354.16,47,25,6,0,25,3,22,0,1.27,False
1336,IT,Female,24,Lead,2017-10-17,7,Master,3,49172.02,52,19,14,7,25,14,12,0,1.83,False
1337,Sales,Female,44,Executive,2015-12-24,0,Diploma,3,28784.01,59,22,3,1,100,12,44,0,4.49,True
1338,Legal,Male,26,Manager,2021-11-11,7,Diploma,4,45311.05,39,17,4,1,25,6,43,0,4.22,True
1339,Legal,Female,35,Analyst,2018-09-11,0,PhD,4,39994.47,48,22,15,4,75,9,75,3,1.54,False
1340,Operations,Female,32,Lead,2023-05-10,3,Bachelor,4,39505.06,55,25,16,3,25,10,56,0,1.76,False
1341,Marketing,Female,37,Manager,2024-10-16,9,PhD,4,58947.5,47,23,2,0,0,8,39,0,4.17,False
1342,Marketing,Female,21,Associate,2021-05-30,6,PhD,2,46892.54,48,24,13,7,25,12,10,0,2.8,False
1343,IT,Female,35,Lead,2019-01-25,3,MBA,4,42811.97,39,2,3,0,50,9,60,1,2.74,False
1344,HR,Female,34,Developer,2015-05-15,6,Master,4,49333.07,56,25,17,2,75,3,29,0,3.68,False
1345,Marketing,Female,21,Associate,2015-08-11,6,Master,3,45706.58,53,23,15,8,50,5,30,1,2.81,False
1346,Operations,Male,33,Developer,2015-05-05,1,Diploma,4,34799.36,57,25,10,3,100,3,69,2,3.77,False
1347,HR,Male,35,Executive,2015-08-27,5,MBA,4,47575.2,48,25,7,5,100,12,70,2,3.37,False
1348,HR,Female,24,Lead,2021-04-11,2,Bachelor,4,35262.94,35,24,18,3,100,4,46,0,1.67,False
1349,Marketing,Male,28,Lead,2020-09-16,5,Bachelor,4,45395.98,54,22,17,0,100,7,68,1,1.84,True
1350,Finance,Male,30,Lead,2021-05-29,2,Bachelor,3,37235.84,47,17,3,10,50,5,5,2,2.9,False
1351,Finance,Female,26,Associate,2015-07-21,2,PhD,3,33166.35,40,19,20,2,25,14,47,0,1.44,False
1352,Finance,Female,29,Analyst,2020-02-18,6,Bachelor,4,49663.62,56,25,19,10,100,13,76,0,2.66,False
1353,Finance,Male,42,Executive,2023-07-22,5,MBA,4,48080.49,51,25,6,10,0,4,10,1,4.72,False
1354,HR,Male,35,Developer,2024-08-04,5,PhD,3,36232.95,51,21,18,6,100,4,20,1,2.19,False
1355,Legal,Male,33,Associate,2025-04-11,1,Bachelor,3,35342.86,48,22,19,2,0,13,14,3,4.56,False
1356,Legal,Female,36,Executive,2017-11-09,3,Diploma,4,45126.81,57,25,14,2,50,6,49,3,2.84,False
1357,Sales,Male,26,Developer,2019-02-25,3,MBA,3,36880.91,55,25,9,6,50,9,33,2,2.77,False
1358,IT,Female,22,Developer,2015-09-20,8,Master,3,51830.92,56,25,17,8,100,5,42,0,3.57,False
1359,Legal,Female,29,Associate,2024-11-30,4,MBA,3,39680.54,41,15,19,8,75,9,61,1,3.87,False
1360,Finance,Male,32,Analyst,2023-06-25,7,MBA,2,48024.08,37,20,20,8,100,6,12,2,2.6,False
1361,Finance,Male,33,Lead,2020-09-30,9,PhD,3,58373.13,42,17,0,9,0,5,6,2,3.46,False
1362,HR,Female,28,Lead,2022-07-14,1,PhD,4,39863.96,48,25,4,3,25,14,80,2,2.01,False
1363,Finance,Female,21,Executive,2025-04-23,0,Bachelor,3,33975.57,43,21,6,8,0,8,56,3,3.53,False
1364,Finance,Female,33,Associate,2025-09-30,8,Diploma,3,59350.32,36,19,13,6,0,13,12,3,1.0,False
1365,Finance,Female,26,Developer,2022-05-21,3,MBA,3,32759.78,51,25,5,9,75,4,55,0,2.17,True
1366,Legal,Male,27,Associate,2017-02-21,3,Master,3,39636.17,57,25,3,4,100,9,26,2,3.31,True
1367,Sales,Female,36,Developer,2018-04-18,10,Diploma,4,67368.61,35,18,14,5,100,10,74,2,1.89,False
1368,IT,Male,31,Lead,2019-04-09,5,PhD,3,47214.35,45,13,18,2,100,10,16,3,1.2,False
1369,HR,Female,41,Lead,2016-05-11,6,Bachelor,4,53800.11,47,25,3,5,50,7,63,0,1.4,False
1370,Marketing,Female,30,Developer,2020-04-22,1,MBA,3,40994.16,45,19,12,3,50,13,41,2,2.26,False
1371,Marketing,Male,30,Manager,2020-03-25,2,Diploma,4,38338.72,51,18,15,0,25,5,47,2,4.33,True
1372,Sales,Female,29,Executive,2025-05-08,4,MBA,4,40521.61,40,9,12,6,75,14,59,0,1.71,False
1373,HR,Female,31,Executive,2025-09-14,0,Diploma,3,33970.98,54,25,19,7,0,9,18,3,3.65,False
1374,IT,Male,29,Developer,2023-04-12,2,Master,4,40472.93,60,25,20,4,25,6,60,3,2.37,False
1375,Marketing,Female,30,Lead,2016-04-23,10,MBA,4,63773.24,50,24,4,10,0,11,73,0,4.15,False
1376,Finance,Female,29,Developer,2021-03-27,8,Master,3,58188.34,42,22,16,2,0,6,39,3,2.18,True
1377,Finance,Male,34,Lead,2025-06-18,6,MBA,3,46008.2,50,25,20,3,50,4,14,0,1.87,False
1378,IT,Male,36,Developer,2024-09-10,6,PhD,3,50648.97,60,25,13,8,25,8,42,2,2.33,False
1379,IT,Female,28,Executive,2022-03-16,3,Diploma,4,29504.26,37,12,17,8,50,11,74,0,2.43,False
1380,Finance,Male,29,Lead,2024-07-11,9,Master,5,66610.04,37,15,12,5,0,12,68,3,1.84,False
1381,Sales,Male,34,Lead,2019-01-22,5,MBA,4,42442.29,53,25,9,5,100,11,10,0,1.14,False
1382,Sales,Female,41,Manager,2024-09-24,1,MBA,3,34209.72,39,23,14,6,25,3,45,2,1.35,False
1383,HR,Female,27,Analyst,2020-06-13,0,Bachelor,4,30222.45,49,22,13,5,100,11,60,1,1.18,False
1384,Finance,Male,30,Associate,2020-09-30,6,MBA,3,46976.22,35,24,10,9,25,4,12,2,4.25,True
1385,Sales,Male,33,Lead,2024-03-02,1,PhD,2,28136.88,58,25,14,9,75,12,9,1,1.03,False
1386,Sales,Female,46,Associate,2020-01-29,5,Bachelor,2,39418.59,37,12,20,10,0,12,9,0,3.3,False
1387,Sales,Female,25,Associate,2020-02-25,9,MBA,3,52569.09,48,20,0,5,0,12,20,1,1.51,True
1388,HR,Male,43,Analyst,2015-12-11,5,Diploma,3,47248.25,46,18,12,6,0,13,52,3,1.98,False
1389,Finance,Female,37,Manager,2021-06-20,6,Bachelor,3,49794.53,55,25,16,10,100,13,73,3,3.08,False
1390,Legal,Female,33,Manager,2018-10-05,8,MBA,3,60776.74,35,12,2,2,50,12,23,3,2.64,False
1391,Sales,Male,21,Developer,2019-04-10,4,MBA,3,41940.34,50,25,2,7,0,4,51,1,2.82,False
1392,Legal,Female,26,Lead,2024-09-25,4,MBA,4,41734.1,38,25,6,5,50,8,80,0,4.91,False
1393,Marketing,Female,30,Lead,2017-08-02,0,Master,4,30034.28,51,19,7,3,25,3,62,2,3.78,False
1394,Finance,Female,37,Associate,2021-09-06,7,Bachelor,5,61276.18,42,18,17,0,25,3,57,3,3.2,False
1395,Legal,Male,29,Developer,2016-10-01,0,PhD,3,26990.07,39,22,6,5,100,8,65,1,2.8,False
1396,Legal,Male,35,Lead,2020-02-18,3,Diploma,2,40352.12,58,24,10,5,75,6,19,2,3.44,False
1397,Operations,Male,32,Manager,2017-03-25,3,PhD,2,37501.97,55,25,16,1,0,6,11,0,1.79,False
1398,Marketing,Female,28,Associate,2024-08-22,1,Diploma,3,34198.29,59,25,4,10,0,4,51,2,2.56,False
1399,Operations,Male,34,Analyst,2020-08-28,8,MBA,4,60887.92,59,25,2,4,25,8,45,3,4.52,False
1400,Operations,Male,34,Developer,2025-10-15,8,PhD,3,56646.99,45,21,19,2,50,3,30,2,2.34,True
1401,IT,Female,26,Lead,2015-06-08,1,MBA,3,32514.67,56,25,15,4,75,12,40,2,4.37,False
1402,Marketing,Female,32,Associate,2023-08-27,5,MBA,3,44869.33,43,23,3,0,75,14,5,2,1.15,False
1403,Operations,Female,43,Associate,2022-08-09,2,Bachelor,4,41027.06,47,25,19,10,0,7,80,3,4.25,False
1404,Marketing,Male,37,Lead,2023-10-01,2,Bachelor,3,36812.01,45,20,18,2,25,11,50,3,1.27,False
1405,Sales,Male,43,Lead,2020-12-30,1,Bachelor,2,30624.42,53,25,5,4,100,10,39,1,1.29,False
1406,Legal,Female,32,Associate,2021-12-24,4,Bachelor,4,44342.36,36,18,18,3,0,14,34,1,1.19,False
1407,HR,Male,28,Manager,2023-09-11,10,Diploma,2,59614.11,48,25,7,7,25,9,8,2,3.33,True
1408,Sales,Female,26,Lead,2021-01-15,6,Bachelor,3,42618.43,36,14,5,4,50,11,10,0,2.52,False
1409,Marketing,Male,28,Developer,2025-08-25,0,MBA,3,34370.92,38,25,3,10,0,6,47,3,4.24,True
1410,Finance,Female,47,Lead,2016-08-23,2,Master,3,36196.73,45,23,5,7,100,6,47,1,3.77,False
1411,Finance,Female,23,Executive,2024-08-05,3,MBA,4,37659.21,36,12,12,1,50,6,76,2,3.28,False
1412,HR,Female,23,Associate,2023-04-02,1,PhD,4,40445.45,46,19,3,4,25,12,31,2,1.67,False
1413,HR,Male,21,Manager,2020-04-08,1,PhD,3,36950.15,49,21,12,9,50,8,7,3,3.45,False
1414,Marketing,Male,31,Developer,2018-12-16,10,MBA,4,60157.31,42,16,19,2,75,8,61,0,3.92,False
1415,Sales,Female,31,Analyst,2018-08-11,7,PhD,3,47766.82,50,25,6,4,100,11,13,1,4.24,False
1416,Finance,Female,30,Executive,2015-07-21,2,PhD,4,41048.77,50,20,4,9,50,12,43,3,3.87,False
1417,Operations,Male,33,Executive,2023-11-14,5,MBA,4,53945.35,54,25,8,3,100,9,78,3,2.57,False
1418,Marketing,Female,31,Analyst,2019-06-07,3,MBA,2,34867.74,38,24,19,0,100,6,48,0,1.66,False
1419,Operations,Male,24,Executive,2023-09-28,3,PhD,4,41462.58,39,19,19,6,50,7,33,1,2.32,False
1420,IT,Female,30,Developer,2015-02-12,4,Diploma,3,40170.62,43,21,4,9,100,3,47,1,3.09,False
1421,Legal,Male,39,Associate,2018-12-28,10,Bachelor,2,53237.66,50,25,9,8,0,10,27,0,4.96,False
1422,Sales,Female,27,Manager,2018-12-24,9,PhD,3,54500.65,41,18,0,10,0,12,7,0,3.06,False
1423,Legal,Female,36,Analyst,2024-01-23,6,PhD,4,51832.39,57,25,18,8,50,12,37,2,1.73,False
1424,Sales,Male,29,Lead,2018-04-26,3,Diploma,4,48362.61,54,25,1,1,100,8,18,3,4.46,True
1425,Legal,Male,35,Lead,2025-06-22,9,PhD,5,59689.32,58,25,3,5,75,5,40,0,1.87,False
1426,Marketing,Female,32,Developer,2024-05-08,2,PhD,2,34915.6,55,21,13,10,25,12,19,2,3.97,False
1427,Marketing,Female,29,Executive,2025-08-04,0,Bachelor,2,28561.91,36,18,1,3,50,10,15,1,1.4,True
1428,Marketing,Female,29,Manager,2016-11-21,1,MBA,3,34400.96,49,25,20,3,25,13,24,2,3.7,False
1429,Legal,Male,32,Lead,2015-12-09,5,MBA,4,41014.81,40,20,16,10,75,5,80,0,4.21,False
1430,IT,Male,33,Manager,2020-07-26,8,Master,4,56628.72,48,25,4,4,0,12,54,0,3.19,True
1431,Legal,Female,38,Analyst,2015-06-16,2,Bachelor,3,40200.84,36,20,0,0,0,11,41,3,2.9,False
1432,Operations,Female,21,Analyst,2018-04-03,6,Master,3,46466.99,42,25,2,0,75,5,31,0,1.8,True
1433,Finance,Female,31,Developer,2016-06-23,3,Master,4,45881.31,35,19,19,2,0,10,55,2,2.72,False
1434,Legal,Female,31,Manager,2017-07-02,1,Diploma,3,34841.18,53,25,4,5,25,4,34,3,3.85,False
1435,IT,Female,31,Lead,2018-05-13,7,MBA,4,51257.9,53,25,10,0,50,4,61,0,1.41,True
1436,Marketing,Female,25,Developer,2017-01-19,5,Master,3,39545.14,53,25,12,9,75,10,60,0,2.61,True
1437,Legal,Male,25,Associate,2017-07-13,4,MBA,4,44630.89,39,22,8,1,25,4,47,0,4.25,True
1438,Marketing,Female,34,Associate,2023-06-04,10,Master,2,56618.76,47,25,17,1,100,4,13,1,4.67,False
1439,HR,Female,32,Analyst,2023-07-17,10,PhD,4,70377.91,46,25,3,1,0,6,30,2,4.2,False
1440,Sales,Male,37,Associate,2023-09-25,10,Bachelor,4,61887.63,39,16,11,3,25,11,51,3,4.21,False
1441,Legal,Female,21,Associate,2021-03-26,2,Master,2,28950.81,58,25,0,1,100,9,14,0,1.71,False
1442,Finance,Female,38,Lead,2018-10-12,6,Diploma,4,46936.71,44,20,16,1,100,14,42,0,4.14,False
1443,Marketing,Female,32,Analyst,2023-09-30,4,Master,3,43758.35,51,25,12,2,75,5,68,2,2.43,False
1444,Sales,Female,35,Developer,2018-05-04,2,Diploma,4,34622.04,60,25,17,1,0,3,76,0,1.75,False
1445,Legal,Female,38,Manager,2020-03-10,5,PhD,4,44783.18,42,25,16,4,50,13,71,1,1.77,False
1446,HR,Male,37,Associate,2018-03-07,6,PhD,3,53319.36,47,25,0,5,75,12,41,2,2.65,False
1447,IT,Male,29,Executive,2021-05-31,9,Bachelor,4,55720.67,56,25,16,4,25,12,67,1,3.29,False
1448,Operations,Female,29,Associate,2022-03-02,5,MBA,3,47714.11,57,25,4,4,0,4,46,1,4.51,True
1449,Legal,Male,33,Executive,2015-09-27,6,Bachelor,3,43955.36,35,22,3,1,50,12,54,1,2.12,False
1450,HR,Female,32,Manager,2015-04-27,10,Diploma,4,63731.21,47,25,4,3,0,6,33,1,2.0,False
1451,Sales,Female,38,Executive,2019-07-13,1,Master,3,38198.25,49,22,17,4,25,8,44,3,3.54,False
1452,HR,Female,21,Analyst,2016-06-01,0,PhD,3,34417.78,56,25,9,2,75,14,24,2,1.41,False
1453,HR,Female,32,Lead,2026-01-17,1,Master,3,31209.17,58,25,16,10,75,9,19,1,4.08,False
1454,Marketing,Female,41,Developer,2017-04-24,3,MBA,3,36468.15,41,17,2,0,50,7,57,0,2.4,False
1455,IT,Female,36,Manager,2015-02-13,3,MBA,4,41158.66,59,20,18,2,75,13,6,1,1.92,False
1456,Operations,Female,33,Analyst,2018-09-12,4,Master,4,42923.97,48,20,5,5,25,8,42,2,2.42,False
1457,IT,Male,37,Manager,2015-04-07,7,PhD,3,51873.11,46,25,10,10,0,12,29,1,4.71,False
1458,Sales,Female,24,Lead,2021-03-29,8,Diploma,3,63757.78,51,21,5,6,0,5,17,3,3.8,False
1459,Marketing,Male,31,Associate,2023-06-30,7,Master,5,56075.66,35,20,11,10,50,5,74,2,3.96,False
1460,Finance,Female,35,Manager,2017-12-23,8,Master,4,54893.93,46,25,6,1,0,7,37,0,2.85,False
1461,Marketing,Male,39,Analyst,2021-04-22,5,Master,3,47464.45,41,20,17,8,25,10,23,2,4.66,True
1462,Operations,Female,30,Analyst,2018-12-04,8,PhD,3,46973.31,42,21,6,2,75,10,35,0,1.02,False
1463,Operations,Male,29,Associate,2017-10-29,9,Bachelor,3,55267.52,48,25,14,3,100,11,8,2,4.83,True
1464,Finance,Female,29,Manager,2018-08-10,6,Master,4,51329.71,56,25,13,5,25,7,47,1,2.6,False
1465,Finance,Male,31,Executive,2025-08-13,8,PhD,4,49178.91,35,15,16,1,0,9,50,0,3.09,False
1466,Operations,Female,25,Manager,2020-01-10,6,Diploma,3,50826.33,44,22,10,0,50,3,47,1,2.67,True
1467,IT,Female,34,Executive,2015-02-19,3,PhD,3,43690.42,36,24,0,9,0,11,50,3,4.52,False
1468,Operations,Female,36,Developer,2022-06-22,3,Bachelor,3,35500.95,38,21,18,7,25,5,5,2,3.11,False
1469,HR,Male,39,Manager,2022-01-01,9,Master,3,60839.13,53,21,7,1,75,10,42,2,2.27,False
1470,Marketing,Male,40,Executive,2023-01-31,9,Bachelor,5,60756.84,49,18,1,4,25,6,75,2,3.95,False
1471,HR,Male,24,Lead,2020-04-21,2,Master,3,38629.28,42,21,20,8,0,12,17,2,1.41,False
1472,Legal,Female,36,Analyst,2016-08-27,4,Master,3,37963.68,58,25,3,10,50,13,55,0,3.36,False
1473,Finance,Male,25,Executive,2021-07-18,6,MBA,4,54212.92,43,22,0,8,75,9,42,2,1.02,True
1474,Operations,Female,26,Lead,2016-06-02,3,Master,4,43986.05,59,25,4,8,75,10,46,3,1.97,True
1475,Finance,Male,35,Manager,2024-12-04,5,Master,4,45185.52,55,25,9,10,50,4,54,2,1.97,False
1476,IT,Male,30,Executive,2022-07-03,8,MBA,4,57490.07,49,25,4,0,0,14,38,1,2.26,False
1477,IT,Female,40,Associate,2019-12-18,2,Bachelor,2,36409.99,48,25,11,0,0,7,62,3,4.47,True
1478,Legal,Female,29,Manager,2024-08-29,7,Diploma,2,55166.93,35,17,1,10,25,8,9,3,2.06,False
1479,IT,Male,37,Analyst,2024-06-26,4,PhD,3,39641.28,44,23,18,0,75,6,27,1,3.03,False
1480,IT,Male,34,Manager,2025-11-18,3,Diploma,2,29979.12,41,23,15,3,0,4,32,1,1.15,False
1481,Sales,Male,40,Manager,2017-12-28,0,Bachelor,3,21476.8,44,22,3,4,100,9,30,0,3.58,True
1482,Marketing,Male,32,Associate,2024-07-08,0,Master,3,23829.17,37,14,18,2,75,5,28,0,2.51,False
1483,Legal,Female,32,Developer,2021-09-14,2,Diploma,4,44063.02,50,25,13,0,0,14,67,3,3.79,False
1484,HR,Male,25,Lead,2023-11-16,0,PhD,4,22579.26,48,16,15,1,0,3,69,0,4.45,False
1485,Finance,Female,28,Analyst,2019-01-02,5,PhD,4,55722.41,49,20,15,10,75,6,74,3,2.38,False
1486,Finance,Male,29,Manager,2016-12-09,9,MBA,4,58298.26,56,25,5,4,50,6,56,1,2.15,False
1487,Finance,Female,21,Manager,2023-05-03,0,Bachelor,4,33731.6,42,24,19,2,75,8,76,2,3.4,False
1488,IT,Female,29,Executive,2017-03-29,1,PhD,4,37757.25,48,20,7,2,75,4,32,1,3.86,False
1489,Marketing,Male,26,Analyst,2021-09-28,9,PhD,4,59127.32,48,22,9,10,75,8,43,2,3.33,False
1490,Operations,Male,31,Associate,2022-07-07,6,Diploma,3,51487.25,44,25,18,3,50,12,20,2,4.39,False
1491,Marketing,Female,29,Associate,2023-02-28,8,Master,4,62723.01,45,16,11,4,25,11,78,3,1.79,False
1492,Marketing,Male,44,Manager,2020-07-22,6,Diploma,3,46883.24,55,25,13,6,25,12,8,0,1.39,True
1493,Sales,Male,25,Executive,2015-02-17,10,MBA,4,60046.4,39,18,11,4,50,8,78,0,3.72,True
1494,HR,Male,23,Manager,2024-02-15,2,Master,3,38691.09,43,21,18,8,100,12,15,1,3.28,True
1495,IT,Female,22,Developer,2020-05-05,9,Master,5,62280.48,52,24,6,0,0,13,77,1,4.6,False
1496,Operations,Female,30,Executive,2025-03-05,4,Diploma,4,42173.87,51,25,1,10,25,7,68,0,4.25,False
1497,Marketing,Male,35,Manager,2023-06-02,0,PhD,4,26218.84,50,24,11,4,100,11,63,1,1.45,False
1498,Operations,Male,33,Associate,2021-03-05,4,Diploma,3,43767.54,58,25,11,9,75,13,71,1,2.34,False
1499,IT,Male,33,Analyst,2015-03-05,4,MBA,3,45599.15,35,21,16,7,25,9,57,2,4.05,False
1500,Operations,Male,46,Developer,2019-09-19,5,Bachelor,4,51891.88,57,25,9,3,75,9,52,3,3.4,False
1501,Marketing,Male,40,Lead,2020-04-14,1,Bachelor,2,25455.36,46,25,5,6,100,7,17,3,3.37,True
1502,IT,Female,41,Manager,2021-02-14,9,Bachelor,4,64257.77,43,16,6,0,75,3,66,3,4.22,False
1503,Marketing,Female,33,Lead,2019-03-10,3,Diploma,2,36107.94,40,25,8,9,100,3,27,0,2.24,False
1504,IT,Male,33,Developer,2021-05-15,10,MBA,3,57884.72,42,15,6,10,0,10,45,0,4.16,False
1505,Operations,Female,40,Developer,2020-08-18,10,MBA,3,56508.46,36,22,3,1,100,3,6,1,2.77,False
1506,HR,Male,28,Lead,2018-07-02,0,Master,3,32924.53,49,25,19,10,75,14,27,1,4.49,False
1507,Finance,Female,34,Associate,2026-02-26,8,PhD,4,54237.49,43,25,15,8,100,11,61,1,3.98,True
1508,Legal,Female,21,Executive,2021-05-05,4,MBA,3,39154.93,50,25,4,4,0,6,41,0,1.56,False
1509,Marketing,Male,22,Associate,2021-10-31,5,Diploma,5,48191.61,53,25,15,0,0,8,71,1,4.94,False
1510,HR,Male,29,Lead,2015-08-23,3,PhD,2,35105.24,46,17,18,7,0,3,11,1,3.15,False
1511,Sales,Male,37,Lead,2015-08-11,4,PhD,4,45800.32,47,23,11,7,25,14,41,1,3.54,False
1512,HR,Male,23,Executive,2023-05-05,8,Diploma,4,52717.78,36,18,14,6,25,11,65,0,1.12,False
1513,Legal,Female,35,Developer,2016-01-07,6,Bachelor,3,49092.44,48,22,13,5,100,4,26,0,1.51,False
1514,Marketing,Female,34,Lead,2021-10-28,3,MBA,5,39886.01,51,25,11,7,50,14,75,0,1.37,False
1515,Finance,Male,25,Lead,2020-12-10,7,Diploma,4,57490.57,54,22,1,10,50,14,70,3,3.0,False
1516,HR,Male,31,Associate,2016-01-17,5,PhD,3,44817.56,37,19,19,1,50,6,36,1,3.66,False
1517,Finance,Male,39,Analyst,2025-02-08,7,Diploma,3,49704.11,43,22,1,8,50,6,16,1,3.93,True
1518,Marketing,Male,42,Analyst,2017-08-10,7,PhD,4,55261.15,53,25,11,7,50,10,74,1,1.93,False
1519,Operations,Male,34,Manager,2019-06-29,9,MBA,4,56211.77,42,23,5,1,50,12,51,0,2.07,False
1520,Operations,Male,36,Executive,2020-12-22,6,Master,3,49750.23,45,22,10,10,100,13,18,3,3.23,False
1521,Finance,Male,21,Lead,2019-11-10,8,Bachelor,3,57430.06,53,25,16,7,0,4,31,3,1.11,False
1522,HR,Male,31,Developer,2020-09-22,8,Master,4,61378.59,43,24,2,9,0,9,38,2,4.42,False
1523,Legal,Male,27,Lead,2021-08-15,8,Bachelor,4,63834.93,45,21,4,6,50,5,41,3,4.04,False
1524,Legal,Female,32,Manager,2024-09-18,4,MBA,3,46962.14,46,24,4,3,100,5,57,2,2.98,False
1525,Operations,Male,36,Executive,2020-05-25,2,PhD,2,34602.81,48,25,0,5,25,13,41,0,2.51,False
1526,Sales,Female,24,Associate,2018-07-01,5,MBA,3,43490.91,58,25,15,8,0,14,7,1,1.4,False
1527,Finance,Male,37,Manager,2015-11-10,4,PhD,2,43569.65,42,25,20,9,100,10,16,3,2.49,False
1528,Marketing,Male,25,Analyst,2019-03-01,2,PhD,3,36238.89,36,24,20,7,25,14,67,0,1.71,False
1529,Operations,Male,21,Lead,2025-09-30,2,MBA,4,37634.3,36,19,14,5,25,9,76,0,2.41,False
1530,Finance,Male,36,Associate,2016-01-04,8,Master,3,51840.15,41,20,1,7,50,9,50,1,3.0,False
1531,Operations,Female,40,Executive,2015-06-29,6,PhD,4,43009.35,51,23,18,4,75,5,61,0,1.39,False
1532,Marketing,Male,39,Executive,2016-08-14,9,PhD,3,50579.88,58,25,14,6,100,5,43,0,2.34,False
1533,Sales,Female,28,Manager,2022-12-06,5,Master,3,46627.87,60,25,14,10,50,6,75,1,3.4,False
1534,Sales,Female,34,Executive,2026-02-25,3,MBA,4,40438.85,58,20,17,6,25,8,72,2,3.3,True
1535,IT,Male,23,Developer,2022-10-02,9,Master,3,59834.47,53,23,9,4,100,11,12,3,2.85,False
1536,Operations,Male,32,Associate,2019-06-11,5,Master,3,42345.49,41,22,2,5,75,3,28,1,4.02,False
1537,Sales,Male,40,Executive,2022-11-30,0,Diploma,3,29403.55,48,23,13,2,100,8,46,0,1.42,False
1538,IT,Female,43,Lead,2020-09-18,1,Bachelor,3,29293.88,60,20,1,5,25,6,65,1,3.76,False
1539,HR,Female,23,Analyst,2019-10-04,5,PhD,2,50288.94,60,25,1,5,0,9,21,3,3.71,False
1540,Legal,Male,30,Executive,2016-02-22,1,Bachelor,5,39404.63,39,17,17,4,25,8,73,0,3.61,False
1541,Operations,Male,32,Manager,2020-07-29,8,PhD,4,50635.73,49,25,6,2,50,8,62,1,2.88,False
1542,Finance,Female,33,Analyst,2016-05-20,1,Master,4,32500.23,52,25,16,5,50,7,63,1,2.05,False
1543,Sales,Female,36,Executive,2018-12-15,5,Bachelor,4,47690.04,45,25,16,5,0,7,45,0,2.75,False
1544,HR,Female,26,Developer,2022-11-26,6,Bachelor,3,48609.89,44,17,10,6,0,6,32,3,2.95,False
1545,Finance,Female,33,Manager,2020-09-27,0,Master,3,37362.18,53,25,7,7,75,9,50,3,1.46,False
1546,Legal,Male,25,Associate,2022-02-06,8,MBA,4,61429.72,52,22,20,10,50,12,43,2,2.58,True
1547,Sales,Female,44,Associate,2020-02-22,0,MBA,4,29215.83,43,20,10,7,0,9,63,2,2.3,False
1548,Operations,Female,21,Developer,2022-06-29,1,PhD,3,30975.37,55,25,6,5,100,6,46,1,2.17,False
1549,Finance,Male,21,Manager,2016-10-02,0,Master,3,37439.91,48,23,7,5,25,8,37,3,2.21,False
1550,Finance,Male,23,Developer,2025-02-16,10,PhD,4,62981.76,58,25,10,4,75,7,29,1,3.82,False
1551,Sales,Male,28,Lead,2021-06-21,4,PhD,3,44299.45,49,22,19,5,25,11,14,3,4.29,False
1552,IT,Male,32,Manager,2016-03-18,3,Diploma,2,36195.14,35,12,14,2,100,13,31,3,3.37,False
1553,HR,Male,34,Manager,2023-04-25,2,Bachelor,4,32760.41,50,25,13,3,100,13,63,0,1.15,False
1554,IT,Female,31,Executive,2019-09-26,9,Bachelor,5,60120.63,50,21,9,8,100,5,45,0,4.21,False
1555,Legal,Male,33,Associate,2019-11-22,6,PhD,3,52849.57,42,24,11,4,75,13,53,3,4.42,False
1556,Legal,Female,33,Lead,2015-03-04,10,MBA,4,64871.6,55,25,5,5,100,8,11,0,4.53,False
1557,Operations,Female,21,Developer,2023-08-01,10,Master,3,64664.09,52,25,1,3,100,13,40,3,3.14,False
1558,IT,Male,24,Associate,2020-10-04,9,Bachelor,3,52003.51,53,25,5,7,75,11,44,0,2.09,False
1559,Operations,Male,32,Associate,2016-11-03,8,MBA,4,59151.85,56,25,15,0,25,13,43,3,1.14,False
1560,Operations,Male,26,Lead,2018-06-14,4,PhD,3,44059.15,51,25,1,3,25,3,12,3,4.86,False
1561,Finance,Female,28,Executive,2020-03-07,3,Bachelor,3,47353.78,50,25,16,6,25,3,29,3,4.53,False
1562,Legal,Male,31,Developer,2024-11-29,0,Bachelor,4,33306.77,36,19,10,0,50,12,61,2,1.86,False
1563,Finance,Male,36,Associate,2020-04-12,8,MBA,5,67827.58,37,16,0,4,25,13,75,3,3.1,False
1564,Legal,Female,37,Manager,2018-06-16,5,Master,3,41935.56,36,18,12,2,100,8,8,0,2.62,False
1565,IT,Female,37,Developer,2019-11-22,9,PhD,3,58718.04,54,25,3,8,25,8,13,2,2.9,True
1566,Sales,Female,30,Executive,2018-07-25,5,MBA,3,44163.16,41,23,17,6,50,10,34,0,1.19,False
1567,Sales,Female,48,Associate,2017-03-03,0,Master,3,31968.53,52,25,7,5,100,13,44,2,4.57,False
1568,Legal,Female,33,Associate,2020-07-08,0,Master,2,33987.89,60,24,11,9,0,8,11,2,4.2,False
1569,Legal,Male,31,Associate,2021-11-07,8,MBA,3,59037.3,47,10,20,4,50,9,5,2,1.93,False
1570,HR,Female,28,Analyst,2018-06-28,9,MBA,4,63820.16,49,19,12,0,50,4,11,2,2.19,False
1571,HR,Female,36,Associate,2025-07-28,3,MBA,2,38510.21,52,24,17,3,25,12,24,3,2.25,False
1572,Sales,Male,36,Lead,2023-11-09,1,MBA,4,35791.7,50,25,13,7,100,6,59,2,1.07,True
1573,Finance,Male,32,Lead,2021-12-10,0,Bachelor,3,32176.92,38,24,5,9,0,13,29,1,3.86,False
1574,HR,Female,29,Analyst,2025-11-20,6,Bachelor,2,48125.93,51,20,14,10,50,14,8,3,2.15,False
1575,Marketing,Male,28,Executive,2017-05-12,9,Diploma,3,54757.39,40,18,11,8,0,11,58,1,4.46,False
1576,Marketing,Male,37,Associate,2023-07-23,2,PhD,5,40451.98,44,21,11,1,25,12,75,1,4.86,False
1577,Finance,Male,44,Associate,2025-02-24,2,Bachelor,2,40940.27,58,25,8,3,50,5,31,2,3.22,False
1578,HR,Female,27,Lead,2021-05-12,4,Bachelor,4,47400.37,57,25,1,2,0,8,64,3,4.95,True
1579,Operations,Male,23,Associate,2024-02-27,8,Bachelor,4,64707.28,53,22,9,3,25,13,64,3,4.05,False
1580,Sales,Male,26,Lead,2018-12-03,5,PhD,4,44481.84,52,25,1,4,0,4,62,1,2.46,False
1581,HR,Female,36,Developer,2017-08-28,5,Diploma,3,49134.21,53,25,13,10,50,12,52,2,2.82,False
1582,Finance,Female,26,Associate,2022-09-24,6,PhD,4,49024.66,54,25,9,0,25,10,42,1,1.47,False
1583,Operations,Male,32,Lead,2018-07-17,5,Master,4,48076.76,38,19,0,9,75,8,60,3,4.47,False
1584,Sales,Female,39,Associate,2020-04-30,5,Diploma,3,48359.98,36,16,5,7,50,14,24,1,2.03,False
1585,IT,Female,25,Analyst,2025-09-24,0,PhD,3,29147.98,60,25,5,7,0,4,41,1,4.11,False
1586,Operations,Female,30,Developer,2019-11-11,4,Bachelor,2,43246.99,59,25,4,9,100,4,36,1,1.36,False
1587,IT,Male,31,Executive,2023-04-07,6,MBA,3,52469.99,59,25,15,6,50,12,39,3,1.03,False
1588,Legal,Male,34,Manager,2020-04-18,0,Diploma,3,26759.48,43,23,16,0,25,7,29,0,1.38,False
1589,IT,Male,35,Executive,2018-02-07,8,Diploma,3,50709.17,53,25,1,2,50,6,21,0,1.23,False
1590,IT,Female,21,Executive,2019-07-26,1,Bachelor,3,33259.55,37,22,0,1,50,4,66,1,2.09,False
1591,Sales,Female,36,Analyst,2023-01-01,0,PhD,4,35815.04,39,23,14,8,100,13,80,2,1.81,False
1592,Legal,Female,28,Manager,2016-02-16,6,Diploma,3,45649.75,59,25,17,7,0,13,27,0,3.01,False
1593,Marketing,Male,23,Analyst,2018-06-03,7,MBA,3,56567.69,40,25,5,2,100,7,76,1,4.38,False
1594,Legal,Male,31,Developer,2021-12-01,6,MBA,5,55228.47,39,23,16,10,75,12,79,2,3.59,False
1595,Sales,Female,31,Lead,2020-12-01,6,Bachelor,3,53395.97,51,24,4,10,75,6,45,3,1.88,False
1596,Sales,Female,37,Associate,2023-07-02,7,MBA,3,46596.51,47,22,3,8,75,8,33,0,2.87,False
1597,Legal,Female,26,Executive,2017-12-27,3,Bachelor,3,31082.94,36,19,17,8,100,4,46,0,4.76,False
1598,Legal,Female,38,Associate,2016-06-09,0,MBA,5,38170.57,41,20,8,8,75,4,73,3,4.05,False
1599,Legal,Female,34,Associate,2023-11-15,7,Diploma,4,52838.91,39,25,11,6,50,11,68,1,2.08,False
1600,Legal,Male,28,Lead,2023-09-22,2,PhD,3,39706.11,58,25,2,6,75,8,5,3,3.53,True
1601,Finance,Male,32,Associate,2016-03-13,0,Diploma,4,28468.66,39,25,5,4,75,7,59,0,2.55,True
1602,Legal,Male,35,Analyst,2018-10-03,2,Diploma,3,33531.07,35,16,2,1,75,10,21,0,1.54,False
1603,Sales,Male,36,Manager,2025-03-16,9,PhD,3,52975.73,43,22,18,6,100,9,35,1,3.68,False
1604,Marketing,Male,31,Developer,2017-09-24,8,Bachelor,4,56587.19,42,25,17,7,0,13,21,1,3.65,False
1605,Finance,Male,32,Associate,2025-01-15,1,Diploma,2,23979.17,53,22,0,4,50,13,5,1,4.39,False
1606,Marketing,Male,38,Executive,2020-10-21,8,Master,3,50192.75,37,12,20,1,75,8,46,2,3.31,False
1607,Operations,Male,34,Lead,2018-09-27,6,Master,4,45975.4,39,18,20,2,50,7,25,0,3.16,False
1608,HR,Male,26,Analyst,2024-11-04,8,Diploma,4,64477.9,58,25,15,6,100,14,48,3,1.7,False
1609,Operations,Female,25,Manager,2015-02-18,7,MBA,3,51740.33,37,25,7,1,100,11,18,1,4.3,True
1610,IT,Male,34,Executive,2016-03-08,10,PhD,4,65409.89,55,25,6,5,25,9,41,2,2.55,False
1611,Finance,Female,34,Lead,2018-03-06,6,Bachelor,2,49112.35,58,25,3,9,100,4,9,2,2.73,False
1612,Operations,Female,29,Lead,2022-03-09,10,Master,4,66153.21,55,25,6,7,25,8,75,1,4.8,False
1613,Finance,Female,34,Associate,2018-07-11,8,Bachelor,3,53912.55,42,14,19,0,25,14,20,2,3.5,False
1614,Finance,Male,35,Analyst,2021-07-08,7,PhD,3,54796.92,42,25,1,3,25,6,27,2,3.1,False
1615,Legal,Female,25,Developer,2023-01-25,4,Diploma,3,46492.5,55,25,8,1,25,11,23,2,2.37,False
1616,Operations,Female,42,Developer,2018-09-16,5,MBA,3,43617.34,59,25,8,7,100,14,22,2,4.6,False
1617,IT,Male,28,Developer,2017-04-28,10,Diploma,4,64157.73,53,21,16,10,0,5,65,1,3.38,False
1618,Sales,Male,33,Developer,2025-09-23,8,PhD,4,61830.79,40,25,0,3,75,13,12,2,3.79,False
1619,IT,Female,22,Developer,2015-09-18,5,Bachelor,5,50241.9,37,21,3,1,75,10,64,0,3.67,False
1620,Operations,Female,22,Lead,2024-04-17,6,Master,3,50863.38,45,17,20,2,25,4,50,1,1.59,False
1621,Finance,Male,26,Manager,2019-01-23,6,Master,4,45823.6,40,19,6,7,25,13,15,1,3.51,False
1622,Sales,Female,22,Developer,2025-05-20,8,Bachelor,4,56254.04,53,23,3,1,50,14,62,1,1.39,True
1623,IT,Female,26,Lead,2021-07-10,2,MBA,5,43659.81,44,22,17,3,0,13,75,3,4.28,False
1624,HR,Male,31,Analyst,2019-05-23,1,MBA,3,38105.3,39,15,14,4,50,11,48,3,4.15,False
1625,Finance,Male,28,Lead,2018-08-31,8,Diploma,4,57264.1,35,13,17,7,75,8,48,1,4.98,False
1626,IT,Female,34,Analyst,2017-06-10,5,Diploma,3,42685.52,53,25,10,7,100,8,8,0,2.43,False
1627,IT,Male,34,Executive,2025-07-28,6,Diploma,3,41657.11,57,25,5,3,75,10,23,0,4.36,False
1628,IT,Male,28,Developer,2025-02-07,5,Master,3,45578.11,60,25,16,3,50,10,22,0,2.19,False
1629,HR,Male,25,Manager,2019-01-07,7,PhD,2,45403.6,56,25,9,7,25,3,19,1,4.91,False
1630,Sales,Female,35,Associate,2020-09-24,5,Master,3,45025.65,40,17,14,7,25,14,12,2,4.33,True
1631,IT,Female,25,Associate,2019-07-03,7,Master,4,57638.71,47,20,5,9,50,4,50,2,2.13,True
1632,Legal,Male,32,Lead,2016-08-03,5,Bachelor,3,44759.65,57,25,14,3,0,4,17,2,3.19,False
1633,Legal,Male,32,Analyst,2020-02-02,0,Bachelor,4,33116.95,60,25,7,1,0,10,80,2,4.14,False
1634,Sales,Male,36,Analyst,2021-11-25,6,Master,3,52218.77,45,17,12,0,100,8,14,2,3.21,False
1635,Legal,Female,22,Manager,2025-01-23,0,PhD,4,25589.89,51,20,17,7,100,12,51,1,4.01,False
1636,Operations,Female,37,Lead,2022-10-15,6,PhD,3,49613.42,55,25,7,4,75,7,11,3,1.91,False
1637,Finance,Male,36,Developer,2018-06-29,0,Bachelor,3,33634.01,49,25,14,9,0,6,22,3,1.63,True
1638,Finance,Male,33,Manager,2024-12-29,10,Bachelor,4,64262.73,43,22,12,1,25,4,12,0,4.2,True
1639,Sales,Male,31,Associate,2023-10-28,2,Master,3,31830.62,57,25,15,8,25,5,74,0,3.17,False
1640,HR,Male,36,Lead,2024-02-10,2,PhD,3,39197.85,38,16,1,7,100,5,48,3,3.49,False
1641,Operations,Female,21,Analyst,2018-04-08,0,Master,4,28362.84,49,21,12,9,25,7,59,1,4.72,False
1642,Finance,Female,38,Executive,2016-08-03,1,PhD,3,35563.84,49,25,13,3,100,8,49,1,4.36,False
1643,Finance,Male,29,Executive,2016-03-17,0,Bachelor,2,30303.84,47,25,14,8,100,7,27,0,4.17,False
1644,Operations,Male,33,Lead,2024-09-24,8,PhD,5,65831.13,45,22,0,5,75,10,69,1,1.53,False
1645,Legal,Male,21,Developer,2017-11-07,1,Diploma,2,29124.94,55,25,1,10,0,8,14,0,4.53,False
1646,Sales,Male,28,Analyst,2022-06-05,2,PhD,3,40024.3,45,22,7,9,50,12,32,0,1.28,False
1647,Sales,Male,33,Lead,2023-09-25,9,Bachelor,3,61183.91,52,22,19,7,0,13,22,2,4.09,False
1648,Operations,Female,21,Executive,2020-06-08,3,MBA,4,38133.23,59,25,16,8,0,10,66,0,3.75,False
1649,Marketing,Female,39,Manager,2025-02-05,6,PhD,3,55470.27,48,23,13,0,100,14,10,2,2.48,False
1650,Sales,Male,36,Developer,2022-07-14,1,MBA,3,34272.6,43,17,2,3,100,10,19,1,3.39,False
1651,Operations,Female,39,Developer,2020-08-16,4,Master,4,45455.41,37,18,10,6,0,12,47,1,2.61,False
1652,Sales,Female,35,Manager,2024-02-19,5,PhD,3,47290.62,38,20,2,1,50,8,22,3,4.64,False
1653,Marketing,Male,33,Analyst,2015-01-01,9,MBA,3,59375.61,59,25,15,5,50,6,16,2,4.99,True
1654,Legal,Male,29,Developer,2017-09-07,4,Bachelor,4,47040.74,53,25,1,6,75,14,61,3,4.39,False
1655,Operations,Male,32,Executive,2015-06-25,4,MBA,3,43459.18,57,25,13,6,75,13,65,3,3.26,False
1656,Finance,Female,31,Developer,2020-01-24,10,PhD,4,65998.4,49,25,5,9,75,7,66,2,4.57,False
1657,Marketing,Female,40,Executive,2019-08-23,3,Bachelor,3,39548.59,45,16,5,7,100,10,35,1,4.98,False
1658,Legal,Female,25,Lead,2020-08-22,7,Bachelor,3,49549.2,56,25,18,6,100,4,31,1,3.95,False
1659,Legal,Male,31,Executive,2021-04-15,10,Diploma,4,66226.23,59,25,7,7,0,3,52,0,2.56,False
1660,HR,Female,31,Developer,2023-02-15,6,MBA,4,55376.75,36,18,9,0,50,11,74,2,1.47,False
1661,Legal,Female,32,Manager,2017-03-13,8,MBA,4,56888.34,43,19,17,1,25,7,67,0,2.19,False
1662,Sales,Female,27,Developer,2019-09-05,6,MBA,3,45776.98,40,25,13,8,50,11,20,0,2.04,False
1663,Legal,Female,34,Analyst,2017-04-16,8,Master,4,55996.81,37,22,2,10,0,13,54,0,2.72,False
1664,Marketing,Female,34,Analyst,2017-03-12,3,MBA,3,43046.64,45,18,14,5,75,5,69,3,4.24,False
1665,Finance,Female,25,Associate,2018-07-29,6,Diploma,3,55602.13,42,23,16,0,50,5,29,3,3.94,False
1666,Legal,Male,21,Manager,2023-03-28,9,PhD,3,64141.73,35,12,5,9,25,11,39,2,1.82,False
1667,Marketing,Male,35,Executive,2020-11-02,2,Bachelor,4,32024.76,55,25,17,6,0,14,75,1,4.12,False
1668,Operations,Female,25,Manager,2022-07-25,1,MBA,4,42907.61,47,23,18,7,100,8,75,2,1.59,False
1669,HR,Female,33,Associate,2016-03-04,4,PhD,3,38537.06,39,24,13,5,25,14,47,1,3.29,False
1670,Legal,Female,29,Executive,2023-12-11,8,PhD,3,54781.2,56,25,15,1,50,14,17,0,3.85,False
1671,Finance,Male,32,Executive,2023-01-03,9,MBA,4,66730.77,35,12,11,6,100,7,45,3,2.55,False
1672,Legal,Female,25,Manager,2016-02-20,1,PhD,3,31651.21,52,24,9,9,0,4,19,0,2.91,False
1673,Marketing,Female,26,Developer,2024-06-11,7,MBA,3,45762.58,54,22,19,0,50,9,38,0,4.21,False
1674,Marketing,Male,35,Lead,2017-02-10,5,MBA,4,47325.43,37,19,0,9,0,13,69,1,2.59,True
1675,Finance,Male,21,Analyst,2015-09-25,6,Diploma,4,53043.14,41,18,15,3,25,3,69,1,4.27,False
1676,Marketing,Male,37,Associate,2015-06-24,2,Diploma,2,32434.61,42,25,8,9,25,8,10,1,2.52,False
1677,HR,Female,35,Associate,2020-01-08,2,MBA,5,42643.42,38,23,15,5,75,5,72,1,1.81,True
1678,IT,Male,36,Associate,2025-04-11,6,Diploma,3,46513.16,41,17,5,0,75,5,16,1,2.75,False
1679,IT,Male,27,Analyst,2020-12-31,6,Master,4,42108.77,52,25,2,9,25,5,47,1,3.58,False
1680,Finance,Male,27,Associate,2022-12-23,2,MBA,3,29751.97,42,18,1,9,100,6,9,0,1.82,False
1681,Sales,Female,26,Lead,2026-03-24,2,MBA,3,38573.64,57,25,4,10,100,4,16,2,1.92,False
1682,IT,Female,30,Lead,2025-01-05,5,PhD,3,41942.95,45,20,7,0,0,3,16,0,4.41,False
1683,Operations,Male,38,Analyst,2019-03-11,6,PhD,4,50849.64,46,22,0,6,25,10,73,1,4.38,False
1684,Sales,Female,36,Developer,2025-01-15,0,PhD,3,32541.18,45,16,15,1,75,12,18,2,3.22,False
1685,Marketing,Male,36,Developer,2020-05-10,7,MBA,5,61770.41,45,24,16,0,100,11,72,2,2.03,False
1686,Legal,Male,24,Developer,2016-07-22,2,Diploma,4,40808.51,43,19,20,0,50,12,70,1,2.71,False
1687,Sales,Male,41,Manager,2024-08-31,8,Bachelor,3,48640.94,57,25,13,7,100,12,55,0,1.94,False
1688,HR,Female,23,Developer,2024-12-02,8,Diploma,5,58666.08,45,21,8,9,25,11,63,1,3.35,False
1689,HR,Male,35,Developer,2025-12-19,9,MBA,3,65713.2,58,25,14,3,75,6,37,3,2.55,False
1690,HR,Male,34,Analyst,2018-01-10,5,PhD,5,53234.73,45,23,0,0,50,11,59,3,2.49,False
1691,Finance,Male,24,Associate,2024-09-10,7,Bachelor,4,54550.28,56,24,5,0,25,11,74,2,3.39,False
1692,Finance,Male,25,Associate,2017-07-13,5,Bachelor,4,43381.5,40,21,9,6,50,10,52,1,2.81,True
1693,Operations,Male,25,Associate,2020-09-15,3,Bachelor,4,43414.91,54,25,7,0,50,14,18,0,2.75,False
1694,Operations,Female,24,Manager,2020-03-29,7,Master,4,52949.38,38,19,1,6,0,7,74,1,4.43,False
1695,Finance,Female,32,Executive,2022-11-05,7,Bachelor,5,52348.33,48,24,3,6,100,9,79,2,4.63,False
1696,IT,Male,37,Lead,2016-11-07,5,MBA,3,46838.51,46,20,20,8,75,9,10,2,1.22,False
1697,HR,Female,25,Manager,2017-07-10,3,MBA,3,34717.98,40,25,9,10,0,11,8,0,3.07,False
1698,Marketing,Female,33,Lead,2020-05-20,2,Master,3,41536.22,43,19,13,2,0,5,14,2,3.3,False
1699,HR,Female,28,Lead,2021-11-08,10,Diploma,3,53130.13,40,20,20,4,50,9,56,0,3.9,False
1700,Operations,Female,47,Developer,2017-03-19,9,MBA,5,60552.87,37,25,10,1,25,8,27,0,1.91,False
1701,Legal,Female,39,Lead,2017-11-07,8,Diploma,5,58535.88,35,23,19,2,50,10,58,2,2.5,False
1702,HR,Male,36,Analyst,2025-03-30,3,Master,2,33829.3,39,21,7,10,0,12,19,1,3.9,False
1703,Marketing,Female,36,Associate,2016-02-16,5,PhD,4,41261.21,58,25,0,6,100,13,71,0,3.41,False
1704,Finance,Male,36,Analyst,2019-03-24,0,Bachelor,4,34247.21,46,16,12,10,100,7,64,0,3.47,True
1705,Operations,Male,26,Manager,2016-12-01,6,Master,3,44471.48,58,25,8,1,25,10,5,0,4.42,True
1706,Sales,Male,36,Associate,2016-12-28,2,Diploma,5,42649.6,39,20,2,1,75,3,80,2,3.76,False
1707,Legal,Male,21,Associate,2020-01-24,10,Bachelor,5,69211.31,48,25,12,7,25,3,70,3,3.12,True
1708,Operations,Female,24,Analyst,2022-07-27,4,Master,4,43657.83,52,25,7,4,100,9,61,0,4.96,False
1709,Sales,Female,32,Lead,2022-07-13,0,Master,3,32299.5,53,25,4,10,25,4,53,2,2.48,False
1710,Legal,Male,33,Developer,2022-12-27,0,MBA,2,25289.76,53,25,14,10,100,6,12,0,4.01,True
1711,Marketing,Male,30,Executive,2019-12-11,7,MBA,4,58156.73,37,25,3,4,75,9,78,2,3.76,False
1712,IT,Male,37,Developer,2016-11-29,6,MBA,4,52789.47,59,25,3,2,100,9,72,2,4.88,False
1713,IT,Female,28,Executive,2017-03-16,7,PhD,4,52608.55,41,18,4,8,75,10,37,2,4.39,False
1714,HR,Female,39,Executive,2018-11-24,10,Master,4,62397.11,37,12,19,6,100,5,26,2,1.78,False
1715,Operations,Male,33,Associate,2025-05-29,3,Master,4,43688.8,35,20,18,6,25,8,37,3,4.12,False
1716,Legal,Female,33,Executive,2016-03-23,6,PhD,3,43980.29,45,17,7,9,75,10,35,0,4.53,False
1717,IT,Female,27,Developer,2025-01-20,1,Master,2,31234.12,46,23,7,5,25,13,18,1,3.92,True
1718,Operations,Female,24,Developer,2023-06-24,2,Master,2,33942.76,43,16,20,10,25,12,24,3,1.09,False
1719,Sales,Male,36,Lead,2017-04-26,3,Bachelor,3,42886.26,56,25,1,2,100,9,45,1,4.67,False
1720,Operations,Female,28,Manager,2016-02-15,0,Bachelor,2,28768.12,40,20,14,0,0,4,30,2,4.35,False
1721,Finance,Male,21,Executive,2018-04-01,1,Master,3,36249.85,39,25,8,4,100,12,10,3,2.64,False
1722,Marketing,Male,33,Analyst,2024-05-29,5,Bachelor,4,49011.91,51,25,11,8,50,12,28,1,4.38,False
1723,Sales,Male,28,Developer,2025-11-07,5,PhD,5,48155.58,49,19,4,3,0,12,78,0,2.86,True
1724,HR,Female,31,Lead,2021-02-28,7,Master,2,49322.94,49,25,19,0,25,6,11,2,1.53,False
1725,HR,Male,30,Developer,2025-10-14,7,MBA,4,50497.63,39,14,4,2,100,7,73,0,1.91,False
1726,Marketing,Female,21,Lead,2020-07-09,7,Bachelor,3,52203.53,39,14,16,9,25,3,18,1,3.85,False
1727,Legal,Male,31,Manager,2018-06-14,2,PhD,4,34734.56,52,25,15,2,25,11,37,1,3.11,False
1728,Finance,Female,37,Executive,2015-06-09,6,Bachelor,4,56533.04,53,18,5,0,0,6,76,2,1.08,False
1729,Marketing,Female,28,Manager,2016-12-20,3,Diploma,2,38141.48,36,25,15,9,75,12,11,2,2.4,False
1730,Operations,Male,37,Developer,2025-03-23,4,Bachelor,4,48402.85,46,25,7,1,25,11,9,3,2.87,True
1731,Marketing,Female,31,Manager,2021-01-10,5,Diploma,4,52005.44,45,24,7,1,50,12,75,3,2.11,False
1732,Legal,Female,32,Associate,2016-04-09,4,Master,3,40582.62,50,20,12,7,50,14,14,3,4.92,False
1733,Finance,Female,33,Analyst,2021-12-18,1,Master,4,35519.23,41,22,19,0,0,10,49,2,2.11,True
1734,Marketing,Female,28,Developer,2020-06-01,9,Master,4,63482.78,38,20,19,2,25,6,42,3,4.64,False
1735,Marketing,Male,44,Analyst,2024-06-09,4,MBA,4,48148.8,44,25,5,6,25,12,29,2,2.62,False
1736,IT,Male,34,Manager,2020-02-11,0,Diploma,3,33480.41,52,25,7,8,75,5,52,3,4.63,False
1737,Sales,Female,28,Associate,2024-06-06,7,Diploma,3,52013.96,40,15,4,0,25,8,32,2,3.27,True
1738,Marketing,Female,35,Lead,2017-06-03,3,Bachelor,4,43289.52,53,25,9,3,75,11,41,0,4.77,False
1739,Marketing,Female,33,Lead,2026-03-01,8,PhD,3,59182.49,60,25,18,9,50,10,26,3,1.6,False
1740,Legal,Male,32,Associate,2025-09-20,3,Bachelor,3,35925.24,52,20,12,0,50,13,15,0,4.86,False
1741,Sales,Male,31,Lead,2025-12-29,9,MBA,3,56794.56,55,25,12,7,50,9,61,2,4.77,False
1742,Sales,Female,35,Executive,2019-02-09,10,MBA,4,67150.29,42,23,10,8,0,12,36,3,2.93,False
1743,Operations,Female,23,Associate,2021-03-16,5,MBA,3,51769.45,44,24,19,7,75,7,10,3,3.76,False
1744,Legal,Female,27,Executive,2018-07-20,5,Bachelor,3,50847.97,54,25,6,5,0,10,42,3,4.76,False
1745,Legal,Female,23,Developer,2024-11-02,1,PhD,3,31792.01,53,25,18,7,50,12,14,1,4.4,False
1746,Marketing,Female,23,Developer,2026-01-31,1,MBA,3,33639.78,58,25,2,1,0,12,24,1,1.19,False
1747,Sales,Female,21,Analyst,2018-04-07,2,Bachelor,3,36720.48,52,24,7,7,100,14,35,1,2.57,False
1748,Marketing,Male,30,Analyst,2023-12-16,9,PhD,5,66034.15,45,21,8,9,50,14,70,2,1.32,False
1749,HR,Male,28,Manager,2019-08-23,9,Diploma,3,55204.87,58,24,6,10,100,12,7,0,4.5,False
1750,Legal,Male,25,Associate,2018-01-14,4,Bachelor,3,53818.92,47,23,15,4,100,3,41,3,4.83,False
1751,Legal,Female,29,Manager,2023-10-08,9,Master,2,57441.94,44,14,20,7,50,6,19,3,1.41,False
1752,IT,Male,40,Associate,2021-06-25,4,MBA,3,44539.59,47,19,17,9,25,10,8,2,4.27,False
1753,Finance,Male,36,Developer,2022-11-20,1,MBA,3,32014.06,37,24,14,3,75,5,43,1,4.4,False
1754,Operations,Female,21,Analyst,2017-08-12,3,Master,4,49965.92,54,25,19,2,0,6,49,3,1.17,False
1755,HR,Female,29,Analyst,2023-01-15,4,Diploma,3,44522.17,51,23,10,10,50,3,34,3,2.47,False
1756,Sales,Male,38,Associate,2019-12-14,1,Master,3,29843.03,39,22,12,10,100,3,36,0,1.85,False
1757,HR,Female,31,Manager,2022-03-30,7,MBA,4,53650.23,50,25,0,7,100,8,51,2,4.89,False
1758,Finance,Male,32,Manager,2018-01-05,4,Master,4,40307.78,58,25,5,1,0,9,78,1,2.32,True
1759,IT,Female,32,Associate,2018-05-19,8,PhD,4,56160.35,51,25,6,9,75,12,39,2,2.24,False
1760,Sales,Female,25,Associate,2024-01-27,6,Diploma,4,51795.44,38,18,7,0,100,5,62,3,3.8,False
1761,Marketing,Male,35,Executive,2017-05-25,6,Bachelor,4,53162.31,40,19,10,6,100,5,79,1,1.12,False
1762,Operations,Male,37,Manager,2023-10-19,4,Master,4,45400.57,54,25,9,5,0,14,65,1,4.11,False
1763,Marketing,Female,28,Developer,2018-07-30,6,MBA,3,57896.03,59,25,2,6,50,7,43,3,2.59,False
1764,Marketing,Female,32,Lead,2019-12-02,4,Diploma,4,41204.22,53,25,19,2,25,7,72,0,2.78,False
1765,IT,Male,28,Executive,2022-09-18,3,Diploma,4,46763.78,43,25,20,10,0,3,74,2,2.54,False
1766,Legal,Female,34,Manager,2016-03-02,2,PhD,4,35710.04,43,18,10,8,0,12,53,2,1.94,False
1767,IT,Male,40,Manager,2021-02-27,9,Master,4,57502.84,49,21,19,9,75,4,46,1,1.28,False
1768,Sales,Male,38,Manager,2018-02-02,9,Master,3,54959.57,59,25,6,10,25,8,13,1,2.23,True
1769,Legal,Male,21,Manager,2016-09-14,9,Diploma,4,64198.6,45,20,3,5,25,9,56,1,4.74,False
1770,Sales,Male,27,Developer,2023-07-05,9,Master,4,63353.37,55,25,19,5,100,8,59,1,2.84,False
1771,Legal,Male,28,Manager,2023-04-15,2,PhD,3,32142.7,37,18,9,5,50,6,62,0,1.66,False
1772,Legal,Female,36,Analyst,2020-08-07,6,MBA,2,54143.98,59,25,9,6,25,3,7,3,3.13,False
1773,Operations,Male,31,Executive,2019-02-24,10,Diploma,4,59206.78,41,22,18,9,0,3,58,1,1.84,False
1774,Finance,Male,31,Executive,2016-08-16,7,Diploma,4,56712.46,58,25,15,10,50,5,64,1,2.67,False
1775,HR,Female,24,Manager,2022-05-17,1,Master,3,32413.41,41,23,16,6,0,4,62,3,4.15,False
1776,Operations,Female,39,Analyst,2018-04-01,10,Master,5,69608.76,43,21,8,0,100,5,48,3,1.83,True
1777,HR,Male,34,Associate,2018-09-01,6,Diploma,4,55506.56,47,19,6,8,100,5,67,3,4.3,False
1778,Legal,Male,21,Associate,2018-01-30,1,PhD,3,31367.43,46,25,18,3,100,7,33,0,2.13,False
1779,Operations,Female,39,Analyst,2025-06-15,1,Bachelor,3,34916.4,54,25,10,0,25,14,25,1,3.59,False
1780,HR,Male,25,Executive,2021-07-29,1,MBA,3,31103.73,35,17,16,1,0,8,24,0,2.56,False
1781,Operations,Male,33,Analyst,2017-05-09,2,PhD,3,40287.9,49,20,20,2,100,3,40,3,3.65,False
1782,Operations,Male,27,Analyst,2018-11-09,2,MBA,4,49301.32,40,25,15,8,50,4,72,3,3.05,False
1783,Marketing,Male,29,Developer,2022-11-14,10,Diploma,4,63369.65,60,25,15,2,0,13,74,0,4.47,False
1784,IT,Female,40,Analyst,2017-09-25,6,MBA,4,49769.61,51,25,2,3,0,8,39,3,2.55,False
1785,Marketing,Male,30,Lead,2021-07-04,7,Diploma,3,54968.21,36,14,17,0,75,8,8,3,4.63,False
1786,Operations,Female,30,Associate,2017-10-07,0,MBA,4,31757.0,59,25,13,7,50,11,75,2,2.97,False
1787,HR,Male,31,Executive,2025-03-03,7,PhD,4,55111.17,43,18,16,4,75,8,65,1,3.57,False
1788,Marketing,Female,33,Manager,2018-04-23,8,PhD,4,50616.98,53,25,9,10,50,11,30,0,2.02,False
1789,Operations,Male,38,Associate,2021-02-11,0,Master,3,31718.84,57,24,11,4,25,12,16,2,4.34,True
1790,Finance,Female,37,Analyst,2018-03-25,0,PhD,3,32171.72,51,23,0,2,25,11,24,2,1.28,True
1791,IT,Female,34,Lead,2017-03-26,5,PhD,4,43752.32,53,23,1,10,0,7,64,1,1.4,False
1792,Operations,Male,38,Analyst,2018-06-18,0,Bachelor,4,30205.6,49,22,0,2,100,14,41,1,3.85,False
1793,Finance,Male,32,Manager,2015-08-16,4,Diploma,3,49129.33,40,17,16,3,0,3,33,2,2.17,True
1794,Legal,Female,36,Manager,2021-05-19,10,MBA,5,59141.86,35,21,3,3,0,3,79,1,2.25,False
1795,HR,Male,36,Executive,2015-11-05,10,MBA,4,58336.01,55,25,18,7,25,12,47,0,1.77,False
1796,IT,Female,34,Associate,2018-10-10,3,Master,4,41151.04,43,14,17,9,50,3,44,1,2.28,False
1797,HR,Female,33,Lead,2021-12-08,10,Diploma,4,66315.62,50,22,13,2,25,4,76,1,3.71,True
1798,HR,Male,36,Analyst,2018-05-15,6,PhD,4,45049.25,39,23,19,6,100,4,69,0,1.95,False
1799,HR,Female,31,Lead,2022-08-17,5,MBA,3,39427.1,45,25,15,4,100,10,53,1,4.39,False
1800,Operations,Male,42,Associate,2025-06-23,5,PhD,4,50277.68,43,25,0,7,0,10,49,3,2.26,False
1801,Sales,Male,33,Associate,2015-11-10,8,Master,4,53879.49,58,25,15,3,25,5,65,0,3.12,False
1802,HR,Female,36,Lead,2015-08-24,7,Master,4,53313.6,48,25,10,0,75,7,71,1,4.04,False
1803,HR,Female,23,Lead,2019-02-19,6,PhD,3,49086.19,38,17,9,4,0,14,39,1,3.99,False
1804,Operations,Male,36,Executive,2017-12-26,10,Diploma,3,60782.3,52,25,13,6,50,7,26,1,3.0,False
1805,Marketing,Female,35,Manager,2015-10-17,3,MBA,3,39776.58,43,21,17,10,0,8,59,2,4.77,False
1806,Legal,Female,34,Executive,2020-05-01,6,Diploma,3,48412.9,49,24,9,6,0,7,64,2,4.77,True
1807,Legal,Female,43,Analyst,2025-01-06,0,PhD,4,35468.73,59,22,0,9,25,8,55,3,3.02,False
1808,Sales,Female,34,Associate,2017-03-08,3,Diploma,3,33355.06,40,18,15,6,50,9,14,1,2.08,False
1809,Legal,Male,35,Associate,2019-01-30,7,PhD,3,50903.8,56,25,3,8,100,8,11,3,3.75,False
1810,Legal,Female,34,Developer,2026-01-13,0,MBA,1,23989.7,44,25,12,4,25,11,8,1,2.6,False
1811,IT,Female,37,Executive,2025-08-25,5,Diploma,2,48498.23,52,25,7,8,50,8,17,3,2.59,False
1812,Finance,Male,26,Analyst,2019-11-01,7,Diploma,4,53884.99,48,23,2,0,50,13,48,2,3.56,False
1813,Sales,Male,23,Associate,2020-11-18,0,MBA,4,36294.9,45,16,20,1,50,4,61,1,2.77,False
1814,Legal,Female,32,Analyst,2018-03-28,4,MBA,4,41422.12,47,25,0,1,100,11,46,0,2.31,False
1815,HR,Male,38,Executive,2023-12-13,0,PhD,3,31906.21,37,17,14,1,25,4,44,3,4.04,False
1816,Operations,Female,24,Manager,2024-02-23,10,PhD,5,68633.07,49,18,1,8,75,4,75,3,4.35,False
1817,Legal,Female,34,Associate,2019-04-29,10,Master,2,61826.24,44,18,0,0,75,6,14,3,1.66,False
1818,HR,Female,31,Lead,2020-02-14,6,Bachelor,3,53883.85,54,20,0,0,25,3,15,3,1.71,False
1819,Operations,Female,21,Executive,2020-10-31,1,Master,4,38582.85,58,23,1,5,0,5,73,1,3.54,False
1820,Operations,Female,33,Associate,2024-07-31,6,Bachelor,3,50228.27,59,25,1,4,75,5,5,2,3.09,False
1821,Operations,Male,27,Analyst,2025-02-28,8,Bachelor,3,50608.21,47,22,3,4,25,5,9,0,1.92,False
1822,IT,Female,22,Associate,2023-02-17,7,Bachelor,5,54278.75,53,25,12,9,50,13,68,2,4.92,False
1823,Operations,Male,42,Lead,2024-11-23,8,PhD,3,53040.11,41,15,10,1,50,11,10,2,1.59,False
1824,IT,Male,30,Manager,2021-03-27,5,PhD,3,41403.72,44,25,16,8,75,10,33,0,1.44,False
1825,IT,Male,37,Analyst,2023-04-22,9,Master,4,56388.98,40,25,0,4,25,4,44,1,1.51,False
1826,HR,Male,27,Manager,2025-02-17,4,Master,3,45836.56,49,23,1,10,100,3,56,0,4.91,False
1827,IT,Female,38,Analyst,2023-02-20,10,Bachelor,3,61654.11,57,25,18,10,50,3,25,2,4.0,False
1828,IT,Male,31,Associate,2018-10-15,5,Diploma,3,47349.91,55,25,9,3,0,3,14,3,2.09,False
1829,Operations,Female,33,Executive,2020-08-12,10,Bachelor,4,60410.25,56,25,2,8,50,11,43,0,2.62,False
1830,Marketing,Male,35,Lead,2019-01-17,7,MBA,4,58064.33,49,22,19,2,25,6,44,2,1.24,False
1831,Legal,Female,29,Manager,2021-03-21,4,Master,4,46746.49,52,25,5,6,50,6,32,3,3.23,False
1832,Operations,Male,25,Executive,2024-03-12,2,Bachelor,4,36184.89,44,25,13,1,75,12,73,0,3.79,False
1833,Operations,Male,33,Analyst,2017-11-08,9,PhD,3,58833.43,44,18,8,5,0,13,24,0,4.34,False
1834,Finance,Female,27,Lead,2017-05-29,2,Master,4,37878.73,35,17,12,6,50,7,69,0,4.51,False
1835,Legal,Male,28,Analyst,2023-02-22,10,Master,4,61273.85,54,25,4,2,100,8,55,0,4.03,False
1836,Finance,Female,35,Lead,2023-10-04,9,MBA,4,61158.54,45,25,13,1,100,7,61,0,4.5,True
1837,Sales,Female,32,Lead,2024-12-01,6,Master,3,43455.98,43,23,6,8,0,7,29,1,1.25,False
1838,Sales,Female,28,Executive,2023-12-23,7,Diploma,2,48462.5,45,25,16,10,75,11,5,1,2.04,False
1839,HR,Female,26,Analyst,2017-07-30,6,Master,4,55934.65,46,24,19,2,0,11,57,3,3.94,False
1840,IT,Female,31,Manager,2016-06-09,9,Bachelor,3,59683.06,58,25,10,6,75,8,28,1,4.87,True
1841,IT,Female,48,Lead,2015-12-09,1,Diploma,3,34383.38,53,25,19,3,25,3,43,0,3.45,True
1842,Finance,Female,24,Developer,2022-11-12,4,Master,3,40373.35,53,24,8,4,100,6,46,3,3.88,True
1843,HR,Male,30,Developer,2016-09-04,3,Master,4,41697.71,38,15,11,1,0,3,57,0,3.9,False
1844,Operations,Male,29,Developer,2021-04-17,6,Master,3,49459.09,52,25,18,7,25,14,46,1,1.76,False
1845,Marketing,Male,32,Associate,2016-01-13,5,Bachelor,3,49353.06,37,20,15,0,0,10,64,3,1.7,False
1846,Legal,Male,34,Manager,2023-07-08,6,Bachelor,4,54310.89,59,25,8,9,50,9,71,1,2.24,False
1847,HR,Male,30,Executive,2017-12-05,3,PhD,2,30692.61,44,22,2,4,0,7,25,0,4.99,False
1848,HR,Female,29,Developer,2025-02-25,9,Master,4,63218.13,60,25,7,6,100,4,63,2,3.69,False
1849,Marketing,Female,39,Associate,2018-07-23,3,Master,4,45290.26,56,21,10,5,100,4,69,3,2.02,False
1850,HR,Female,30,Lead,2018-07-19,9,PhD,3,59233.75,57,25,13,3,75,4,26,2,1.57,False
1851,Sales,Male,33,Lead,2022-06-23,1,MBA,4,31651.43,60,25,18,5,25,10,70,0,4.23,False
1852,Finance,Female,21,Manager,2020-01-15,2,PhD,4,46067.13,40,24,5,3,25,12,66,3,4.56,False
1853,Sales,Female,23,Analyst,2022-08-02,7,Diploma,2,53097.44,52,25,10,3,75,9,10,3,4.45,False
1854,HR,Male,32,Executive,2015-10-27,10,Master,3,64437.41,36,24,13,0,50,12,25,3,3.52,False
1855,Finance,Female,26,Developer,2022-08-05,2,Master,3,34187.28,47,19,9,0,25,14,8,1,1.61,False
1856,Marketing,Female,30,Lead,2025-05-13,4,MBA,4,46145.05,39,20,13,7,50,14,65,0,4.17,False
1857,Marketing,Male,36,Lead,2022-04-16,10,Bachelor,4,66574.03,55,25,10,10,75,6,37,1,2.19,False
1858,IT,Male,35,Analyst,2017-04-07,6,MBA,3,49578.34,36,18,18,1,0,3,44,0,2.64,False
1859,Legal,Female,31,Executive,2022-07-20,7,Master,4,54120.52,53,25,16,6,75,5,25,1,2.03,False
1860,Marketing,Male,21,Developer,2016-08-23,10,Diploma,4,62028.06,58,25,3,5,75,5,49,2,2.3,False
1861,Marketing,Male,37,Developer,2026-03-15,10,MBA,3,61833.35,36,17,16,0,25,12,16,2,3.89,False
1862,HR,Male,31,Lead,2022-01-12,4,Bachelor,4,39442.03,48,25,12,4,100,12,35,2,4.0,False
1863,Marketing,Female,31,Analyst,2018-09-02,6,Diploma,4,57768.94,49,25,7,9,100,8,42,3,2.52,False
1864,IT,Female,33,Lead,2020-07-14,7,Bachelor,4,53972.8,59,25,17,2,25,3,60,2,1.05,False
1865,IT,Male,30,Developer,2015-05-26,8,Master,3,58457.04,58,25,19,3,0,10,30,3,2.54,False
1866,Operations,Female,21,Executive,2019-09-14,10,MBA,5,62294.77,52,25,16,3,0,11,75,0,3.62,True
1867,Finance,Female,38,Associate,2019-05-24,2,Diploma,3,35410.88,36,25,16,2,50,11,36,1,3.82,False
1868,Operations,Male,26,Associate,2019-01-12,6,Master,4,53575.78,44,23,6,1,100,8,37,3,2.01,False
1869,Finance,Female,22,Executive,2021-04-15,3,PhD,2,44903.02,53,25,7,2,25,14,23,3,3.99,False
1870,Legal,Female,38,Lead,2021-06-12,7,Master,3,54956.23,44,19,1,4,75,5,41,3,3.9,False
1871,Operations,Female,31,Manager,2018-05-15,2,PhD,4,37294.27,57,25,11,9,25,14,66,0,1.55,False
1872,Finance,Male,34,Analyst,2016-01-24,8,Diploma,4,51727.46,37,19,18,1,25,8,42,0,1.31,False
1873,Marketing,Male,24,Developer,2018-11-06,9,Master,4,60433.19,42,24,7,3,100,12,70,3,4.92,False
1874,HR,Female,34,Analyst,2015-02-17,8,Master,3,61840.41,41,18,20,10,100,8,41,2,2.95,True
1875,IT,Female,35,Manager,2024-11-22,8,Diploma,3,55453.81,60,25,13,9,25,10,18,3,3.1,False
1876,Finance,Female,44,Executive,2017-06-03,10,Master,4,66789.77,43,18,9,3,75,9,78,2,1.9,False
1877,Finance,Female,27,Executive,2020-12-16,1,Diploma,3,39274.07,44,20,7,8,75,14,19,3,1.34,False
1878,HR,Male,21,Executive,2020-09-19,7,Bachelor,4,50567.89,48,25,20,8,100,10,50,2,4.61,False
1879,Legal,Female,24,Analyst,2025-07-02,6,Bachelor,3,46461.13,43,25,0,3,75,14,63,0,4.43,False
1880,Finance,Female,27,Executive,2017-06-11,2,Master,5,37635.08,53,25,6,3,0,5,75,0,1.47,False
1881,Marketing,Female,45,Developer,2019-03-02,7,PhD,3,52888.54,45,22,0,10,50,10,65,2,4.35,False
1882,IT,Female,27,Analyst,2016-09-09,0,Master,4,32571.05,48,25,1,7,25,11,67,1,2.9,False
1883,Finance,Male,38,Associate,2020-01-05,4,MBA,4,49930.6,60,25,5,7,75,9,56,1,2.76,False
1884,Finance,Male,34,Developer,2018-10-18,0,MBA,4,33203.6,43,20,10,6,25,4,35,0,3.86,False
1885,Operations,Male,25,Executive,2015-05-25,3,Master,4,45680.98,56,19,9,0,0,4,41,3,2.95,False
1886,Legal,Male,34,Associate,2024-12-07,10,PhD,3,58869.91,39,15,9,1,25,10,31,0,1.75,False
1887,Operations,Female,29,Manager,2018-03-16,8,Diploma,3,54943.99,36,14,6,6,25,11,14,2,1.93,False
1888,IT,Male,26,Developer,2023-04-21,9,MBA,4,63505.63,53,25,12,5,75,10,54,1,2.16,False
1889,Marketing,Male,41,Manager,2015-11-29,10,Diploma,3,63489.56,60,25,7,1,25,8,10,2,4.94,False
1890,HR,Female,25,Developer,2016-08-12,6,Master,5,53945.44,54,25,15,7,0,4,73,1,4.15,False
1891,Operations,Female,31,Associate,2024-06-05,10,Master,4,68867.92,38,14,1,3,0,6,71,2,1.57,False
1892,Finance,Female,37,Developer,2021-07-15,9,Bachelor,4,55926.46,37,18,15,2,25,7,22,1,3.42,False
1893,IT,Male,29,Executive,2022-07-12,5,Master,4,49914.02,41,17,9,0,50,5,14,3,2.3,False
1894,IT,Female,36,Lead,2023-06-13,9,PhD,4,59722.63,60,25,20,1,75,3,40,3,1.52,False
1895,HR,Male,32,Associate,2023-10-11,2,Diploma,4,44136.8,37,11,12,10,50,10,61,2,2.98,False
1896,Sales,Female,26,Lead,2023-03-10,3,PhD,5,41351.73,39,20,19,4,0,5,56,3,3.56,False
1897,HR,Male,43,Developer,2024-05-15,10,Bachelor,3,55754.71,41,19,15,0,50,13,14,1,2.23,False
1898,Legal,Male,37,Manager,2023-09-21,8,MBA,4,58838.2,40,20,17,1,50,13,64,0,1.37,False
1899,IT,Female,41,Lead,2019-03-25,6,Master,3,50918.67,50,20,1,0,100,4,26,3,3.4,False
1900,HR,Male,37,Lead,2023-10-08,2,MBA,4,39017.32,44,22,14,6,0,14,49,1,1.5,False
1901,Marketing,Male,32,Executive,2019-02-02,1,Master,3,37907.8,49,21,2,7,75,10,79,2,1.11,False
1902,Finance,Female,30,Executive,2025-12-17,10,PhD,3,58484.86,58,25,2,8,75,9,18,0,1.88,False
1903,Finance,Female,22,Analyst,2022-11-16,8,PhD,5,53767.61,37,19,8,1,100,5,67,0,3.04,False
1904,Legal,Male,29,Manager,2020-06-21,3,MBA,3,35318.23,44,19,4,4,25,9,50,0,4.03,False
1905,Legal,Female,35,Lead,2024-06-29,1,PhD,4,39368.85,39,16,9,2,75,8,62,2,1.28,False
1906,IT,Female,28,Lead,2025-05-29,3,Bachelor,3,40409.33,39,23,18,5,100,14,69,0,2.6,False
1907,Legal,Female,28,Manager,2018-10-30,1,Bachelor,3,35706.82,37,25,14,3,50,7,53,3,4.08,False
1908,HR,Female,35,Associate,2017-12-22,2,Master,4,42024.91,59,23,9,5,75,11,69,3,4.34,False
1909,Marketing,Male,34,Analyst,2022-03-08,4,PhD,3,46358.27,44,24,8,10,25,8,13,2,1.93,False
1910,Sales,Female,22,Manager,2016-07-27,6,Master,3,44849.76,41,19,5,10,50,14,28,0,4.18,True
1911,HR,Male,25,Executive,2019-11-29,9,PhD,4,63998.71,43,21,17,7,75,12,49,1,3.36,False
1912,HR,Female,25,Developer,2024-08-19,9,Master,3,52919.28,44,25,20,3,100,3,41,1,3.08,False
1913,Finance,Male,24,Manager,2017-11-25,2,MBA,3,39137.98,40,25,18,6,50,14,65,2,4.62,False
1914,HR,Female,36,Associate,2021-09-17,6,Master,3,50339.49,37,22,17,0,75,7,11,0,3.69,False
1915,Marketing,Male,35,Executive,2025-09-25,7,MBA,4,61334.1,50,25,8,1,0,6,15,2,2.79,False
1916,IT,Female,38,Lead,2018-03-10,0,PhD,4,29653.8,58,23,11,10,100,12,62,0,4.37,True
1917,Operations,Female,26,Manager,2021-12-12,4,Bachelor,4,45113.7,54,25,14,5,0,12,28,1,1.78,True
1918,IT,Male,27,Analyst,2017-01-19,0,Diploma,5,29619.61,35,19,14,2,50,5,78,0,2.25,False
1919,IT,Male,23,Executive,2020-01-16,2,Master,4,36309.74,51,24,6,4,50,10,78,0,2.09,False
1920,Operations,Male,44,Executive,2023-01-27,5,MBA,3,47137.59,52,23,2,7,75,14,23,2,3.2,False
1921,HR,Male,31,Lead,2026-03-17,0,PhD,2,25526.24,47,22,7,5,75,11,17,0,4.25,False
1922,IT,Male,24,Manager,2018-01-04,9,MBA,3,52444.75,55,25,4,7,100,9,20,1,1.77,False
1923,Legal,Female,21,Executive,2023-02-03,8,Bachelor,4,61801.31,55,25,0,8,100,8,20,2,2.22,False
1924,HR,Female,27,Executive,2019-04-29,6,PhD,4,45579.13,48,18,6,10,100,11,47,1,1.31,False
1925,IT,Male,27,Executive,2016-06-21,3,Bachelor,3,38914.28,52,23,11,10,75,13,43,1,2.18,True
1926,Finance,Male,33,Analyst,2020-05-06,8,Diploma,3,52336.97,49,20,8,4,0,9,12,0,4.64,False
1927,Sales,Female,39,Analyst,2019-04-14,7,Master,3,45849.59,47,18,11,4,0,12,44,0,1.5,True
1928,Finance,Male,32,Analyst,2020-07-22,9,Diploma,3,52066.57,38,21,2,7,50,14,7,1,1.35,False
1929,Marketing,Male,33,Executive,2018-12-28,10,Diploma,3,58691.74,48,19,9,2,100,9,9,2,1.1,False
1930,Finance,Female,29,Associate,2015-06-28,1,MBA,3,39613.53,56,25,11,6,0,8,8,2,2.79,False
1931,Marketing,Male,39,Lead,2020-08-25,0,PhD,2,30569.55,59,25,16,3,25,12,36,3,2.14,False
1932,IT,Female,32,Executive,2025-11-21,4,MBA,3,41896.35,42,20,17,10,0,6,80,1,1.58,False
1933,Marketing,Female,29,Executive,2022-10-16,1,PhD,2,31959.06,35,15,19,1,0,6,76,3,2.62,False
1934,Marketing,Female,47,Executive,2018-09-30,0,Diploma,4,30526.51,39,17,8,6,100,8,33,1,4.11,False
1935,Legal,Male,26,Executive,2023-07-18,4,Diploma,3,40783.41,44,16,8,9,100,10,30,0,3.11,False
1936,IT,Female,35,Developer,2023-09-19,4,Bachelor,3,38921.42,35,24,12,3,0,3,42,0,1.01,False
1937,HR,Female,26,Manager,2015-06-06,6,Diploma,3,46588.21,41,18,13,9,25,4,24,1,2.11,True
1938,IT,Male,31,Analyst,2018-01-11,9,Bachelor,2,56930.32,55,25,6,6,75,11,11,0,1.48,False
1939,Finance,Male,26,Developer,2024-09-19,10,Bachelor,4,61204.23,36,9,16,1,50,4,66,0,3.99,False
1940,IT,Male,38,Executive,2018-09-05,8,Master,4,57487.72,39,17,13,6,0,10,37,0,1.18,False
1941,Operations,Male,30,Analyst,2017-03-11,10,PhD,3,63822.56,58,25,7,2,0,14,17,2,1.66,False
1942,Finance,Female,32,Associate,2020-06-04,3,Master,4,48554.4,54,22,11,1,75,10,18,3,1.74,False
1943,Operations,Male,39,Manager,2020-02-18,8,PhD,3,55418.66,36,25,8,1,100,6,10,1,2.94,False
1944,Sales,Female,39,Associate,2017-01-24,7,Master,4,56883.7,39,21,12,10,75,5,65,3,2.32,True
1945,Marketing,Female,34,Lead,2016-05-15,10,PhD,4,59996.89,51,25,4,9,100,3,63,0,3.87,False
1946,Operations,Female,25,Analyst,2016-12-13,7,Master,3,50275.31,56,25,12,10,25,5,14,3,3.11,False
1947,Sales,Female,21,Manager,2020-01-22,0,Diploma,3,23253.11,50,21,19,3,50,10,16,1,3.91,False
1948,IT,Male,30,Executive,2025-12-13,5,PhD,3,42386.41,43,25,16,2,75,12,18,0,1.91,False
1949,IT,Female,26,Associate,2021-05-17,1,Master,3,29829.21,36,12,3,0,50,10,29,0,1.89,False
1950,IT,Male,34,Lead,2023-12-29,1,MBA,3,33868.21,50,25,12,4,25,9,14,2,2.54,False
1951,HR,Female,22,Associate,2016-07-30,9,MBA,5,61343.54,58,25,16,10,75,9,78,0,2.49,False
1952,Operations,Female,35,Lead,2016-12-31,10,PhD,3,59622.17,49,25,7,2,75,12,10,1,4.16,False
1953,Finance,Female,21,Lead,2021-07-10,3,MBA,3,31956.6,41,21,3,2,0,13,46,0,2.55,False
1954,HR,Male,31,Associate,2017-03-03,6,Diploma,3,45497.41,50,25,18,4,100,12,57,0,2.9,False
1955,IT,Male,39,Executive,2020-06-08,8,PhD,4,47747.53,50,25,14,10,0,10,17,0,3.22,False
1956,HR,Male,31,Lead,2022-05-20,1,Diploma,4,40674.72,44,18,2,2,0,8,80,3,4.23,False
1957,Legal,Male,31,Executive,2025-06-12,0,Bachelor,3,29290.9,55,25,20,1,0,6,8,2,4.39,False
1958,Marketing,Male,40,Manager,2023-09-26,7,Diploma,4,53215.23,49,24,17,10,25,7,68,1,4.45,False
1959,Finance,Female,21,Developer,2016-01-07,2,Bachelor,4,41734.24,58,24,11,6,50,11,48,2,2.65,False
1960,Finance,Female,32,Executive,2025-01-12,8,PhD,3,58382.56,39,19,0,10,0,14,54,3,2.07,False
1961,Finance,Male,41,Developer,2020-08-09,10,Master,3,55451.22,49,25,11,9,75,14,28,0,2.82,False
1962,IT,Male,26,Lead,2023-10-01,1,MBA,3,36729.92,36,19,1,8,25,5,52,3,3.53,False
1963,Finance,Female,33,Lead,2017-07-13,6,PhD,3,48726.57,54,25,3,4,100,3,17,2,3.57,False
1964,Finance,Female,34,Lead,2019-04-05,4,Bachelor,3,42115.59,50,23,17,0,25,8,38,0,1.49,False
1965,Operations,Male,33,Analyst,2021-10-26,6,Master,3,50762.17,42,17,2,9,100,3,77,3,2.76,False
1966,Marketing,Female,33,Developer,2022-02-19,10,MBA,4,56991.24,48,20,11,2,0,8,19,1,1.4,False
1967,Sales,Male,40,Developer,2024-01-29,8,Bachelor,4,62241.95,52,23,6,1,25,14,28,3,1.01,False
1968,Marketing,Male,22,Developer,2016-10-18,6,Bachelor,4,50404.88,51,25,12,9,25,5,40,1,1.52,False
1969,Sales,Female,36,Analyst,2024-02-03,10,Master,3,64042.5,51,25,0,6,75,4,18,3,4.34,True
1970,Legal,Female,39,Lead,2016-10-07,8,PhD,3,48105.15,60,25,11,5,25,6,41,1,1.92,True
1971,Finance,Female,39,Executive,2019-05-06,9,Bachelor,3,52583.71,42,22,7,7,50,5,42,1,1.33,False
1972,Legal,Female,31,Associate,2019-03-09,1,Diploma,4,35755.51,49,18,10,5,100,3,71,2,2.89,False
1973,HR,Female,31,Developer,2015-06-06,10,PhD,4,70381.34,37,25,19,6,0,12,73,3,3.47,False
1974,HR,Female,27,Executive,2024-11-13,2,Master,3,39326.85,55,25,1,6,0,6,28,1,1.31,False
1975,Finance,Male,34,Lead,2018-04-07,6,Bachelor,3,47937.07,41,25,0,8,50,6,56,1,3.59,False
1976,Marketing,Female,31,Executive,2016-07-24,10,PhD,4,64139.44,41,22,16,5,50,8,35,3,1.81,False
1977,IT,Male,29,Lead,2021-06-09,10,MBA,3,67349.56,43,18,15,6,0,13,18,3,3.22,False
1978,Legal,Female,26,Manager,2015-08-18,0,Diploma,3,39882.91,40,21,4,9,100,7,16,3,2.55,False
1979,Legal,Male,30,Developer,2024-04-10,6,Bachelor,5,64730.35,56,25,5,4,0,10,64,3,3.12,True
1980,Finance,Male,45,Executive,2024-03-26,9,Master,5,69055.77,37,12,7,0,0,3,79,2,1.45,False
1981,Finance,Female,26,Manager,2017-09-30,6,Diploma,4,47592.49,41,16,9,6,0,7,62,0,3.25,False
1982,Operations,Male,23,Analyst,2015-12-09,0,Master,3,29269.33,46,23,4,2,100,5,58,2,4.03,False
1983,Marketing,Female,31,Developer,2021-02-06,6,Master,4,50534.22,51,25,1,0,50,13,65,3,4.38,False
1984,IT,Female,24,Associate,2015-10-27,6,Diploma,3,49973.6,57,25,20,4,25,6,75,3,3.8,True
1985,IT,Female,21,Executive,2020-04-15,7,MBA,3,48920.22,36,15,17,3,75,6,59,2,2.54,False
1986,Marketing,Female,28,Executive,2017-09-21,0,MBA,4,39833.4,36,24,19,9,50,3,68,3,2.81,False
1987,Legal,Female,25,Analyst,2018-05-07,2,Master,4,33529.11,54,25,10,6,25,5,79,0,3.44,False
1988,IT,Female,30,Lead,2025-03-18,9,MBA,4,62027.74,52,25,0,5,25,12,44,2,4.36,False
1989,Marketing,Male,30,Manager,2024-04-30,5,MBA,3,44475.6,52,25,10,5,0,7,28,0,2.36,False
1990,HR,Male,35,Manager,2017-02-14,5,Diploma,3,50823.31,40,22,14,9,25,7,61,3,3.27,False
1991,Legal,Female,22,Executive,2022-03-20,1,Diploma,3,30517.41,58,25,9,4,100,11,9,0,3.55,False
1992,IT,Male,28,Lead,2023-07-25,5,Diploma,4,50811.01,48,22,15,4,50,3,27,1,2.93,False
1993,Marketing,Female,28,Executive,2021-12-02,3,Bachelor,4,41813.48,59,25,5,6,100,9,50,0,3.45,False
1994,IT,Female,28,Executive,2018-07-31,4,Bachelor,3,42420.01,42,22,7,6,75,5,62,0,2.29,False
1995,Marketing,Female,39,Executive,2018-01-29,5,Diploma,4,52157.12,46,25,1,2,100,9,32,3,2.03,False
1996,IT,Male,40,Associate,2026-02-28,7,Diploma,3,45277.4,55,21,13,7,0,10,45,0,3.59,True
1997,Sales,Female,32,Associate,2022-06-25,0,Diploma,4,32214.13,44,20,4,8,100,4,74,0,4.11,False
1998,IT,Male,33,Analyst,2015-03-24,7,Diploma,4,57648.36,37,19,8,7,0,8,61,2,1.04,False
1999,IT,Female,35,Associate,2015-11-08,10,Bachelor,4,59813.52,35,23,19,0,0,14,45,2,2.26,True
2000,Marketing,Female,35,Lead,2024-03-22,6,PhD,4,50641.75,44,24,11,5,25,14,7,1,2.21,False
2001,IT,Male,36,Associate,2015-02-28,1,MBA,4,39851.01,54,25,16,1,75,6,46,2,2.75,False
2002,Finance,Male,24,Associate,2024-11-01,5,Master,4,50733.46,56,20,11,10,75,7,75,2,1.73,False
2003,Finance,Female,34,Analyst,2018-04-09,8,MBA,3,55504.68,46,18,3,2,0,8,21,3,1.34,False
2004,Marketing,Female,36,Developer,2025-02-19,2,Diploma,4,30239.0,36,15,20,6,50,9,58,0,2.55,False
2005,HR,Male,22,Lead,2021-10-19,9,Master,5,62267.49,55,25,12,5,100,11,56,1,2.93,False
2006,Finance,Male,30,Associate,2016-05-17,6,Master,4,55220.53,51,25,2,6,100,7,60,3,3.3,False
2007,IT,Male,21,Associate,2017-12-27,2,PhD,3,40188.71,51,24,6,9,0,11,57,3,4.62,False
2008,HR,Female,21,Analyst,2023-08-29,10,PhD,5,66581.94,52,23,1,7,25,12,74,2,4.37,False
2009,HR,Female,29,Analyst,2022-09-16,1,PhD,3,30538.95,38,14,0,8,25,6,11,3,4.09,True
2010,Sales,Female,36,Developer,2020-03-20,3,Master,4,47857.77,38,24,9,8,100,13,68,3,1.66,False
2011,IT,Male,38,Developer,2018-06-28,6,Diploma,3,51604.57,47,25,19,6,50,9,32,2,4.11,False
2012,Operations,Female,32,Executive,2019-11-13,5,PhD,5,57024.95,58,25,20,2,100,14,76,2,1.98,False
2013,Legal,Male,24,Associate,2025-09-23,4,MBA,4,38945.39,36,15,4,1,75,10,31,0,2.62,True
2014,HR,Male,36,Analyst,2018-01-03,0,MBA,4,38768.03,51,25,13,7,25,10,42,3,4.91,False
2015,Legal,Male,27,Manager,2016-12-05,2,PhD,3,34588.03,41,24,12,5,25,13,66,1,2.63,False
2016,HR,Female,30,Analyst,2018-07-25,0,Master,3,27764.59,55,25,3,3,25,4,9,2,1.89,False
2017,IT,Male,30,Executive,2015-08-25,0,MBA,2,23483.96,44,20,7,5,25,3,6,1,4.78,False
2018,Legal,Female,38,Lead,2024-09-11,2,MBA,3,34920.23,40,20,1,10,75,12,29,2,1.67,False
2019,Legal,Female,40,Lead,2024-11-25,8,Diploma,4,54593.12,55,22,7,2,100,8,70,1,3.68,False
2020,Marketing,Male,34,Manager,2026-02-18,6,PhD,3,50231.09,41,24,5,4,0,4,46,3,1.97,False
2021,HR,Male,36,Lead,2020-03-30,0,Master,2,30067.25,51,25,7,5,100,5,11,3,3.19,False
2022,Marketing,Male,31,Lead,2026-01-08,2,MBA,4,38415.7,43,17,12,4,50,10,69,1,1.23,False
2023,Sales,Male,24,Executive,2015-08-19,10,Bachelor,4,60773.91,50,24,8,7,25,3,48,1,2.04,False
2024,Finance,Male,30,Lead,2023-03-08,10,PhD,4,57169.09,46,18,11,8,50,4,78,2,2.56,False
2025,Finance,Male,38,Associate,2020-07-09,8,Diploma,4,53724.41,58,25,19,6,25,3,54,1,4.81,False
2026,Legal,Male,30,Developer,2017-03-05,4,Master,4,40327.62,44,16,17,1,100,5,37,1,4.59,False
2027,Legal,Female,28,Developer,2022-08-14,8,Bachelor,3,57729.62,40,19,1,3,75,4,52,2,2.84,False
2028,Marketing,Female,29,Lead,2018-11-11,6,Bachelor,3,47027.52,39,25,2,9,25,14,18,1,2.11,False
2029,Finance,Male,25,Analyst,2021-09-06,5,Master,3,42094.46,43,25,1,3,75,3,15,1,4.55,False
2030,HR,Female,36,Developer,2016-11-18,6,Master,3,46666.24,49,20,12,9,75,5,42,1,1.27,True
2031,IT,Male,40,Executive,2022-08-20,5,Bachelor,4,48978.09,60,25,2,0,50,7,65,3,2.16,False
2032,HR,Female,26,Manager,2023-09-28,5,Diploma,4,43418.26,50,23,3,0,50,5,80,1,1.53,False
2033,Marketing,Male,34,Analyst,2019-11-09,2,Bachelor,3,34848.95,38,21,17,3,100,6,36,0,3.8,False
2034,Finance,Male,22,Analyst,2020-07-19,4,PhD,4,43702.37,35,20,5,6,100,12,76,1,4.5,False
2035,Sales,Female,37,Executive,2025-04-06,6,PhD,3,47134.8,53,25,5,10,100,6,7,3,1.7,False
2036,HR,Male,30,Analyst,2024-04-19,4,PhD,5,36109.66,52,23,18,6,50,6,74,1,4.36,False
2037,HR,Male,26,Lead,2015-02-27,2,PhD,4,35547.5,39,19,17,6,25,7,45,2,2.03,False
2038,Legal,Male,27,Lead,2015-07-20,10,Master,4,60194.81,59,25,5,0,50,9,69,0,4.73,False
2039,Finance,Male,29,Lead,2020-10-14,3,MBA,4,40652.75,56,19,4,2,0,7,38,1,4.63,False
2040,HR,Male,33,Executive,2024-10-31,1,Diploma,3,37542.59,40,18,7,0,100,8,20,3,2.77,False
2041,Legal,Female,25,Manager,2019-07-29,4,PhD,2,43330.69,56,25,15,10,75,10,27,0,3.1,False
2042,Operations,Male,28,Developer,2019-09-03,10,Diploma,5,66852.64,42,21,17,5,0,7,42,2,3.13,False
2043,IT,Male,24,Lead,2024-10-12,7,Bachelor,4,50373.02,38,20,7,9,50,10,60,0,2.37,False
2044,IT,Female,36,Executive,2015-06-15,2,Diploma,3,38857.42,57,25,0,1,0,13,39,1,3.23,False
2045,Marketing,Female,33,Associate,2023-03-01,10,Diploma,3,61679.13,43,18,17,9,100,10,11,2,2.24,False
2046,Operations,Female,34,Manager,2017-08-01,8,Diploma,3,56343.45,44,21,10,8,50,12,47,2,4.47,False
2047,Legal,Female,28,Executive,2019-03-22,10,PhD,4,66759.97,49,17,1,7,75,5,72,2,1.62,False
2048,IT,Female,42,Developer,2024-12-20,2,MBA,3,39400.19,38,20,1,3,50,9,67,3,1.08,True
2049,Marketing,Female,27,Manager,2017-10-11,4,Master,3,44350.18,43,22,0,10,100,14,43,3,4.39,False
2050,IT,Male,25,Analyst,2022-12-24,4,PhD,3,46509.27,53,25,10,4,0,5,36,3,1.54,True
2051,Operations,Female,35,Analyst,2017-03-07,10,PhD,3,62882.43,55,25,16,8,75,12,18,2,1.73,False
2052,HR,Female,24,Associate,2021-06-27,7,Bachelor,3,52426.12,48,25,6,10,25,5,19,1,3.27,False
2053,Operations,Male,37,Lead,2017-02-13,2,MBA,3,27853.91,52,25,3,2,50,12,48,0,4.53,False
2054,Sales,Male,33,Associate,2020-07-05,10,Diploma,4,63405.07,53,25,2,2,0,9,20,2,4.52,False
2055,IT,Male,33,Manager,2019-06-14,3,Diploma,4,36100.22,56,25,18,4,50,10,46,1,1.02,False
2056,Finance,Male,37,Analyst,2019-10-06,4,MBA,4,36820.3,54,25,7,1,25,3,44,0,4.91,False
2057,Operations,Female,38,Analyst,2024-03-25,3,Bachelor,2,33379.32,38,17,15,10,100,10,30,1,1.31,False
2058,Finance,Male,32,Lead,2015-04-10,6,Master,4,50560.93,58,25,19,8,25,7,46,0,2.68,True
2059,Finance,Female,33,Lead,2022-11-15,1,Bachelor,4,29556.68,54,23,16,9,0,4,31,2,1.8,False
2060,Sales,Male,27,Lead,2016-07-02,3,MBA,5,48144.04,47,25,15,0,50,6,52,3,4.67,False
2061,IT,Male,21,Manager,2015-01-03,10,Diploma,3,51281.7,60,25,20,3,75,6,24,0,4.09,True
2062,Marketing,Male,28,Associate,2018-06-28,2,Master,3,38073.29,60,25,19,5,50,12,66,2,3.24,False
2063,Sales,Female,21,Manager,2018-01-13,3,Diploma,3,46525.57,47,23,12,9,25,14,30,3,4.37,False
2064,IT,Male,30,Associate,2024-07-19,10,Bachelor,4,66228.99,36,15,5,5,25,3,21,2,2.01,False
2065,Legal,Male,39,Lead,2015-08-18,5,MBA,4,46132.69,53,17,4,1,50,14,69,0,3.28,False
2066,Operations,Female,30,Lead,2019-09-03,10,MBA,4,65885.86,45,21,18,9,100,3,48,3,4.45,False
2067,Finance,Female,34,Manager,2023-02-27,6,Bachelor,2,45964.88,40,25,9,10,50,4,38,3,1.62,False
2068,HR,Female,29,Associate,2022-08-18,10,PhD,2,55945.89,60,25,1,8,100,4,13,0,3.66,False
2069,IT,Male,32,Manager,2022-03-19,9,Master,5,61072.59,55,25,13,3,25,12,66,1,4.86,False
2070,IT,Female,30,Analyst,2018-10-23,10,PhD,5,66682.39,59,25,17,7,100,8,79,1,4.14,False
2071,Operations,Female,37,Analyst,2019-01-20,7,Diploma,4,59123.01,49,25,12,0,100,11,51,3,2.11,False
2072,Finance,Male,32,Analyst,2024-04-21,9,Master,3,64002.64,35,17,7,6,0,4,45,3,1.82,False
2073,Marketing,Male,21,Lead,2024-06-25,8,MBA,3,57591.63,59,25,14,9,25,9,27,1,4.74,False
2074,Sales,Female,25,Analyst,2016-03-28,6,MBA,4,45788.75,47,23,12,10,0,6,78,0,2.04,False
2075,IT,Female,29,Manager,2025-04-12,0,Master,4,33872.88,41,19,11,1,75,6,50,2,3.18,False
2076,Marketing,Female,25,Executive,2017-11-14,3,Diploma,3,42969.78,57,20,17,4,100,5,27,2,3.39,False
2077,HR,Male,32,Analyst,2023-10-19,4,Master,3,44898.38,44,19,10,2,50,4,16,1,2.4,False
2078,Finance,Male,28,Executive,2017-06-30,4,Bachelor,4,44119.94,50,25,15,4,50,9,79,3,2.64,False
2079,IT,Female,21,Analyst,2017-08-27,8,PhD,4,58991.15,56,25,9,3,25,6,29,3,2.22,False
2080,Marketing,Male,35,Associate,2024-01-23,3,PhD,3,33355.13,45,21,15,0,100,6,69,0,2.66,False
2081,Finance,Female,29,Developer,2016-01-15,9,MBA,3,52687.91,35,17,19,10,0,10,63,1,1.15,False
2082,HR,Female,27,Developer,2024-01-27,3,Master,4,37303.96,60,25,20,1,75,10,51,0,4.7,False
2083,Sales,Female,31,Analyst,2015-01-05,6,Diploma,3,51836.74,50,25,18,8,0,5,66,2,4.87,False
2084,Marketing,Female,30,Developer,2018-11-23,8,Diploma,5,56050.14,41,23,7,1,25,12,78,2,3.32,False
2085,IT,Male,24,Developer,2025-01-15,2,Bachelor,4,42146.15,46,24,13,0,75,12,32,2,3.57,False
2086,Sales,Female,29,Associate,2021-03-20,10,MBA,2,57189.6,56,25,1,5,0,11,18,2,2.85,False
2087,Operations,Female,24,Executive,2022-03-21,5,Bachelor,3,44250.01,39,25,14,0,100,13,16,2,2.8,False
2088,Finance,Male,43,Analyst,2023-01-20,6,Diploma,4,52347.47,53,25,18,2,0,8,51,1,4.58,False
2089,Marketing,Male,30,Analyst,2021-02-23,3,PhD,2,40970.05,48,25,7,10,25,9,56,0,1.15,True
2090,Sales,Male,33,Executive,2021-04-19,7,MBA,4,57049.64,40,18,13,2,0,11,39,3,1.39,False
2091,Marketing,Female,38,Manager,2021-04-18,2,MBA,4,36439.06,48,25,10,1,75,7,37,0,1.38,False
2092,Finance,Male,40,Manager,2015-04-18,3,PhD,3,35819.4,54,25,9,7,50,12,24,2,4.57,False
2093,Legal,Male,29,Manager,2025-05-20,1,Master,3,30897.41,53,23,7,10,25,5,25,1,1.83,False
2094,Sales,Female,40,Analyst,2017-04-27,9,MBA,4,59361.46,56,24,16,3,100,6,66,1,1.78,False
2095,HR,Female,21,Associate,2018-03-30,2,PhD,3,43832.01,37,25,15,3,50,10,10,3,2.51,False
2096,HR,Male,38,Associate,2017-09-27,5,Master,4,42239.96,49,23,18,3,100,13,58,0,4.9,False
2097,Finance,Female,42,Associate,2023-05-28,7,Bachelor,3,50686.04,35,11,18,10,50,13,22,2,2.4,False
2098,HR,Female,34,Executive,2020-06-14,7,MBA,4,54920.87,43,25,9,7,0,3,64,0,4.25,False
2099,Marketing,Female,34,Analyst,2017-07-18,5,Master,3,45156.12,57,25,20,5,50,7,51,1,2.06,False
2100,IT,Male,34,Executive,2015-09-21,9,Master,3,50276.84,49,25,7,8,25,14,79,1,2.05,True
2101,Finance,Male,25,Associate,2019-11-10,3,MBA,3,40158.03,40,23,14,4,0,10,10,1,4.14,False
2102,HR,Male,28,Associate,2016-12-02,3,Bachelor,4,43396.9,47,18,18,1,50,6,5,2,3.7,False
2103,Marketing,Female,30,Associate,2025-08-20,5,PhD,2,47838.05,51,25,4,1,0,5,14,3,3.08,False
2104,Sales,Female,38,Developer,2017-09-19,2,PhD,3,36835.8,45,25,2,1,25,13,26,3,4.94,False
2105,Legal,Female,36,Analyst,2026-01-14,8,MBA,5,62922.18,35,15,6,0,0,10,66,3,1.16,False
2106,Legal,Female,36,Analyst,2021-03-14,6,PhD,3,49686.88,37,14,8,2,0,10,24,0,3.17,False
2107,Marketing,Male,35,Analyst,2015-07-21,8,Bachelor,2,52390.69,56,25,14,10,75,13,11,1,3.45,False
2108,Finance,Female,33,Associate,2020-12-14,8,Bachelor,3,49168.51,46,25,13,5,50,4,23,2,3.56,False
2109,IT,Male,32,Manager,2023-05-23,7,Bachelor,4,46329.99,55,25,20,9,50,14,54,3,4.29,False
2110,Finance,Male,28,Manager,2020-01-26,9,Diploma,2,58342.21,48,25,15,9,0,12,8,3,4.07,False
2111,HR,Female,27,Analyst,2021-01-15,3,Diploma,4,41584.4,51,18,8,10,75,3,45,3,3.25,False
2112,Sales,Male,34,Manager,2019-08-08,0,Diploma,3,28460.18,48,17,10,9,100,7,38,2,3.4,False
2113,IT,Female,40,Lead,2018-09-29,3,Master,3,40106.83,59,20,7,4,75,5,11,2,4.47,False
2114,IT,Female,31,Executive,2021-08-31,8,Diploma,4,61349.59,41,23,10,5,50,13,29,3,1.66,False
2115,Finance,Female,39,Developer,2017-03-05,9,Bachelor,3,51968.88,56,25,20,10,75,4,11,1,4.28,False
2116,Operations,Male,33,Analyst,2024-09-26,3,Master,3,39450.95,36,18,1,1,0,11,32,1,3.76,False
2117,Sales,Female,25,Manager,2020-04-26,7,PhD,4,53877.98,41,21,10,6,50,11,55,3,3.87,False
2118,Operations,Male,29,Analyst,2020-06-06,1,Diploma,3,28637.1,37,11,19,2,100,10,48,1,2.57,False
2119,IT,Male,37,Developer,2022-11-15,6,Bachelor,3,51980.32,44,23,2,7,50,14,23,2,1.38,False
2120,HR,Female,31,Analyst,2016-07-09,3,Master,3,35308.02,45,22,18,1,100,12,20,0,2.09,False
2121,Operations,Female,28,Manager,2015-04-28,4,MBA,3,36314.23,56,25,19,9,75,12,26,0,2.87,False
2122,Marketing,Male,32,Associate,2024-12-16,1,Bachelor,4,36655.29,46,22,19,4,0,8,50,2,1.16,False
2123,Marketing,Male,31,Lead,2021-02-17,2,Master,3,32203.85,59,25,13,8,100,7,24,2,2.63,False
2124,Operations,Female,30,Lead,2023-09-12,4,MBA,3,36434.28,40,17,3,0,25,13,49,0,3.63,False
2125,Operations,Male,22,Associate,2018-07-13,2,PhD,4,40157.06,39,25,6,4,100,14,10,1,3.52,False
2126,HR,Female,30,Developer,2020-11-04,5,MBA,3,48916.03,55,25,20,9,75,8,35,2,3.78,False
2127,Marketing,Male,29,Executive,2023-12-15,9,Bachelor,5,69423.01,48,25,4,8,100,9,76,2,4.78,False
2128,Finance,Male,34,Executive,2015-02-11,10,PhD,3,53540.15,49,21,18,10,100,6,21,0,4.55,False
2129,Finance,Male,33,Analyst,2024-06-05,10,PhD,3,56376.54,37,21,5,7,75,6,25,0,2.88,True
2130,IT,Male,31,Lead,2021-05-02,9,Master,3,51575.38,41,22,15,7,50,8,15,0,3.07,False
2131,HR,Male,44,Developer,2025-05-02,7,MBA,3,58027.28,46,25,13,7,75,13,26,2,3.88,False
2132,Marketing,Male,35,Manager,2021-05-07,8,Master,4,63815.38,50,17,5,8,25,11,61,3,1.04,False
2133,Sales,Female,34,Executive,2016-05-15,0,MBA,5,32807.15,52,22,12,7,75,14,78,3,3.73,False
2134,Marketing,Male,21,Analyst,2025-10-01,1,Diploma,4,35564.0,37,21,17,1,0,8,45,2,3.32,False
2135,Finance,Female,21,Executive,2017-09-05,4,Master,3,40198.9,47,25,2,7,100,9,29,0,1.48,False
2136,Sales,Female,36,Manager,2019-11-26,4,PhD,3,37502.04,37,22,2,9,50,4,13,0,1.06,False
2137,IT,Male,24,Lead,2015-08-08,3,MBA,2,34981.53,53,25,8,4,75,4,29,0,1.65,False
2138,Finance,Male,26,Manager,2016-01-16,3,Diploma,4,40241.41,52,25,18,3,50,13,70,1,3.9,True
2139,Sales,Female,26,Manager,2017-11-11,4,Bachelor,4,47234.56,50,25,9,6,75,9,9,3,3.25,False
2140,IT,Male,35,Lead,2015-02-01,10,Bachelor,4,57905.49,41,25,2,1,75,8,66,0,1.5,True
2141,Operations,Male,35,Executive,2016-12-01,4,Bachelor,2,40723.96,37,23,9,7,50,10,37,2,4.69,False
2142,Legal,Male,33,Associate,2021-04-14,10,Diploma,5,66348.4,37,21,10,4,100,6,32,1,4.84,False
2143,Finance,Female,34,Developer,2021-03-18,1,Bachelor,2,22503.35,55,21,13,9,100,13,15,1,4.96,False
2144,HR,Female,24,Lead,2019-09-10,10,Master,4,59782.71,55,23,0,1,0,9,40,0,1.58,False
2145,Finance,Male,31,Analyst,2016-12-07,7,Master,4,53425.98,58,25,0,6,100,13,45,1,2.43,False
2146,IT,Male,45,Developer,2020-06-13,9,PhD,5,59579.0,41,14,16,1,25,6,48,1,1.02,False
2147,Operations,Female,26,Lead,2025-07-10,3,Master,3,44613.87,37,16,20,6,25,14,8,2,3.28,False
2148,Marketing,Male,21,Executive,2019-06-18,8,Master,4,55829.3,51,25,17,10,75,3,77,0,1.44,False
2149,Legal,Male,24,Associate,2018-06-24,8,Master,4,54725.93,38,21,4,0,50,10,17,1,2.81,False
2150,IT,Female,26,Analyst,2023-12-10,7,Master,3,48800.39,35,14,18,4,25,3,20,1,4.69,False
2151,Operations,Female,29,Lead,2020-01-25,7,Diploma,3,48374.91,48,25,1,9,25,5,23,2,1.9,False
2152,IT,Female,33,Associate,2020-08-23,5,MBA,4,45223.36,39,25,16,9,50,3,50,2,4.95,False
2153,Legal,Male,33,Executive,2017-04-27,9,Diploma,5,63202.0,53,24,3,10,50,13,72,1,3.96,True
2154,Marketing,Female,30,Executive,2019-06-11,6,MBA,3,44319.44,39,25,14,6,0,3,31,0,4.04,True
2155,Sales,Female,32,Manager,2022-10-19,7,PhD,4,55179.68,60,25,1,2,25,3,78,3,2.3,False
2156,Marketing,Female,30,Associate,2024-01-02,5,PhD,4,49271.63,36,23,20,0,0,3,49,2,2.76,False
2157,HR,Female,25,Developer,2022-07-23,1,MBA,4,35935.35,39,25,7,9,0,10,77,3,2.31,False
2158,Operations,Female,32,Developer,2024-09-22,5,Diploma,2,34642.04,55,25,18,0,0,3,20,0,2.33,True
2159,HR,Male,37,Manager,2018-02-28,9,Diploma,3,53007.64,38,20,13,3,100,7,42,2,3.8,False
2160,Sales,Male,39,Lead,2021-10-22,1,MBA,3,33476.55,54,25,10,5,0,11,58,2,4.08,False
2161,IT,Male,24,Analyst,2018-02-28,9,Master,4,59504.44,53,25,13,7,25,3,13,0,2.01,False
2162,HR,Female,34,Associate,2021-08-14,2,MBA,5,39984.27,39,19,12,7,0,11,75,1,1.93,False
2163,Marketing,Male,29,Developer,2023-09-14,1,Master,2,28188.96,51,20,2,8,25,5,14,0,2.67,False
2164,Finance,Male,28,Associate,2015-06-14,2,Master,2,35169.85,53,18,12,3,100,5,15,0,3.55,False
2165,Sales,Female,27,Executive,2021-05-08,10,MBA,3,62279.76,42,17,4,6,100,8,6,3,2.63,False
2166,IT,Male,34,Executive,2016-10-17,3,Bachelor,4,48614.53,45,24,9,7,75,3,48,3,2.17,False
2167,Sales,Female,26,Analyst,2016-06-26,9,Bachelor,3,53071.21,42,18,11,5,100,8,24,0,2.01,False
2168,IT,Male,21,Associate,2015-05-20,5,Master,3,41907.64,51,25,14,0,0,12,40,1,3.43,False
2169,HR,Female,27,Developer,2025-09-03,4,Master,2,35601.51,41,25,9,9,25,3,17,0,4.93,False
2170,Sales,Female,38,Associate,2024-07-31,4,Master,3,45454.33,58,25,14,0,25,14,15,2,4.85,True
2171,HR,Female,29,Manager,2017-07-20,3,MBA,3,38166.63,54,25,3,8,0,3,24,1,1.13,False
2172,Marketing,Female,32,Manager,2024-07-25,10,Bachelor,3,56585.19,55,25,5,4,50,6,29,1,3.91,False
2173,Operations,Male,29,Manager,2024-08-13,7,Diploma,3,50295.76,49,25,15,1,75,7,29,1,1.5,True
2174,IT,Female,38,Analyst,2025-08-12,1,Diploma,2,36707.78,53,23,17,6,0,13,34,2,3.34,False
2175,IT,Male,34,Executive,2016-10-29,10,Master,4,70218.72,57,25,1,9,100,8,66,3,3.24,False
2176,HR,Female,46,Manager,2018-10-27,4,Diploma,4,43682.2,51,25,17,7,25,9,78,1,2.8,False
2177,Marketing,Male,35,Analyst,2016-08-24,0,Master,3,39618.06,47,19,17,4,25,6,38,2,3.14,False
2178,Legal,Male,23,Associate,2020-12-24,2,Bachelor,4,34401.59,47,22,12,0,100,3,66,0,3.79,False
2179,Finance,Male,31,Executive,2018-02-06,10,Master,4,66892.41,60,22,12,0,50,9,58,3,1.31,True
2180,Sales,Female,40,Lead,2015-02-14,10,PhD,2,58227.87,59,25,18,8,100,13,27,0,2.08,False
2181,Marketing,Male,21,Developer,2015-01-02,3,MBA,3,37229.1,56,25,1,2,50,4,66,1,3.85,False
2182,Legal,Female,42,Manager,2022-04-10,5,Diploma,3,45125.23,59,25,12,9,100,8,5,1,1.23,False
2183,Operations,Male,30,Executive,2025-02-23,5,Bachelor,4,47461.08,47,25,2,2,25,6,8,2,3.99,False
2184,Marketing,Male,27,Associate,2020-11-06,6,Master,4,49063.23,50,17,13,8,25,10,61,0,1.43,False
2185,Finance,Male,26,Executive,2023-06-04,7,MBA,3,55718.86,54,24,6,4,25,11,11,3,2.61,False
2186,HR,Female,29,Manager,2015-05-17,10,Diploma,5,69452.12,47,21,3,6,75,6,50,2,3.33,False
2187,Finance,Female,31,Associate,2022-12-01,3,Diploma,3,39928.9,42,17,18,6,50,6,23,1,3.25,True
2188,Sales,Female,26,Developer,2017-03-17,7,PhD,3,44868.44,45,19,17,9,50,5,38,1,4.1,False
2189,Finance,Male,28,Associate,2021-07-02,2,PhD,4,40645.96,45,25,15,4,0,14,67,3,2.64,False
2190,Marketing,Male,40,Manager,2019-09-04,5,Master,4,48431.74,40,16,14,2,100,12,30,0,3.33,False
2191,Sales,Male,25,Developer,2020-07-07,6,MBA,4,53619.88,42,20,4,8,75,13,72,1,3.1,False
2192,Marketing,Male,30,Developer,2023-02-26,4,Bachelor,2,45623.05,44,25,8,9,75,8,7,1,2.81,True
2193,IT,Male,35,Analyst,2018-06-03,4,Master,3,41609.55,35,25,14,0,100,4,27,3,3.54,False
2194,Sales,Female,40,Associate,2022-07-15,8,Diploma,4,61735.41,39,25,9,3,25,4,70,3,4.73,False
2195,Operations,Female,29,Analyst,2017-08-03,7,Diploma,3,50683.09,57,25,17,2,25,9,63,2,1.7,False
2196,IT,Female,32,Associate,2019-02-09,4,MBA,4,42550.76,51,25,8,2,25,9,76,0,2.07,False
2197,Sales,Female,24,Manager,2019-01-25,3,PhD,4,42350.28,38,23,17,2,75,14,59,1,4.53,False
2198,Legal,Male,32,Lead,2017-05-26,8,Diploma,4,53668.54,53,25,18,2,50,11,53,1,3.12,False
2199,Operations,Male,33,Lead,2021-03-15,4,Diploma,3,42757.22,54,25,18,8,25,8,26,2,3.18,True
2200,Finance,Female,32,Developer,2017-11-17,2,PhD,5,40554.87,39,22,17,4,100,8,52,1,1.98,False
2201,HR,Male,29,Lead,2019-11-18,1,PhD,3,34293.43,57,23,7,10,25,9,29,2,4.99,False
2202,Finance,Female,32,Associate,2023-01-28,0,Master,3,30072.89,53,22,7,9,50,4,80,2,2.78,True
2203,Finance,Male,21,Developer,2018-12-01,4,Diploma,3,45916.66,53,25,9,0,0,3,62,3,3.07,True
2204,HR,Female,37,Lead,2023-02-08,3,PhD,5,42478.13,56,18,2,1,0,3,56,0,1.84,False
2205,Marketing,Female,22,Associate,2021-04-07,10,PhD,5,64136.41,38,17,4,9,75,3,57,0,3.8,False
2206,Finance,Male,24,Analyst,2018-08-21,7,MBA,5,54991.33,35,14,10,2,50,12,66,1,4.39,False
2207,Operations,Female,21,Manager,2018-07-14,7,Diploma,4,56477.6,48,25,15,3,100,7,32,3,2.95,False
2208,IT,Male,27,Manager,2022-08-27,10,Master,3,64002.18,49,25,20,5,75,5,14,3,1.3,True
2209,Legal,Female,32,Developer,2022-03-29,0,Master,2,23810.4,45,15,16,8,25,14,6,1,2.88,False
2210,Legal,Male,38,Analyst,2019-09-24,2,MBA,3,40992.96,42,24,10,8,25,8,18,3,2.61,True
2211,Operations,Male,41,Associate,2017-07-18,6,Master,4,48733.73,46,22,13,7,100,10,42,0,4.1,False
2212,HR,Female,39,Executive,2021-11-29,8,Diploma,2,51587.46,48,25,15,8,100,6,16,1,4.21,False
2213,Operations,Female,31,Manager,2019-01-08,3,Diploma,3,37637.93,43,24,6,7,25,3,31,0,3.39,False
2214,Operations,Female,26,Lead,2018-11-15,6,MBA,4,57814.12,43,25,8,4,75,12,50,3,3.33,False
2215,Legal,Male,29,Analyst,2022-10-23,4,Diploma,3,40890.12,55,25,2,10,25,9,80,1,1.15,False
2216,Sales,Female,30,Manager,2020-08-07,5,MBA,4,43884.46,40,20,1,8,25,9,67,1,1.12,False
2217,Finance,Female,34,Associate,2020-04-22,10,PhD,4,58375.17,49,25,9,5,0,14,55,0,1.26,False
2218,Sales,Male,30,Associate,2021-11-13,10,MBA,5,67252.76,60,25,6,3,100,7,70,2,2.04,False
2219,Operations,Female,35,Developer,2019-04-26,7,PhD,4,55172.52,35,18,19,6,75,8,20,2,2.05,True
2220,IT,Female,22,Executive,2019-02-27,6,Bachelor,4,54686.06,35,17,15,2,0,5,42,3,3.2,False
2221,Finance,Female,29,Analyst,2017-04-04,5,Bachelor,4,48542.89,57,25,16,10,25,8,53,2,4.86,True
2222,Marketing,Female,28,Lead,2026-02-01,6,Bachelor,4,48483.84,50,24,2,9,0,9,79,2,2.82,False
2223,Marketing,Female,28,Analyst,2023-01-02,2,Master,3,30099.2,50,24,7,7,50,14,24,0,4.72,False
2224,Legal,Female,31,Executive,2021-11-01,0,MBA,3,28108.8,37,15,8,9,0,13,62,0,1.38,True
2225,Sales,Male,32,Lead,2018-01-04,2,MBA,3,36336.0,59,25,9,5,75,9,39,3,1.29,False
2226,Marketing,Female,32,Lead,2023-06-12,6,Diploma,3,46076.09,58,25,2,3,25,4,15,1,4.63,False
2227,IT,Male,30,Developer,2020-02-11,4,Diploma,4,40959.9,42,25,12,7,75,11,26,1,2.83,False
2228,IT,Male,35,Lead,2021-11-17,8,PhD,3,52651.79,45,13,11,5,100,13,54,0,3.38,False
2229,Legal,Male,30,Executive,2021-05-28,4,MBA,4,48267.23,37,13,7,5,25,3,32,2,1.99,False
2230,HR,Female,25,Analyst,2015-04-04,6,MBA,5,53003.79,40,22,16,5,50,11,49,0,4.68,True
2231,Operations,Male,36,Manager,2021-10-28,6,PhD,3,42177.6,42,22,13,10,50,9,36,0,3.07,True
2232,IT,Male,25,Developer,2020-11-03,8,Bachelor,4,58841.07,49,16,9,3,25,12,58,3,3.96,False
2233,Finance,Male,40,Associate,2021-11-28,7,MBA,3,57229.63,49,25,13,1,50,6,35,3,1.6,False
2234,Marketing,Female,24,Executive,2025-07-19,6,Master,3,56452.37,46,25,14,4,50,12,19,2,4.07,False
2235,Legal,Male,26,Executive,2023-05-25,7,Diploma,4,53608.68,53,25,20,4,75,6,58,0,4.67,False
2236,Operations,Male,34,Associate,2015-04-04,7,Bachelor,3,52512.46,41,18,4,10,25,9,13,1,4.6,False
2237,Finance,Male,35,Associate,2022-10-24,0,Bachelor,3,27138.18,49,19,7,10,0,8,75,0,1.42,False
2238,HR,Male,30,Executive,2023-01-08,3,MBA,4,44691.32,38,21,18,10,75,6,33,2,2.19,False
2239,Marketing,Female,33,Analyst,2017-02-18,9,MBA,4,58028.52,51,25,1,7,50,8,76,0,3.16,False
2240,Marketing,Male,39,Developer,2023-10-20,1,MBA,3,31832.36,41,24,11,1,25,11,49,2,3.43,False
2241,Finance,Female,39,Lead,2016-06-23,2,Master,3,39628.55,35,17,11,7,100,6,17,3,2.87,False
2242,HR,Male,23,Manager,2020-08-31,6,PhD,3,51504.67,53,23,8,0,75,10,25,2,1.57,False
2243,Operations,Male,38,Manager,2016-12-19,10,Bachelor,4,59032.99,50,25,19,4,25,4,33,0,4.79,False
2244,Operations,Female,26,Lead,2022-02-27,8,Bachelor,3,47048.91,60,25,0,1,100,5,27,0,1.36,False
2245,Legal,Female,34,Associate,2021-12-02,2,Diploma,2,32762.04,39,25,20,3,100,13,51,1,1.98,True
2246,Legal,Male,41,Executive,2021-06-30,6,MBA,4,47839.74,35,24,0,0,0,3,61,1,2.56,False
2247,Operations,Male,30,Associate,2023-05-10,7,Bachelor,4,57288.7,40,17,4,10,100,5,42,2,1.53,True
2248,Operations,Female,26,Lead,2022-01-18,1,MBA,4,32919.33,35,20,6,4,0,3,17,2,3.33,False
2249,Sales,Male,29,Developer,2020-09-13,7,Diploma,4,54105.24,58,25,7,2,75,5,32,1,4.3,False
2250,HR,Male,25,Lead,2020-05-23,8,Diploma,3,53645.74,58,25,13,5,75,7,24,0,4.57,False
2251,Marketing,Female,34,Executive,2023-01-01,4,Bachelor,4,41974.4,37,20,7,5,75,14,22,1,2.06,False
2252,HR,Female,28,Executive,2020-03-09,1,MBA,3,33833.42,54,25,9,5,100,10,16,2,1.95,False
2253,Sales,Male,21,Manager,2017-11-24,3,Bachelor,3,38872.46,55,25,2,10,50,13,63,1,4.14,False
2254,Sales,Male,27,Analyst,2018-07-23,4,Bachelor,4,45936.04,49,25,4,1,100,12,74,2,3.2,False
2255,Legal,Male,27,Associate,2019-07-05,0,MBA,3,27479.06,58,25,6,8,25,4,22,0,4.81,False
2256,Sales,Male,35,Developer,2024-09-22,9,Diploma,2,52212.61,51,25,11,0,0,5,11,1,2.11,False
2257,Legal,Male,35,Manager,2022-12-19,6,Diploma,4,52758.55,39,23,20,6,50,4,54,0,4.38,False
2258,HR,Female,32,Developer,2019-01-16,2,Master,3,34100.83,36,22,14,5,75,4,30,0,1.87,False
2259,Sales,Female,34,Associate,2019-07-21,10,MBA,3,55516.5,58,25,5,4,50,7,67,0,4.9,False
2260,HR,Male,31,Executive,2015-03-16,3,Master,4,47782.38,40,22,17,2,75,14,75,3,1.72,True
2261,Operations,Female,36,Analyst,2025-04-20,10,Master,4,65389.54,57,25,14,7,0,8,79,2,2.25,True
2262,Operations,Male,25,Analyst,2017-11-07,10,Master,3,69534.58,48,19,14,2,0,11,19,3,4.49,False
2263,Sales,Male,40,Associate,2022-06-21,9,Bachelor,5,55330.13,52,25,4,3,25,8,57,1,1.52,False
2264,IT,Female,22,Developer,2017-01-20,5,PhD,3,45888.85,45,15,15,7,0,6,30,1,1.79,False
2265,Marketing,Female,24,Developer,2020-09-13,10,Diploma,4,59686.32,41,18,10,3,75,3,13,0,2.86,True
2266,Marketing,Female,35,Lead,2021-06-09,2,MBA,3,41064.47,50,25,13,3,50,3,30,1,2.05,False
2267,Legal,Male,32,Analyst,2021-03-23,8,PhD,3,57924.15,53,25,17,0,0,13,38,3,3.4,False
2268,Sales,Male,30,Associate,2022-03-14,0,MBA,3,29156.06,57,25,6,8,75,6,50,0,1.86,False
2269,Sales,Male,37,Associate,2023-12-21,10,Diploma,4,61975.21,35,23,2,8,50,11,62,1,4.43,False
2270,IT,Female,41,Developer,2018-08-21,5,MBA,4,45937.67,57,25,0,9,75,12,9,0,4.22,False
2271,Legal,Female,30,Executive,2024-06-14,5,PhD,3,40416.95,44,21,12,1,75,10,42,0,2.54,False
2272,Marketing,Female,36,Associate,2025-09-17,9,Diploma,5,69002.06,54,25,16,2,75,3,79,1,4.4,False
2273,HR,Male,32,Lead,2023-10-07,1,Diploma,3,24327.12,48,25,17,6,0,7,75,0,1.96,False
2274,Sales,Female,22,Developer,2023-10-25,2,Diploma,3,33731.86,56,25,10,6,75,6,13,0,4.41,False
2275,Sales,Female,32,Associate,2025-12-04,9,PhD,4,59110.59,50,25,10,0,100,12,70,1,2.55,False
2276,Operations,Male,37,Developer,2024-12-03,6,Diploma,4,47199.05,50,20,14,1,25,6,74,0,2.15,False
2277,Legal,Male,28,Analyst,2021-07-26,1,PhD,3,33066.01,38,20,12,6,75,4,62,3,2.4,False
2278,IT,Female,39,Developer,2019-08-31,0,PhD,3,29696.54,49,24,11,10,50,6,62,3,1.49,False
2279,IT,Female,32,Lead,2020-10-04,0,Master,3,26908.19,54,18,19,5,75,12,13,0,1.77,False
2280,HR,Male,37,Lead,2015-07-27,0,MBA,3,25581.79,39,20,16,8,75,3,22,1,3.61,False
2281,Marketing,Female,31,Executive,2015-06-29,0,PhD,3,29473.81,43,23,8,5,75,11,54,3,3.54,False
2282,Marketing,Male,31,Executive,2023-03-23,6,Bachelor,4,49023.51,42,23,4,1,100,12,68,1,4.47,False
2283,Marketing,Female,34,Executive,2022-01-24,10,PhD,3,59001.21,45,21,5,10,75,12,43,0,2.47,True
2284,Legal,Male,23,Manager,2026-01-07,1,Master,3,34893.49,46,25,0,4,25,11,68,1,1.56,True
2285,HR,Male,28,Lead,2019-06-26,2,Diploma,4,36279.87,45,20,20,5,75,3,61,0,1.1,False
2286,Operations,Male,37,Developer,2016-09-07,10,MBA,4,63117.17,36,17,10,6,25,12,24,0,2.52,False
2287,IT,Female,31,Analyst,2024-01-05,1,Bachelor,4,44522.06,60,25,4,9,75,6,53,3,2.31,True
2288,Sales,Female,28,Analyst,2015-01-23,7,Master,4,53270.38,47,20,10,6,75,11,59,2,3.11,True
2289,Finance,Male,33,Associate,2016-11-01,8,Diploma,5,60471.19,57,23,10,0,75,9,35,0,2.12,False
2290,HR,Male,42,Executive,2023-09-05,5,Diploma,3,41635.25,44,23,8,0,50,12,32,3,4.34,False
2291,Finance,Female,21,Associate,2022-05-03,9,Diploma,4,66461.78,39,24,20,7,25,4,49,3,3.34,False
2292,Finance,Female,31,Executive,2020-03-27,4,MBA,4,46112.48,51,22,17,4,75,11,28,3,1.37,True
2293,Sales,Male,29,Developer,2025-12-28,5,Bachelor,3,43600.32,54,25,10,6,25,6,19,1,3.47,False
2294,Finance,Female,25,Lead,2019-10-07,1,Bachelor,3,34876.06,54,25,13,7,50,14,28,2,4.13,False
2295,Legal,Male,43,Executive,2022-07-10,3,MBA,4,44813.25,39,16,13,4,75,10,53,3,1.64,False
2296,Legal,Male,29,Developer,2023-04-12,7,PhD,3,54518.34,41,25,8,1,25,9,42,3,4.89,False
2297,Marketing,Male,37,Lead,2021-08-06,4,MBA,4,35390.87,57,25,14,0,50,3,70,0,1.92,False
2298,Marketing,Male,23,Developer,2021-12-13,10,Diploma,4,56358.83,54,19,6,3,25,11,27,0,1.42,False
2299,Finance,Female,22,Lead,2018-06-21,10,Diploma,3,66879.29,58,25,5,10,25,9,41,2,4.33,False
2300,Legal,Female,21,Executive,2015-01-29,6,PhD,5,46124.05,59,25,19,4,75,12,65,0,3.85,False
2301,Finance,Male,36,Developer,2024-11-24,8,Diploma,3,51675.92,48,18,18,5,50,5,69,2,1.95,False
2302,Marketing,Male,45,Manager,2021-06-07,6,Bachelor,2,49296.2,60,25,12,7,75,11,8,1,2.99,False
2303,Operations,Female,37,Manager,2023-02-02,7,Master,4,48119.33,49,18,0,8,100,10,78,0,1.86,False
2304,IT,Female,29,Analyst,2022-04-16,2,PhD,4,44701.54,39,22,4,8,75,6,73,3,4.79,False
2305,Legal,Female,27,Manager,2018-01-18,7,PhD,3,50551.7,43,21,11,7,25,13,35,0,4.45,False
2306,IT,Female,32,Analyst,2017-09-25,2,PhD,4,40520.75,60,25,2,2,25,10,68,0,2.27,False
2307,IT,Female,33,Lead,2020-04-22,4,Master,3,45383.7,44,19,7,0,50,14,8,3,3.12,True
2308,HR,Female,21,Associate,2015-03-22,0,MBA,4,35348.31,38,24,17,6,25,14,69,3,1.24,False
2309,Legal,Male,41,Manager,2023-08-14,0,MBA,3,28963.2,58,25,7,1,0,9,30,2,4.7,False
2310,Finance,Female,30,Manager,2019-07-09,7,PhD,3,56952.44,56,25,6,10,100,11,37,2,3.97,True
2311,Sales,Female,36,Executive,2022-10-14,4,PhD,4,51348.62,60,25,0,9,75,14,59,3,3.01,False
2312,Legal,Male,43,Manager,2023-02-12,8,PhD,4,62597.09,37,19,18,4,25,8,50,2,1.37,False
2313,IT,Female,41,Associate,2019-04-01,7,PhD,3,57756.63,42,24,16,6,50,3,38,3,1.33,False
2314,Legal,Male,25,Executive,2025-03-15,6,Bachelor,4,55333.11,51,25,1,5,75,6,68,3,3.85,False
2315,Operations,Female,25,Executive,2020-05-05,2,MBA,4,40285.67,35,16,8,1,25,13,71,3,1.53,False
2316,Sales,Female,21,Manager,2018-06-03,0,Master,3,30557.49,51,25,14,4,0,9,15,1,1.15,False
2317,IT,Male,38,Executive,2015-07-22,1,Bachelor,4,39499.92,60,25,14,2,75,10,57,1,1.96,False
2318,Finance,Female,21,Developer,2020-07-20,1,Master,2,28572.2,43,23,20,7,50,8,27,3,1.22,False
2319,Finance,Male,34,Manager,2018-07-14,3,Diploma,3,44385.53,46,25,9,3,50,11,26,1,2.56,False
2320,Sales,Male,27,Developer,2016-08-07,3,Diploma,3,47275.51,60,24,5,1,75,4,51,2,4.74,True
2321,Legal,Female,31,Analyst,2022-12-08,7,MBA,4,45803.52,50,21,12,3,0,14,76,1,2.14,False
2322,Sales,Male,27,Lead,2022-09-06,7,MBA,3,49059.85,43,21,11,2,75,7,48,1,3.63,False
2323,Finance,Female,27,Analyst,2018-11-17,6,Diploma,4,52263.61,49,25,4,5,100,12,45,3,1.76,False
2324,Marketing,Male,37,Manager,2025-01-07,8,Diploma,2,57979.79,44,21,12,7,75,10,11,3,3.36,False
2325,Marketing,Female,33,Analyst,2015-04-19,7,Diploma,4,50082.41,52,25,6,2,0,4,38,0,2.22,False
2326,HR,Male,30,Lead,2016-02-01,7,Master,4,56781.5,36,22,1,1,0,3,35,3,3.54,False
2327,Sales,Male,35,Manager,2015-06-26,0,Diploma,2,31851.9,60,25,10,7,0,10,55,1,2.49,False
2328,Sales,Male,24,Analyst,2020-01-21,0,MBA,3,32735.88,42,25,9,5,50,9,12,1,2.41,False
2329,Legal,Male,33,Manager,2024-04-01,5,Bachelor,5,48950.18,49,13,10,7,0,8,71,0,3.04,False
2330,HR,Female,26,Manager,2025-09-11,4,Bachelor,3,40554.94,41,12,17,5,50,7,15,1,3.05,False
2331,Finance,Female,31,Developer,2024-02-26,2,Master,4,37134.93,60,25,10,0,50,4,77,0,3.68,False
2332,Legal,Male,32,Associate,2020-04-24,1,Diploma,4,38364.66,37,22,5,3,75,6,50,3,3.47,False
2333,Legal,Female,37,Developer,2024-01-14,3,Bachelor,3,37399.88,49,12,18,7,100,11,28,1,2.25,False
2334,Sales,Male,26,Analyst,2021-02-02,4,Bachelor,4,47337.06,55,23,3,9,100,9,76,1,4.52,False
2335,Sales,Male,30,Developer,2021-07-09,1,PhD,3,30921.64,37,21,14,6,75,3,47,2,3.41,False
2336,Legal,Female,21,Executive,2016-04-11,9,Bachelor,3,62206.54,39,25,2,8,75,8,21,3,2.65,False
2337,Marketing,Female,31,Analyst,2018-06-03,7,Bachelor,4,53839.55,42,19,10,2,100,6,42,2,4.86,False
2338,HR,Female,38,Associate,2025-07-16,9,Master,4,68252.98,41,21,16,4,0,5,59,3,4.28,False
2339,Operations,Male,44,Analyst,2019-12-25,10,Master,4,60493.18,36,16,3,3,25,7,34,2,2.84,False
2340,Operations,Female,31,Associate,2015-05-18,6,Diploma,3,57005.82,59,25,19,0,100,3,20,3,2.1,False
2341,Legal,Female,23,Analyst,2015-01-09,2,Diploma,3,41431.58,52,25,2,9,100,14,45,3,4.98,False
2342,IT,Male,37,Manager,2020-06-25,2,PhD,4,34292.31,47,19,13,9,100,14,70,1,4.5,True
2343,IT,Male,30,Lead,2016-01-17,0,Diploma,4,38108.62,44,21,2,2,0,14,64,0,1.38,False
2344,Sales,Male,33,Analyst,2018-10-06,1,MBA,2,32045.55,59,25,6,9,50,4,14,3,4.74,False
2345,Finance,Male,35,Manager,2023-04-06,2,Bachelor,3,41838.42,50,21,6,0,100,5,47,2,2.93,False
2346,Finance,Female,35,Associate,2022-08-17,9,MBA,5,63534.82,36,18,17,0,75,3,63,3,4.71,False
2347,Finance,Female,22,Analyst,2022-09-04,4,MBA,3,44782.93,38,23,14,7,50,6,35,3,3.1,False
2348,Operations,Male,33,Analyst,2024-07-19,5,Diploma,2,43678.6,46,25,12,10,100,3,17,2,1.68,False
2349,Finance,Male,24,Lead,2021-07-17,9,MBA,4,59591.48,48,25,12,2,0,10,57,0,1.1,False
2350,Sales,Male,36,Developer,2022-12-20,0,Diploma,3,34190.09,46,22,3,10,0,9,21,3,2.97,False
2351,HR,Male,41,Executive,2020-09-30,0,PhD,3,27684.05,35,15,1,9,25,10,24,2,4.49,True
2352,Finance,Male,34,Manager,2017-10-02,9,PhD,3,62864.58,38,12,19,5,0,3,43,3,1.58,False
2353,Legal,Male,21,Associate,2015-04-26,2,PhD,3,44301.11,37,20,1,0,75,10,43,2,2.24,False
2354,Legal,Female,36,Manager,2017-09-13,5,MBA,3,50326.28,37,25,5,3,0,10,51,3,1.08,True
2355,IT,Male,29,Developer,2023-07-05,7,Diploma,4,49653.58,56,25,0,5,25,11,48,0,1.77,False
2356,Legal,Female,37,Lead,2019-10-30,10,PhD,4,65344.55,59,25,12,3,100,8,80,0,3.41,False
2357,Operations,Male,43,Associate,2019-01-08,1,MBA,3,27933.05,48,23,19,2,75,5,43,0,4.89,True
2358,Marketing,Male,38,Lead,2025-01-25,0,Bachelor,3,34342.77,57,25,17,0,25,9,11,3,4.93,True
2359,Legal,Female,28,Executive,2017-06-10,1,PhD,3,31718.59,50,23,16,4,100,11,46,0,1.24,False
2360,Finance,Female,22,Manager,2024-02-23,2,Bachelor,4,37549.55,40,25,15,6,100,7,60,1,2.52,False
2361,Marketing,Male,31,Manager,2015-05-02,8,MBA,5,57507.56,47,21,12,0,0,4,30,2,4.76,True
2362,IT,Male,26,Analyst,2018-03-24,3,MBA,3,42482.86,45,25,14,5,100,11,30,3,4.29,False
2363,IT,Male,41,Executive,2024-12-03,9,PhD,4,68171.58,48,21,12,7,100,6,79,3,3.94,False
2364,Finance,Male,37,Manager,2026-02-12,1,MBA,3,31657.46,47,21,8,0,100,5,37,0,2.93,False
2365,Sales,Male,26,Executive,2017-09-18,0,Diploma,2,26628.25,37,10,16,10,50,4,27,0,4.28,True
2366,IT,Male,37,Executive,2019-03-15,1,Bachelor,3,30005.5,48,20,14,3,0,3,12,0,3.92,False
2367,Operations,Female,28,Manager,2017-06-12,6,MBA,4,52979.71,38,19,9,2,100,13,22,1,2.03,False
2368,HR,Female,37,Manager,2022-11-13,6,MBA,4,51897.62,53,25,12,2,0,9,67,2,1.01,False
2369,Marketing,Female,29,Executive,2019-12-31,1,PhD,4,42000.01,44,25,13,2,0,13,74,3,2.42,False
2370,Finance,Male,36,Lead,2017-09-17,3,MBA,3,33698.9,57,22,18,10,25,3,43,0,3.87,True
2371,IT,Female,27,Associate,2015-07-04,8,Bachelor,4,57428.41,58,25,20,1,50,3,29,2,4.33,True
2372,IT,Male,21,Analyst,2016-09-06,5,Bachelor,4,57457.54,56,25,16,2,50,14,62,2,2.72,False
2373,IT,Male,23,Developer,2022-01-30,5,PhD,2,37412.26,39,20,11,8,0,8,12,1,2.3,False
2374,HR,Female,28,Executive,2019-08-07,1,MBA,3,35654.25,48,24,4,4,0,7,39,3,2.32,False
2375,Legal,Male,31,Analyst,2020-03-16,7,Bachelor,3,47348.32,54,25,18,1,25,14,16,0,1.09,False
2376,Operations,Male,21,Analyst,2016-08-21,10,MBA,4,65742.66,59,25,5,5,75,10,39,2,2.27,True
2377,Finance,Male,30,Analyst,2016-08-13,0,PhD,3,28870.23,37,6,1,4,25,8,79,1,4.17,False
2378,Operations,Female,36,Analyst,2023-12-17,5,MBA,3,51056.52,42,25,10,2,25,3,57,3,2.33,False
2379,Finance,Female,36,Manager,2016-01-08,2,Diploma,3,34021.01,38,16,9,2,0,6,35,0,2.09,False
2380,Finance,Female,28,Lead,2017-05-21,3,MBA,3,44505.07,41,14,3,3,25,4,21,3,4.63,True
2381,Legal,Male,21,Executive,2024-11-10,1,PhD,4,38565.67,35,21,11,10,75,7,80,2,2.91,False
2382,Marketing,Female,46,Executive,2016-11-18,5,Diploma,3,47513.26,52,25,7,0,50,12,11,2,3.19,False
2383,Finance,Female,22,Executive,2025-09-01,2,Master,3,31753.79,37,12,20,1,75,13,71,1,1.8,True
2384,IT,Female,31,Lead,2016-08-11,7,MBA,3,54554.69,50,23,6,4,75,12,12,3,3.6,False
2385,Marketing,Female,41,Developer,2016-07-01,3,Master,3,40537.2,58,25,8,3,0,5,6,2,2.79,False
2386,Marketing,Female,29,Associate,2025-06-19,4,MBA,3,44859.36,38,22,11,10,100,6,20,3,4.85,False
2387,Finance,Female,31,Developer,2015-10-23,1,Bachelor,3,28518.52,38,18,6,6,50,14,25,0,3.78,False
2388,Operations,Female,28,Executive,2024-03-27,5,PhD,3,45711.09,56,22,14,10,50,4,73,1,4.07,False
2389,IT,Female,31,Associate,2021-08-06,10,Diploma,4,61678.06,42,25,11,6,25,13,78,0,2.88,False
2390,Legal,Male,34,Lead,2016-11-30,5,Master,5,44841.58,41,14,16,4,0,14,77,0,2.1,False
2391,Legal,Male,32,Developer,2018-02-08,4,Diploma,3,48728.03,57,22,7,3,50,4,80,3,3.83,False
2392,Sales,Male,25,Developer,2017-10-06,7,Bachelor,3,51424.45,40,25,15,8,100,8,34,2,2.39,False
2393,Marketing,Female,36,Associate,2021-06-24,6,Diploma,3,55379.1,39,25,8,4,50,9,19,3,2.07,False
2394,Finance,Male,39,Lead,2019-06-23,3,Bachelor,3,44784.41,51,25,11,9,75,7,26,3,2.43,False
2395,Legal,Female,22,Manager,2025-12-11,4,PhD,4,53569.45,50,24,8,6,50,7,65,3,3.91,False
2396,Legal,Female,24,Analyst,2018-10-19,8,Master,4,55835.57,60,25,14,2,75,9,18,1,3.14,False
2397,Sales,Female,31,Associate,2020-10-14,0,Diploma,2,31248.53,39,19,8,7,25,13,31,2,1.04,False
2398,HR,Female,33,Analyst,2025-11-09,4,Bachelor,4,45526.71,38,24,10,9,25,13,66,2,2.08,False
2399,Operations,Male,38,Developer,2020-08-27,10,MBA,4,55693.25,46,25,17,2,75,11,76,0,4.12,False
2400,Operations,Male,33,Developer,2022-07-30,9,Master,2,63619.27,50,21,7,8,75,10,7,2,4.67,False
2401,Marketing,Female,28,Analyst,2019-07-20,9,MBA,5,58589.14,48,22,16,5,75,6,59,1,2.05,False
2402,Finance,Female,39,Lead,2025-01-25,3,Bachelor,4,42625.42,40,23,4,0,0,6,39,2,4.27,False
2403,Legal,Male,32,Associate,2024-09-26,9,Diploma,3,59544.15,50,25,10,3,0,8,21,1,3.72,False
2404,Sales,Female,36,Developer,2021-07-19,2,Master,3,35984.04,59,25,15,3,100,14,11,2,2.48,False
2405,Finance,Male,26,Developer,2019-05-30,9,Diploma,2,52736.32,56,25,18,4,100,6,44,1,2.83,False
2406,Sales,Female,34,Lead,2025-12-02,3,Bachelor,3,42891.71,41,22,17,4,75,7,67,1,4.68,False
2407,Legal,Female,35,Associate,2016-06-28,0,Bachelor,4,28621.23,46,24,16,10,0,3,52,1,3.44,False
2408,IT,Female,46,Lead,2017-05-03,0,MBA,2,31435.98,51,21,3,10,100,5,14,3,3.1,False
2409,Marketing,Female,27,Lead,2019-03-23,8,Master,3,56357.16,60,25,12,2,50,9,17,1,1.07,False
2410,Sales,Female,35,Manager,2022-04-29,7,Master,4,54716.94,36,13,12,6,75,9,65,1,3.73,False
2411,Operations,Male,37,Executive,2021-07-23,8,Diploma,3,52355.04,40,17,16,8,50,6,59,1,4.47,False
2412,IT,Female,35,Manager,2024-01-31,2,Master,3,35840.72,43,21,12,9,75,13,14,2,4.82,False
2413,HR,Male,29,Analyst,2020-06-22,6,Diploma,3,55292.57,41,20,6,5,25,10,30,3,1.3,False
2414,Operations,Male,30,Associate,2018-05-21,4,PhD,3,45498.43,54,20,4,4,0,4,53,0,4.49,True
2415,Operations,Male,32,Analyst,2020-10-30,6,Bachelor,4,49559.46,43,18,11,1,0,7,27,2,1.16,False
2416,HR,Female,34,Associate,2020-06-04,3,Master,4,43933.38,39,20,10,9,100,14,77,3,3.22,True
2417,Marketing,Male,40,Developer,2023-05-03,9,Diploma,4,54277.96,44,25,7,9,100,10,73,0,4.61,False
2418,Finance,Female,35,Manager,2020-02-21,2,PhD,4,43587.32,45,19,2,1,25,8,59,2,4.53,False
2419,HR,Male,24,Lead,2022-09-12,8,Diploma,5,55895.34,54,24,4,6,100,3,79,3,2.46,False
2420,IT,Male,21,Associate,2026-03-29,10,MBA,2,58024.1,40,25,15,10,75,12,5,0,1.59,False
2421,Finance,Male,31,Analyst,2021-08-20,9,MBA,4,60303.06,51,17,3,6,75,4,33,1,1.54,False
2422,IT,Female,31,Lead,2025-03-11,10,Bachelor,5,69282.88,46,18,20,0,50,6,78,1,4.42,False
2423,Sales,Male,35,Lead,2017-10-22,9,Master,4,63556.71,53,25,7,7,100,6,48,2,4.39,False
2424,Sales,Male,31,Lead,2018-04-13,8,Bachelor,4,52669.78,58,24,20,10,75,3,63,1,1.14,False
2425,Finance,Male,25,Lead,2015-08-01,7,MBA,4,54624.34,40,22,5,1,50,3,70,2,4.98,False
2426,IT,Female,27,Executive,2016-02-22,10,Bachelor,4,61079.53,59,25,8,3,0,6,26,0,3.54,False
2427,Legal,Female,29,Lead,2021-08-01,3,Bachelor,3,45600.1,37,21,16,1,75,12,27,3,4.18,True
2428,HR,Female,24,Associate,2021-09-07,2,Diploma,3,36860.92,56,25,20,1,25,14,12,2,1.14,False
2429,IT,Male,27,Lead,2016-05-14,5,Master,3,48769.1,55,25,10,0,0,11,69,3,3.1,False
2430,Legal,Female,31,Developer,2025-08-07,0,PhD,3,25040.1,40,23,10,0,0,9,59,1,3.99,False
2431,Finance,Female,28,Manager,2025-05-20,7,Bachelor,4,56734.81,42,20,19,4,0,7,72,1,1.8,False
2432,Sales,Male,33,Associate,2018-10-31,3,Bachelor,2,39022.96,53,25,5,9,100,5,28,1,4.4,True
2433,HR,Female,34,Executive,2023-10-10,7,Bachelor,2,41719.62,40,19,20,9,25,11,19,0,2.12,False
2434,Sales,Male,34,Executive,2019-09-22,2,PhD,3,33450.85,36,21,12,7,0,5,52,0,2.37,True
2435,Marketing,Male,32,Executive,2017-09-11,10,Master,4,65467.25,49,25,2,7,75,14,34,3,4.24,False
2436,Sales,Female,28,Developer,2024-12-14,1,Master,4,36616.44,53,25,9,8,75,8,56,2,2.53,False
2437,Operations,Male,24,Associate,2024-05-10,3,Master,4,35360.13,49,25,20,7,0,3,74,0,2.94,False
2438,Sales,Female,36,Developer,2018-12-10,10,Bachelor,3,62436.01,41,20,0,0,0,5,19,0,4.52,False
2439,Marketing,Male,33,Executive,2025-05-24,1,PhD,4,38153.87,48,20,9,2,25,5,68,1,2.83,False
2440,Sales,Female,36,Associate,2018-11-04,2,Diploma,3,36207.76,56,25,12,0,0,11,49,1,3.85,True
2441,Legal,Female,27,Lead,2022-08-26,2,MBA,4,34414.24,59,25,17,0,100,8,62,0,3.97,False
2442,Finance,Female,31,Analyst,2017-10-24,3,Bachelor,3,39459.0,54,25,1,5,50,10,28,0,1.69,False
2443,Finance,Male,22,Analyst,2015-12-30,2,Master,2,40326.8,59,25,20,5,25,10,25,2,1.9,False
2444,IT,Female,32,Manager,2025-03-19,0,Master,4,38074.33,55,25,12,0,75,10,54,2,1.87,False
2445,Legal,Male,25,Analyst,2015-02-08,8,MBA,3,58029.33,37,17,9,0,25,14,13,1,4.09,False
2446,HR,Female,25,Associate,2024-03-21,7,Bachelor,3,50791.71,36,11,3,2,100,14,15,0,3.93,False
2447,IT,Female,30,Associate,2023-03-24,9,PhD,2,49204.03,50,21,17,2,100,5,5,1,4.36,False
2448,HR,Male,28,Executive,2025-05-10,5,Bachelor,4,41710.54,42,25,20,8,75,11,44,1,2.16,False
2449,Finance,Female,29,Developer,2023-01-25,0,PhD,3,30365.3,58,25,18,3,25,9,12,0,4.53,False
2450,Sales,Female,27,Associate,2017-10-07,1,Bachelor,4,31740.44,60,25,20,6,0,10,57,1,4.54,False
2451,Legal,Male,35,Executive,2022-07-11,6,PhD,3,55780.74,49,25,4,7,25,4,19,3,2.85,False
2452,Operations,Female,35,Executive,2016-06-03,2,Master,3,35648.7,56,25,8,4,50,4,29,0,4.66,True
2453,IT,Female,33,Associate,2018-04-30,2,PhD,4,36426.3,39,18,5,4,75,7,72,1,1.56,False
2454,HR,Male,33,Manager,2019-04-07,0,Bachelor,3,32648.31,60,25,13,0,100,14,22,2,4.82,False
2455,Sales,Female,29,Developer,2018-02-11,3,PhD,4,38926.95,38,22,19,9,75,13,56,0,4.29,True
2456,HR,Male,43,Manager,2026-01-05,10,Diploma,4,60274.11,41,22,3,0,0,11,12,0,3.64,False
2457,Marketing,Female,38,Analyst,2025-10-22,8,PhD,3,61784.22,56,25,19,5,25,10,37,3,3.52,False
2458,IT,Male,30,Associate,2018-01-06,3,Master,3,38483.56,52,20,13,6,75,7,15,1,3.89,False
2459,HR,Male,33,Developer,2025-04-21,5,Master,4,43602.97,54,25,0,9,50,9,35,0,2.71,False
2460,Marketing,Male,22,Manager,2026-02-10,0,MBA,3,23649.09,42,23,8,6,25,9,67,0,2.11,False
2461,Legal,Male,25,Executive,2024-01-12,8,PhD,3,56645.27,56,25,19,10,50,12,5,2,4.64,True
2462,Operations,Female,36,Executive,2020-10-25,9,Diploma,4,54461.83,57,25,20,4,25,9,27,0,4.07,False
2463,Marketing,Female,41,Developer,2023-05-18,5,MBA,3,44772.19,41,22,20,4,50,10,24,1,4.49,False
2464,Operations,Male,40,Manager,2023-07-10,6,Master,3,47393.36,49,25,20,0,0,5,10,1,1.83,False
2465,Operations,Male,29,Lead,2018-07-26,5,Master,4,41945.72,50,21,12,8,25,5,40,1,1.05,False
2466,Operations,Female,32,Analyst,2020-06-12,6,PhD,3,45568.8,56,25,3,8,50,7,25,1,1.74,False
2467,Finance,Female,26,Manager,2017-02-23,1,MBA,3,39206.47,51,25,19,5,75,3,56,2,3.63,False
2468,Operations,Male,29,Executive,2021-06-04,4,PhD,2,30381.97,45,18,13,7,75,13,19,0,1.79,False
2469,HR,Male,39,Associate,2024-07-19,4,Diploma,4,39877.53,53,25,5,4,100,11,58,0,3.15,False
2470,Finance,Female,31,Lead,2020-10-25,7,MBA,4,55898.35,44,25,11,5,75,12,39,0,1.81,False
2471,Sales,Male,27,Analyst,2019-09-25,6,PhD,3,50859.03,49,22,20,7,75,4,33,0,2.07,False
2472,Sales,Male,30,Associate,2019-03-07,3,Diploma,4,46062.51,57,25,3,10,75,9,74,1,1.37,False
2473,Marketing,Female,23,Associate,2021-06-21,2,Master,4,35070.41,43,21,17,0,0,4,33,2,4.69,False
2474,HR,Male,39,Manager,2017-02-18,6,MBA,4,49780.91,58,25,8,10,0,4,78,0,1.11,True
2475,Sales,Male,37,Manager,2017-07-12,7,PhD,4,49313.29,59,25,12,1,50,11,77,0,3.39,True
2476,Sales,Female,38,Executive,2020-07-05,2,Diploma,4,43914.84,45,19,10,2,0,12,64,2,2.31,False
2477,Marketing,Female,21,Developer,2025-02-09,10,PhD,3,58850.22,50,22,20,0,75,11,21,2,3.08,False
2478,Finance,Male,30,Executive,2022-11-27,4,Diploma,5,48888.85,59,25,1,8,50,5,46,1,4.63,False
2479,IT,Male,30,Developer,2017-04-19,10,Diploma,3,56588.72,58,25,6,8,0,14,13,0,2.98,True
2480,Legal,Male,44,Analyst,2015-10-09,2,Diploma,3,39262.82,41,25,5,2,50,13,37,2,1.03,False
2481,Sales,Female,23,Manager,2015-09-09,5,Master,3,54087.27,54,25,12,8,75,6,60,3,1.35,True
2482,Finance,Female,33,Manager,2024-06-18,10,MBA,4,61110.65,35,22,12,5,25,4,64,0,2.95,False
2483,Operations,Female,30,Developer,2017-09-01,3,MBA,4,40795.32,43,25,19,1,0,5,20,1,1.49,False
2484,Operations,Female,35,Executive,2015-03-21,5,PhD,3,39603.37,59,25,13,10,100,4,33,0,1.66,False
2485,Finance,Male,28,Developer,2020-01-23,8,Bachelor,3,52670.09,58,25,18,10,75,8,5,1,2.93,False
2486,Legal,Female,26,Associate,2021-07-04,6,PhD,2,39060.72,58,25,2,10,25,4,35,0,2.87,False
2487,Legal,Female,33,Lead,2021-03-06,7,Diploma,4,55120.94,53,25,4,0,50,4,37,2,2.96,False
2488,Finance,Male,34,Lead,2018-01-01,6,Bachelor,3,42514.39,46,25,15,9,25,3,5,0,3.6,False
2489,HR,Male,29,Analyst,2018-03-19,9,MBA,3,56704.04,44,25,11,4,50,13,36,2,3.41,True
2490,IT,Female,36,Analyst,2026-02-23,9,PhD,3,51354.17,59,25,5,10,100,3,48,0,4.6,False
2491,IT,Male,36,Lead,2023-07-30,5,MBA,5,46210.3,53,25,15,1,50,14,59,1,1.55,True
2492,Legal,Male,35,Analyst,2022-08-08,5,Bachelor,2,41265.08,35,18,16,9,0,6,47,1,3.26,True
2493,Marketing,Female,32,Lead,2022-08-18,9,PhD,4,59704.42,46,25,20,8,100,13,43,0,1.03,False
2494,Sales,Male,37,Associate,2024-11-05,10,PhD,4,63171.82,52,24,2,3,100,10,65,3,1.84,False
2495,Legal,Female,40,Executive,2015-10-15,6,Master,4,52990.7,35,20,13,2,0,7,49,2,3.97,False
2496,IT,Female,24,Executive,2018-02-02,8,Master,4,53180.2,35,9,19,6,50,8,73,0,3.04,True
2497,Legal,Female,29,Associate,2025-12-26,6,MBA,3,50355.13,39,18,1,7,50,11,10,1,3.78,False
2498,HR,Female,31,Analyst,2016-01-08,9,Bachelor,3,54006.69,60,25,2,6,50,8,32,1,4.55,False
2499,Sales,Male,29,Manager,2018-12-02,7,Bachelor,3,54170.41,49,24,4,4,25,8,51,3,3.78,False
2500,Marketing,Male,31,Lead,2015-01-20,6,PhD,3,50647.16,43,23,0,2,0,7,31,2,3.73,True
2501,Sales,Female,29,Developer,2018-04-02,6,Master,3,51249.01,51,25,15,6,25,14,42,0,4.26,False
2502,Finance,Female,21,Associate,2017-05-28,3,Diploma,3,38687.19,59,24,20,7,25,11,20,2,2.43,False
2503,Sales,Female,26,Analyst,2015-12-11,0,Diploma,3,32695.96,53,25,3,6,100,11,51,2,4.91,False
2504,Sales,Male,21,Executive,2021-12-30,1,PhD,3,37340.45,40,21,13,7,100,14,17,2,2.4,False
2505,HR,Male,41,Executive,2023-04-28,9,Diploma,3,53958.21,48,25,16,6,0,13,46,0,4.91,False
2506,Legal,Male,29,Developer,2020-07-14,7,Bachelor,3,54961.39,45,20,0,4,50,8,58,1,2.11,False
2507,IT,Male,23,Lead,2021-04-12,6,MBA,4,52944.74,57,25,18,10,25,12,52,2,1.19,True
2508,Sales,Male,21,Developer,2022-01-07,0,Diploma,3,28595.32,36,19,10,9,25,9,20,2,3.16,True
2509,IT,Female,36,Developer,2015-11-12,8,Diploma,4,50719.73,37,20,14,1,75,13,70,0,3.83,False
2510,HR,Female,33,Lead,2016-07-20,6,PhD,4,50683.13,39,15,6,5,0,12,64,2,3.7,False
2511,Marketing,Female,21,Manager,2025-08-23,6,MBA,2,46378.75,39,18,8,2,25,7,9,0,3.48,False
2512,IT,Female,28,Lead,2017-07-09,4,MBA,4,47602.68,41,22,4,0,100,4,75,3,3.36,False
2513,Operations,Male,31,Lead,2025-09-13,6,PhD,3,56425.35,60,25,12,0,75,6,44,2,3.23,False
2514,HR,Female,30,Developer,2022-08-02,2,Diploma,3,39573.82,43,23,8,0,75,14,52,2,2.68,False
2515,HR,Male,32,Associate,2025-04-28,6,Master,3,47436.69,53,24,6,4,75,12,65,1,3.13,False
2516,HR,Male,33,Associate,2024-01-20,9,Diploma,5,62080.72,53,21,20,8,100,13,74,0,3.64,False
2517,Operations,Female,31,Developer,2016-08-17,4,Master,4,39763.92,53,17,2,2,50,3,60,0,2.42,False
2518,Finance,Female,22,Associate,2026-01-01,3,Diploma,4,37327.02,48,25,9,1,75,6,79,0,1.96,False
2519,Operations,Female,38,Developer,2021-08-07,0,Bachelor,3,30314.52,35,13,9,7,0,5,48,2,3.47,False
2520,Finance,Female,31,Developer,2021-04-01,1,Bachelor,3,30096.66,55,25,20,8,100,8,18,2,4.88,False
2521,IT,Male,29,Associate,2019-10-18,7,Diploma,4,46134.8,43,25,3,0,100,7,27,1,4.22,False
2522,Operations,Male,31,Associate,2023-06-02,3,MBA,3,36793.83,49,22,5,8,100,10,36,0,4.24,False
2523,Marketing,Female,33,Lead,2024-04-15,7,PhD,3,50374.18,36,19,18,0,25,13,14,1,2.2,False
2524,Finance,Male,23,Developer,2026-02-13,4,Bachelor,4,48631.11,36,15,5,2,0,8,74,3,3.95,True
2525,IT,Male,29,Manager,2021-05-21,4,Master,3,47962.76,47,19,11,2,0,4,29,3,3.78,False
2526,HR,Male,31,Associate,2015-12-11,6,MBA,4,48354.04,38,16,15,7,0,13,55,1,4.36,False
2527,Legal,Male,33,Executive,2022-02-05,6,MBA,4,54483.89,48,25,14,6,75,13,74,2,2.86,False
2528,Marketing,Female,42,Developer,2020-08-12,10,Master,5,68654.92,50,25,20,7,0,11,57,2,3.43,True
2529,Finance,Male,30,Associate,2024-06-15,6,MBA,3,49678.57,44,21,9,5,100,11,28,2,2.15,False
2530,Marketing,Female,33,Lead,2025-03-29,3,MBA,2,38212.98,43,25,7,6,75,13,16,3,3.65,False
2531,IT,Male,33,Lead,2021-01-10,2,Diploma,3,38025.57,46,20,4,1,75,13,14,3,3.21,False
2532,Operations,Male,28,Developer,2021-05-18,9,Bachelor,4,63183.17,52,25,19,3,0,14,41,3,4.1,False
2533,HR,Female,33,Analyst,2025-07-23,0,Master,3,32546.49,50,25,8,4,0,3,14,3,3.97,True
2534,Finance,Male,27,Analyst,2019-06-27,8,Diploma,4,58250.3,42,13,11,4,75,4,79,2,2.13,True
2535,Marketing,Female,42,Developer,2025-04-04,9,Master,3,57315.4,49,25,18,4,25,14,8,3,1.73,False
2536,Operations,Male,40,Manager,2022-06-21,3,Bachelor,3,47885.3,49,24,18,6,25,4,46,2,2.13,False
2537,Sales,Male,32,Developer,2020-02-29,8,Master,4,57579.46,43,22,8,6,50,12,20,1,1.33,False
2538,Finance,Male,31,Executive,2023-10-29,7,PhD,4,54964.03,53,25,20,6,100,4,17,1,2.45,False
2539,Sales,Male,29,Associate,2025-11-10,7,Master,3,51614.89,58,25,3,4,50,9,56,1,1.77,False
2540,Finance,Male,34,Lead,2016-06-20,7,Diploma,3,51702.29,52,24,9,8,75,4,76,3,3.92,False
2541,Marketing,Male,21,Associate,2024-11-22,6,MBA,3,43710.4,47,21,2,10,25,4,24,0,2.92,False
2542,HR,Female,29,Executive,2016-08-26,2,PhD,5,36785.48,42,18,5,3,25,5,73,0,3.3,False
2543,Finance,Male,29,Lead,2023-05-06,8,Master,3,56932.73,47,25,2,9,25,3,57,3,4.45,True
2544,Sales,Male,31,Developer,2019-10-28,10,PhD,5,67679.66,49,25,8,7,100,7,56,2,3.69,False
2545,Sales,Male,31,Associate,2023-09-02,10,MBA,4,63531.26,59,22,15,8,50,3,54,0,1.82,False
2546,HR,Female,27,Lead,2022-07-11,0,PhD,4,35960.73,55,24,17,3,0,14,48,3,2.21,False
2547,Marketing,Female,34,Manager,2021-05-29,2,Bachelor,3,32965.79,48,20,10,6,25,14,76,2,1.83,False
2548,Sales,Male,40,Associate,2025-04-04,0,PhD,4,31700.52,43,25,14,1,0,10,67,3,2.7,False
2549,IT,Male,33,Developer,2024-12-26,8,Diploma,3,58317.9,53,23,0,0,75,8,5,2,4.17,False
2550,HR,Female,32,Analyst,2019-01-07,6,MBA,3,43994.13,48,24,0,4,25,3,22,0,3.79,False
2551,IT,Male,32,Associate,2021-04-12,9,MBA,3,63997.4,43,16,18,6,25,9,10,0,3.86,False
2552,Legal,Female,33,Analyst,2023-07-24,3,PhD,4,41962.84,54,25,3,2,0,3,80,2,3.63,False
2553,Marketing,Male,24,Analyst,2025-05-15,9,Master,3,52594.79,50,25,19,8,50,13,13,2,1.03,False
2554,Operations,Female,26,Executive,2020-03-06,6,Bachelor,4,43341.28,43,20,7,3,50,8,46,0,4.7,False
2555,Sales,Male,31,Associate,2022-05-03,8,Bachelor,4,61962.67,35,19,2,4,50,12,27,3,2.56,False
2556,Marketing,Male,35,Associate,2019-08-24,3,Bachelor,3,36297.31,38,18,7,6,75,12,37,1,4.99,False
2557,HR,Female,34,Lead,2020-04-23,7,PhD,5,59389.93,42,21,10,6,25,10,56,2,1.51,False
2558,Finance,Female,31,Analyst,2018-01-16,9,Master,5,62651.13,36,18,13,1,50,10,77,0,3.37,True
2559,Operations,Male,21,Lead,2017-10-06,8,Diploma,2,54847.69,46,19,13,8,50,3,19,1,2.74,False
2560,Operations,Female,34,Associate,2025-03-28,4,MBA,3,35234.15,52,25,18,7,25,3,19,0,3.14,False
2561,Legal,Female,33,Associate,2017-11-03,4,MBA,3,44634.76,56,25,15,7,100,3,30,2,1.64,False
2562,IT,Male,39,Associate,2016-03-13,1,Diploma,3,28812.21,54,25,5,2,50,14,40,2,4.65,False
2563,HR,Female,40,Analyst,2024-12-12,8,PhD,3,49875.11,49,20,12,3,100,7,60,1,1.29,False
2564,HR,Male,26,Manager,2015-09-25,3,Bachelor,3,42432.54,39,23,0,2,25,12,25,3,4.4,False
2565,Sales,Male,31,Developer,2022-02-16,10,PhD,4,59393.23,39,19,1,8,100,13,41,1,3.38,False
2566,Legal,Male,26,Associate,2025-04-12,1,Master,4,41191.7,41,15,6,0,50,12,56,2,2.2,False
2567,Operations,Male,26,Executive,2020-04-07,9,Bachelor,4,61653.15,50,21,4,2,100,14,63,1,2.06,False
2568,Marketing,Female,36,Developer,2020-08-24,10,Master,4,56672.1,57,25,6,10,75,10,28,0,3.98,False
2569,HR,Male,32,Lead,2024-09-19,8,Master,4,52633.18,50,25,10,10,100,14,55,0,4.62,False
2570,Legal,Female,36,Developer,2016-04-25,8,MBA,3,51897.94,46,25,12,0,100,5,25,0,4.97,False
2571,IT,Female,24,Manager,2017-01-17,10,Master,3,57952.84,51,23,19,4,100,10,25,0,2.61,False
2572,Finance,Male,30,Manager,2018-05-19,2,Master,4,38995.13,60,25,0,5,100,9,39,2,1.9,False
2573,Marketing,Female,28,Manager,2019-12-10,2,Master,3,37975.5,39,18,8,8,75,5,77,2,3.54,False
2574,Operations,Female,23,Associate,2023-08-04,2,PhD,4,29616.12,52,25,15,1,50,10,32,0,3.5,False
2575,HR,Female,21,Manager,2019-01-05,7,MBA,3,56647.23,45,25,3,6,0,13,7,2,4.33,False
2576,Marketing,Female,37,Manager,2017-09-15,7,MBA,4,50338.83,35,18,4,2,100,12,74,1,3.01,False
2577,Finance,Male,25,Analyst,2021-09-05,5,MBA,3,50475.43,51,22,8,10,75,13,5,1,2.76,False
2578,Sales,Female,25,Manager,2022-08-29,8,PhD,3,55493.8,48,25,17,2,75,8,10,1,1.91,False
2579,Finance,Male,33,Analyst,2022-09-15,10,Bachelor,3,63100.74,40,16,0,6,100,6,29,3,3.78,True
2580,Finance,Female,32,Executive,2025-01-01,5,PhD,4,47081.42,38,16,9,0,75,6,63,1,2.66,False
2581,Operations,Female,31,Developer,2017-05-18,9,Bachelor,3,59171.17,39,23,19,7,0,12,24,1,1.09,False
2582,Marketing,Male,25,Manager,2020-07-27,10,Diploma,3,56017.12,48,23,0,0,0,7,7,0,1.79,False
2583,Operations,Female,43,Executive,2024-04-12,4,Diploma,4,39043.87,42,12,1,6,75,7,42,0,2.72,False
2584,Finance,Female,37,Developer,2024-03-08,4,MBA,3,40905.27,59,25,12,7,25,7,27,1,4.19,False
2585,Legal,Male,42,Executive,2023-12-16,0,Master,3,34190.51,43,23,10,7,50,5,62,1,2.04,False
2586,Sales,Female,22,Lead,2017-12-23,6,PhD,3,51318.15,59,25,9,10,25,9,63,3,1.25,True
2587,IT,Female,30,Analyst,2020-04-01,4,Bachelor,4,49798.69,59,25,8,8,100,13,41,3,1.14,False
2588,HR,Male,25,Associate,2020-12-01,0,Diploma,3,32435.98,46,23,10,5,50,9,16,0,2.04,False
2589,Sales,Male,24,Analyst,2015-10-22,6,Bachelor,4,47690.45,53,25,1,6,25,14,41,1,2.29,False
2590,Sales,Female,34,Executive,2015-06-03,5,MBA,3,43954.77,50,25,4,1,0,12,9,0,4.8,False
2591,Operations,Male,34,Lead,2021-09-03,9,PhD,4,63736.57,46,20,10,0,100,5,39,3,1.35,False
2592,HR,Male,34,Manager,2025-06-29,2,Master,3,28579.75,38,16,16,5,50,6,80,1,4.65,False
2593,Operations,Male,44,Manager,2025-09-15,8,Master,4,59079.67,51,25,6,1,75,3,51,3,2.47,False
2594,Marketing,Male,39,Analyst,2019-09-15,1,Diploma,4,34938.38,39,15,10,0,75,13,59,0,4.5,True
2595,Marketing,Female,25,Associate,2025-07-24,7,MBA,3,48914.26,39,20,18,4,25,8,12,2,4.13,False
2596,Sales,Female,34,Executive,2025-08-03,3,Master,3,44620.63,39,22,12,8,50,7,26,3,2.75,False
2597,Operations,Female,34,Developer,2025-12-24,8,PhD,5,64506.69,46,20,9,6,0,12,65,2,2.87,False
2598,Operations,Female,36,Developer,2019-11-15,6,MBA,3,47864.69,44,23,14,10,75,7,43,2,4.24,False
2599,Legal,Female,36,Analyst,2017-12-08,3,Master,4,44774.35,51,25,20,0,50,13,25,0,3.32,False
2600,Sales,Female,41,Developer,2018-08-04,9,Diploma,3,58435.69,58,25,12,9,0,13,35,0,4.48,False
2601,Marketing,Female,38,Associate,2021-05-02,8,Diploma,5,63682.02,43,17,11,6,25,4,71,3,1.71,True
2602,Finance,Female,40,Associate,2019-12-18,3,PhD,2,36963.15,38,21,4,3,0,11,15,1,2.19,False
2603,Sales,Male,33,Executive,2018-05-18,9,Master,4,55446.02,38,23,14,0,50,14,58,0,2.31,False
2604,HR,Female,21,Analyst,2022-12-10,5,Diploma,3,45433.7,50,21,3,0,0,3,18,0,3.09,True
2605,Finance,Male,37,Manager,2015-05-21,7,Master,4,51359.42,38,24,1,1,25,9,76,1,1.53,False
2606,Operations,Female,26,Lead,2017-08-20,7,MBA,3,46947.54,36,20,18,3,75,6,23,2,4.04,False
2607,Finance,Male,27,Executive,2019-11-16,0,MBA,3,30967.76,45,22,13,2,0,4,22,3,1.41,True
2608,HR,Female,28,Manager,2025-01-21,0,Diploma,3,34502.83,37,17,19,1,25,14,19,3,4.27,True
2609,Legal,Male,29,Associate,2019-10-27,5,Bachelor,4,49076.16,43,20,0,4,0,9,38,3,2.48,False
2610,Finance,Female,33,Developer,2019-12-11,6,PhD,3,42019.25,50,23,0,0,50,5,12,0,1.53,False
2611,Operations,Male,38,Developer,2025-07-15,5,Master,5,46972.38,50,23,7,2,0,7,64,1,4.6,False
2612,IT,Female,37,Lead,2020-10-13,6,Bachelor,4,49307.74,59,25,3,8,50,3,78,1,3.13,False
2613,IT,Male,36,Analyst,2023-09-06,8,MBA,4,63466.0,53,23,20,6,100,9,52,2,2.52,False
2614,Legal,Female,31,Analyst,2017-07-14,1,MBA,3,32277.51,40,24,19,3,25,6,58,3,4.8,False
2615,HR,Female,40,Executive,2024-10-30,10,MBA,4,60838.92,48,25,13,4,25,14,19,2,1.63,False
2616,HR,Female,30,Developer,2023-05-16,4,Master,4,47564.3,41,19,1,1,0,8,74,3,2.97,False
2617,Sales,Female,34,Associate,2022-06-14,8,Diploma,2,53859.6,56,25,4,2,100,3,8,3,1.71,False
2618,Finance,Female,22,Associate,2021-03-25,4,Diploma,4,42861.44,42,21,2,10,50,6,79,1,4.56,False
2619,Operations,Male,22,Lead,2015-04-27,7,Master,3,56773.48,47,23,13,8,100,14,39,2,3.92,False
2620,Finance,Male,30,Analyst,2022-03-23,8,Bachelor,4,58662.02,48,15,14,8,50,3,63,0,4.86,False
2621,Finance,Male,35,Manager,2026-02-07,1,Master,2,32198.01,56,25,18,3,25,14,12,3,1.8,False
2622,HR,Female,35,Executive,2022-07-29,3,Master,3,35326.73,57,25,2,6,25,9,44,0,1.97,False
2623,HR,Female,21,Developer,2016-01-20,9,MBA,4,62935.57,55,25,7,2,100,9,79,1,2.73,False
2624,Marketing,Female,36,Associate,2019-09-11,3,Bachelor,3,38128.67,57,25,7,10,100,11,30,2,3.54,False
2625,IT,Male,26,Associate,2024-09-26,2,MBA,3,36273.27,53,21,8,6,0,6,18,1,1.73,True
2626,IT,Male,40,Executive,2015-04-10,0,MBA,3,30571.56,57,25,3,10,50,13,27,3,3.34,False
2627,Operations,Female,38,Lead,2016-09-21,1,Master,3,33717.23,44,25,0,5,100,8,46,2,1.04,False
2628,Operations,Female,25,Associate,2022-06-14,2,Diploma,3,34673.27,58,25,0,3,75,8,45,0,1.63,False
2629,Finance,Female,35,Developer,2018-07-02,1,Bachelor,3,32814.54,53,25,4,9,50,7,30,0,1.48,False
2630,Finance,Male,33,Associate,2022-08-14,7,Master,4,59153.33,55,25,5,7,0,9,37,3,3.42,False
2631,Operations,Female,21,Analyst,2015-07-09,7,Master,3,50886.11,55,25,1,2,0,5,41,0,3.59,False
2632,IT,Female,29,Executive,2022-06-14,3,MBA,4,37567.11,43,20,9,0,25,7,48,0,4.32,False
2633,IT,Female,24,Associate,2016-03-21,8,Master,3,53234.94,54,25,20,4,25,6,31,1,3.59,False
2634,HR,Female,31,Manager,2017-09-27,6,Bachelor,4,53455.28,50,25,11,8,50,12,62,0,2.35,False
2635,Marketing,Male,34,Executive,2025-05-11,10,Diploma,3,63735.84,43,16,8,4,50,11,32,3,4.12,False
2636,Finance,Male,31,Associate,2020-10-12,3,Bachelor,4,43775.15,40,20,3,2,75,8,34,3,4.19,True
2637,Legal,Male,37,Executive,2020-03-12,9,MBA,4,57648.37,39,16,16,6,0,4,79,1,1.27,False
2638,Operations,Female,36,Executive,2021-05-14,6,Diploma,3,47197.92,57,25,11,7,100,9,28,3,4.1,False
2639,Marketing,Male,35,Associate,2024-05-18,10,Bachelor,3,56022.9,54,18,5,2,25,7,42,1,3.96,False
2640,IT,Female,27,Manager,2022-03-10,7,PhD,3,48628.04,39,16,7,0,50,10,33,0,3.66,False
2641,Marketing,Male,28,Executive,2020-08-25,10,Master,5,65667.4,57,25,9,5,75,5,64,2,3.2,False
2642,Finance,Female,30,Manager,2021-02-26,4,Bachelor,3,44429.24,44,16,7,7,50,8,15,2,4.95,False
2643,Marketing,Male,21,Developer,2018-03-30,4,Master,3,45239.56,37,25,1,7,25,10,21,2,1.13,False
2644,Marketing,Female,39,Lead,2015-07-05,9,Diploma,4,57127.06,36,25,19,3,0,11,28,1,2.17,False
2645,HR,Male,21,Developer,2025-04-21,1,Diploma,4,39232.18,53,25,4,0,100,5,60,3,3.13,False
2646,Finance,Male,38,Lead,2024-03-25,0,Bachelor,2,25200.22,49,25,13,6,50,14,44,1,2.01,False
2647,Legal,Male,25,Associate,2020-04-16,8,PhD,3,48379.35,56,25,15,4,25,10,12,0,4.48,True
2648,Operations,Female,22,Lead,2020-02-19,1,PhD,2,33297.72,46,18,17,3,25,7,14,2,3.47,False
2649,Operations,Female,34,Lead,2018-10-03,4,Bachelor,4,42377.71,39,24,8,9,75,6,80,1,3.89,False
2650,HR,Female,36,Associate,2016-01-18,6,MBA,3,53945.02,54,25,13,5,100,3,38,0,4.99,False
2651,Finance,Male,31,Analyst,2020-10-24,10,Master,4,60674.14,36,20,19,8,0,12,71,0,1.13,False
2652,Marketing,Male,31,Executive,2018-09-04,1,Diploma,2,33879.12,38,11,8,8,0,14,8,2,3.23,False
2653,Finance,Male,24,Executive,2023-01-24,1,Diploma,3,28772.02,56,25,7,8,75,6,46,0,4.65,False
2654,IT,Male,32,Developer,2015-01-24,3,Bachelor,3,40600.63,46,25,3,1,0,5,29,2,3.11,False
2655,Marketing,Male,26,Associate,2015-12-16,1,Master,3,33445.56,36,21,3,10,0,6,25,1,4.87,True
2656,Sales,Female,30,Associate,2025-04-09,2,Diploma,3,39126.47,46,21,2,2,0,8,69,3,2.55,False
2657,Finance,Female,31,Lead,2023-07-29,0,Diploma,3,25027.1,40,22,13,2,100,13,28,0,2.64,False
2658,HR,Male,37,Associate,2019-03-28,8,Master,4,58147.26,49,24,3,2,50,6,13,2,1.6,False
2659,Sales,Male,38,Analyst,2020-07-21,7,MBA,5,56068.72,47,19,1,3,0,6,80,2,3.59,False
2660,Sales,Female,35,Lead,2017-05-08,2,Bachelor,3,33224.93,53,25,18,10,75,12,24,2,3.21,False
2661,Finance,Female,31,Associate,2017-10-23,7,Diploma,4,56785.72,35,20,12,5,100,14,33,2,2.64,False
2662,Finance,Female,21,Developer,2020-02-16,5,Bachelor,4,43915.64,51,25,2,4,75,8,46,0,3.38,False
2663,Finance,Female,39,Manager,2024-10-08,4,Bachelor,4,38982.67,60,25,9,9,100,3,58,0,4.94,False
2664,Marketing,Female,27,Developer,2022-05-23,9,Bachelor,3,53780.1,44,20,3,6,0,12,35,0,3.0,False
2665,Sales,Male,26,Associate,2017-11-05,1,Bachelor,4,44598.02,37,20,1,1,25,11,62,3,4.04,False
2666,Operations,Female,28,Executive,2025-04-08,5,Master,4,52835.28,59,25,13,2,75,9,49,3,1.4,False
2667,Legal,Male,26,Developer,2021-12-29,3,Master,4,38771.95,58,23,11,6,50,4,78,1,3.46,False
2668,Legal,Female,32,Analyst,2024-03-16,9,Master,3,59049.47,51,23,16,9,50,12,26,1,1.02,False
2669,Legal,Male,28,Developer,2017-08-18,0,Master,3,35524.5,41,20,4,2,50,8,22,3,4.2,False
2670,Sales,Male,38,Analyst,2019-09-04,6,PhD,2,42138.9,50,25,0,8,75,9,7,0,3.42,False
2671,IT,Female,23,Executive,2018-07-17,6,Diploma,3,50026.14,46,21,4,5,25,9,44,1,4.0,False
2672,Marketing,Female,27,Associate,2015-10-10,8,PhD,4,58905.2,50,25,4,4,0,3,61,2,1.36,False
2673,HR,Female,21,Associate,2024-09-16,6,PhD,4,50967.59,49,25,2,1,0,11,72,1,1.03,False
2674,Legal,Male,32,Associate,2021-08-20,4,Diploma,3,40281.63,52,25,20,9,25,8,9,1,2.34,False
2675,Marketing,Female,41,Associate,2016-12-14,4,MBA,4,46456.33,46,18,12,4,100,8,55,2,1.68,False
2676,Finance,Male,27,Associate,2015-01-16,6,Diploma,2,54130.63,58,25,14,4,25,3,20,3,4.48,False
2677,Marketing,Male,28,Lead,2017-12-29,6,Diploma,3,51092.67,58,25,8,4,0,7,5,0,2.21,False
2678,Marketing,Female,28,Analyst,2019-03-10,0,Diploma,3,26482.79,41,17,15,2,50,6,25,0,2.04,False
2679,Finance,Male,36,Analyst,2019-02-17,7,Diploma,3,46557.98,53,25,2,9,100,3,40,0,4.92,False
2680,IT,Male,37,Lead,2023-07-19,7,Diploma,4,59574.4,42,20,10,4,25,9,61,3,2.31,False
2681,Sales,Male,21,Executive,2024-03-06,5,Diploma,4,46111.38,55,25,5,3,50,12,33,3,3.05,False
2682,Legal,Female,33,Manager,2017-11-04,0,MBA,4,28992.5,47,22,13,7,0,10,57,0,1.87,False
2683,Finance,Male,41,Manager,2025-06-12,7,MBA,2,47968.54,40,22,0,8,50,3,22,1,3.48,False
2684,HR,Female,26,Executive,2021-07-27,8,Diploma,3,51815.85,50,25,18,9,75,5,19,0,2.04,False
2685,IT,Female,28,Manager,2021-04-16,1,MBA,3,40602.19,49,24,7,3,100,10,22,3,3.56,True
2686,Legal,Female,24,Manager,2021-11-09,10,Master,4,65802.5,51,25,20,8,25,12,62,1,3.13,True
2687,IT,Male,27,Associate,2025-11-28,3,Diploma,3,38277.27,40,23,18,7,0,14,57,0,3.27,False
2688,Sales,Female,21,Developer,2023-10-30,10,MBA,3,59355.14,57,25,18,8,75,10,6,1,3.97,False
2689,Legal,Female,33,Executive,2020-06-25,9,MBA,4,63185.41,44,19,18,5,25,8,70,1,2.09,False
2690,HR,Female,27,Analyst,2025-01-23,6,MBA,5,47279.85,36,16,11,2,75,8,29,0,4.21,False
2691,Sales,Female,32,Lead,2025-04-15,8,PhD,3,58234.52,38,15,7,6,100,3,7,2,1.42,True
2692,IT,Female,28,Developer,2018-05-26,8,MBA,4,55321.97,57,25,8,10,0,5,63,2,3.37,False
2693,Legal,Male,27,Developer,2016-08-01,3,Bachelor,4,47280.73,56,25,7,4,100,9,70,2,2.12,False
2694,Sales,Female,42,Lead,2023-08-28,2,PhD,4,34164.97,53,25,7,4,100,8,49,0,4.44,False
2695,HR,Female,26,Associate,2025-06-19,4,Bachelor,4,49314.02,50,23,0,4,75,6,61,3,3.39,True
2696,IT,Male,28,Analyst,2021-03-17,5,Master,3,44642.53,35,8,14,1,0,5,10,0,2.37,False
2697,Finance,Female,28,Developer,2021-07-11,1,Diploma,3,37897.38,49,25,6,1,100,12,36,3,4.11,False
2698,Finance,Female,34,Associate,2023-03-21,8,Master,4,50393.76,43,17,12,2,25,13,74,0,1.72,False
2699,Finance,Female,26,Manager,2023-11-24,0,Bachelor,3,30735.56,52,22,1,3,0,7,34,1,2.48,False
2700,HR,Male,37,Lead,2016-10-06,1,Bachelor,3,31408.84,53,25,0,0,50,6,34,0,3.69,False
2701,Marketing,Female,36,Lead,2025-01-07,3,MBA,4,39662.42,58,21,17,7,100,14,58,1,1.05,False
2702,HR,Female,33,Analyst,2025-06-20,3,MBA,4,38963.4,49,24,4,1,100,7,28,0,4.8,False
2703,Finance,Male,26,Associate,2016-04-05,9,Master,5,61413.09,57,25,2,2,75,14,72,0,2.21,False
2704,Marketing,Male,27,Lead,2024-08-06,1,PhD,3,32185.49,47,25,5,10,25,3,16,2,3.87,True
2705,Sales,Female,21,Associate,2024-12-17,2,Bachelor,2,37466.65,56,24,3,10,25,7,18,1,3.03,True
2706,IT,Female,24,Executive,2024-04-20,2,Bachelor,3,39484.24,59,25,19,3,25,12,46,2,2.8,False
2707,IT,Male,39,Manager,2015-01-30,4,Diploma,4,43726.64,58,25,12,9,0,6,60,0,2.16,False
2708,Operations,Female,33,Developer,2022-02-22,1,Bachelor,3,40796.56,39,18,12,4,50,7,19,3,4.85,False
2709,Sales,Male,41,Lead,2019-08-09,4,Master,3,44843.28,35,18,3,0,75,3,43,3,1.2,False
2710,Finance,Male,33,Lead,2023-09-25,2,Master,3,33428.34,54,25,4,8,0,6,27,2,4.98,False
2711,Sales,Male,29,Manager,2024-12-15,2,MBA,2,34352.42,59,25,5,8,100,7,15,0,3.58,False
2712,Operations,Male,30,Analyst,2017-07-16,6,Bachelor,4,53118.41,58,25,4,4,25,10,74,2,1.62,True
2713,Operations,Male,31,Manager,2018-06-19,1,Master,3,33718.78,53,25,17,8,50,13,47,2,1.6,False
2714,Legal,Female,21,Manager,2023-02-13,10,Bachelor,4,63336.79,50,25,13,10,25,12,48,2,3.42,False
2715,Marketing,Female,32,Analyst,2018-02-11,1,Bachelor,2,35359.38,51,24,2,2,100,6,13,0,1.49,False
2716,IT,Female,36,Manager,2024-04-03,6,Bachelor,4,49438.02,46,24,19,8,100,6,72,1,3.39,False
2717,Finance,Male,35,Associate,2025-01-17,5,Diploma,2,45214.22,44,24,5,6,0,6,9,2,2.64,False
2718,Marketing,Female,25,Lead,2021-12-28,10,Master,5,65090.22,50,25,0,8,25,14,72,1,2.76,False
2719,HR,Male,32,Lead,2019-02-05,0,Bachelor,3,27984.78,55,20,7,2,25,12,7,2,4.16,False
2720,Finance,Male,30,Manager,2016-01-12,4,PhD,5,51341.52,37,16,2,8,25,3,48,3,3.67,False
2721,Legal,Male,36,Lead,2019-01-02,5,Master,1,48154.07,54,25,0,8,25,9,7,3,2.35,True
2722,Sales,Female,29,Manager,2020-10-05,7,PhD,3,49822.47,54,25,9,5,50,9,21,1,4.92,False
2723,Finance,Female,34,Executive,2023-08-07,1,PhD,4,41464.5,45,25,2,9,25,10,71,2,1.81,False
2724,Sales,Female,21,Analyst,2022-09-01,3,Diploma,4,35265.31,60,25,14,0,25,10,61,1,2.57,False
2725,HR,Male,28,Associate,2023-10-25,3,Master,3,36577.92,39,4,13,1,100,4,13,0,4.18,False
2726,Operations,Female,37,Lead,2019-02-07,5,Bachelor,4,45271.87,48,25,1,7,50,5,58,2,3.46,False
2727,HR,Female,26,Associate,2017-11-17,2,Master,4,41286.53,36,13,10,10,25,9,39,3,4.16,False
2728,Legal,Male,39,Executive,2019-01-09,1,MBA,4,33834.14,37,20,20,9,50,11,63,3,4.69,False
2729,Finance,Female,28,Executive,2018-08-18,0,Bachelor,4,31943.77,56,25,5,8,75,6,58,1,3.23,False
2730,Legal,Female,21,Analyst,2023-01-28,8,Bachelor,3,53999.33,40,20,11,1,25,13,9,2,3.16,False
2731,HR,Male,35,Developer,2021-10-13,9,Bachelor,4,54933.13,55,24,2,10,100,7,36,0,1.87,False
2732,Legal,Female,25,Executive,2018-01-10,2,MBA,4,38873.16,41,22,17,7,25,8,79,2,3.04,False
2733,Marketing,Female,33,Analyst,2024-02-22,8,Master,4,59079.8,48,25,11,7,100,3,42,0,1.76,False
2734,HR,Male,38,Developer,2017-04-28,5,PhD,3,51107.45,37,21,13,6,25,11,19,3,4.07,False
2735,Operations,Male,33,Developer,2023-08-20,4,PhD,4,42800.39,55,25,17,3,25,13,62,0,4.2,False
2736,IT,Female,31,Associate,2022-05-12,10,PhD,3,60309.7,56,25,16,2,0,13,9,3,4.06,False
2737,Marketing,Female,33,Lead,2024-09-25,6,Master,4,49290.83,38,25,4,10,100,12,72,0,4.06,False
2738,IT,Male,26,Lead,2024-06-29,5,Diploma,3,43313.44,38,18,7,3,50,5,27,1,1.92,False
2739,HR,Male,42,Developer,2021-02-03,8,Diploma,3,54200.7,46,25,4,8,0,7,42,3,4.12,False
2740,IT,Female,45,Manager,2015-10-29,10,Master,5,60610.26,45,25,14,4,0,6,69,1,4.55,False
2741,HR,Female,38,Developer,2020-02-26,8,Diploma,4,54336.05,53,25,13,0,50,8,79,1,3.74,True
2742,Marketing,Female,24,Executive,2017-07-18,9,MBA,3,52859.62,58,25,18,10,0,8,38,0,1.21,False
2743,Sales,Male,33,Manager,2021-07-26,10,MBA,4,57257.83,57,25,4,4,25,9,51,0,4.86,False
2744,IT,Female,23,Associate,2017-04-06,5,PhD,3,47468.52,44,25,4,3,25,9,73,3,2.7,False
2745,HR,Female,24,Associate,2021-12-20,6,Master,3,47274.37,49,24,10,4,0,10,60,1,3.8,False
2746,Legal,Male,29,Analyst,2025-01-21,1,Bachelor,2,29358.45,55,23,5,2,0,10,8,3,4.91,False
2747,Sales,Male,32,Analyst,2015-08-06,1,Diploma,5,42070.55,37,17,8,0,50,14,63,2,2.28,False
2748,Marketing,Male,30,Lead,2017-05-15,2,Master,2,35976.01,57,25,8,4,50,9,7,3,3.26,True
2749,Finance,Female,34,Analyst,2023-12-03,6,Bachelor,4,50873.81,59,25,2,0,0,4,46,1,1.15,False
2750,HR,Male,35,Developer,2021-07-13,4,Master,4,53186.77,59,25,6,6,75,3,56,3,3.73,True
2751,Marketing,Female,34,Analyst,2024-07-23,10,Bachelor,4,62524.95,59,25,0,10,0,9,17,1,3.33,False
2752,IT,Male,33,Associate,2021-02-20,4,Diploma,3,43223.14,50,25,7,5,0,14,38,1,1.68,False
2753,Legal,Male,31,Manager,2015-05-13,9,PhD,4,58773.54,46,21,13,9,75,3,53,0,3.0,False
2754,HR,Female,43,Executive,2016-09-08,8,Bachelor,5,65755.64,52,24,11,2,75,4,69,2,2.04,False
2755,Sales,Female,33,Manager,2023-10-31,10,PhD,4,67670.18,36,23,2,5,25,6,61,1,3.49,False
2756,IT,Female,37,Analyst,2017-12-29,8,PhD,5,60698.2,51,25,12,6,25,5,78,2,2.89,False
2757,Finance,Female,26,Lead,2019-11-25,7,Diploma,3,53477.52,41,25,19,5,25,3,57,2,1.18,False
2758,Sales,Female,25,Associate,2021-04-30,0,MBA,3,35046.82,49,21,6,8,100,3,8,3,2.99,False
2759,Finance,Female,34,Developer,2022-01-31,3,Master,4,31624.16,54,21,18,5,0,12,59,0,1.16,False
2760,Marketing,Female,33,Manager,2018-04-17,4,PhD,3,49537.48,59,25,19,5,75,12,21,2,2.86,False
2761,Operations,Female,38,Associate,2016-07-14,4,Master,3,43623.68,45,25,9,10,100,9,75,1,3.89,False
2762,Sales,Male,28,Associate,2015-03-28,0,MBA,2,23129.94,58,23,4,2,0,13,37,1,2.87,True
2763,Finance,Female,27,Lead,2024-06-01,0,Diploma,3,26661.67,43,24,20,9,50,10,15,0,1.29,False
2764,Marketing,Male,36,Associate,2015-01-18,2,MBA,3,37541.93,40,25,1,0,50,11,24,3,2.45,False
2765,Marketing,Female,39,Manager,2016-05-31,8,Master,2,44545.67,58,25,12,7,25,4,29,1,4.78,False
2766,Sales,Female,21,Associate,2025-01-04,10,Master,3,60302.27,51,25,12,0,100,4,18,1,1.67,False
2767,Marketing,Female,41,Lead,2015-08-20,10,PhD,4,58294.49,46,17,15,4,75,11,33,1,1.58,False
2768,IT,Male,21,Executive,2022-08-21,2,PhD,5,40055.48,44,22,5,2,0,6,70,0,3.53,False
2769,HR,Female,39,Associate,2018-07-04,5,Bachelor,3,37527.06,57,25,18,8,25,12,69,1,3.79,False
2770,Finance,Male,21,Manager,2015-04-11,1,MBA,3,35485.37,44,16,6,3,0,8,26,3,3.78,False
2771,Marketing,Female,29,Analyst,2017-11-25,3,MBA,3,41839.93,49,21,19,3,25,3,25,3,4.63,False
2772,Operations,Female,29,Executive,2023-12-16,7,MBA,4,49170.04,43,23,12,7,50,3,65,0,3.53,False
2773,IT,Male,32,Lead,2016-11-24,5,Master,4,52351.65,37,23,18,7,100,14,72,2,4.03,False
2774,HR,Male,24,Developer,2025-06-13,1,Diploma,3,27573.4,47,25,18,5,75,8,22,2,2.02,False
2775,HR,Female,21,Lead,2017-04-06,1,Diploma,4,28060.23,54,25,9,6,75,13,55,0,2.54,False
2776,IT,Male,25,Analyst,2023-01-03,10,Bachelor,3,59469.25,52,25,16,6,75,3,80,1,1.34,False
2777,Marketing,Male,37,Associate,2018-02-05,2,PhD,4,43006.56,36,18,20,2,25,14,78,2,3.17,False
2778,Finance,Female,31,Associate,2016-04-10,6,PhD,4,53776.26,55,24,8,4,25,14,64,0,1.37,False
2779,Operations,Male,32,Developer,2018-03-04,7,Master,3,65139.09,36,19,3,5,75,7,21,3,1.42,False
2780,Operations,Female,29,Associate,2018-05-24,7,Bachelor,3,56005.78,47,22,15,10,25,14,7,1,1.88,True
2781,HR,Female,31,Associate,2019-11-05,6,Diploma,2,46696.29,54,25,9,1,50,6,25,1,3.03,False
2782,HR,Female,36,Executive,2022-05-04,6,Bachelor,2,41329.27,41,24,19,0,0,11,26,0,1.25,True
2783,Sales,Male,42,Developer,2020-05-15,3,Bachelor,4,39447.88,42,23,0,9,25,3,51,1,2.63,True
2784,Finance,Male,29,Developer,2018-06-13,3,Bachelor,4,44522.81,54,25,5,3,50,3,18,3,3.78,True
2785,IT,Male,29,Associate,2024-08-08,10,Diploma,3,61338.48,43,25,7,10,100,8,29,1,3.34,False
2786,Operations,Male,28,Lead,2015-06-08,0,Master,3,28911.95,59,25,16,8,100,10,39,0,1.5,False
2787,Finance,Male,38,Associate,2025-10-21,1,Master,2,28107.43,57,25,15,5,75,3,36,1,4.2,False
2788,HR,Male,36,Lead,2016-08-21,3,Master,3,42382.1,38,21,15,3,100,5,46,3,1.63,False
2789,Marketing,Male,25,Analyst,2024-11-27,7,Diploma,2,44079.8,45,16,11,10,25,4,26,0,1.22,False
2790,HR,Male,36,Associate,2026-01-27,0,Diploma,3,19964.87,59,25,20,6,25,10,38,0,3.19,False
2791,Finance,Male,29,Associate,2020-03-26,4,MBA,4,37958.88,53,22,2,5,50,12,31,2,2.81,False
2792,HR,Female,27,Developer,2024-05-23,8,MBA,2,52428.73,42,15,9,9,75,6,46,1,1.51,False
2793,Marketing,Male,31,Associate,2025-09-12,1,Diploma,4,34777.23,52,25,0,4,100,7,26,1,4.87,False
2794,Operations,Female,33,Associate,2020-09-15,4,MBA,4,50186.14,52,24,0,7,25,12,28,3,3.37,False
2795,Marketing,Male,27,Manager,2024-03-30,5,MBA,5,54102.46,49,20,6,9,100,7,64,3,2.41,False
2796,Finance,Male,26,Associate,2015-05-06,7,MBA,1,43116.51,36,16,10,10,50,14,9,0,4.5,False
2797,HR,Female,43,Lead,2025-04-30,2,Master,3,35001.16,35,18,4,4,25,13,13,0,2.4,False
2798,Finance,Male,32,Analyst,2022-10-09,9,PhD,5,55676.37,45,18,11,0,75,8,73,0,1.31,True
2799,Finance,Female,34,Associate,2019-11-26,9,Master,5,65685.12,42,22,2,8,25,5,78,2,3.01,True
2800,Marketing,Female,34,Lead,2020-10-22,3,Bachelor,4,46745.77,37,25,3,0,25,3,72,3,1.56,False
2801,Finance,Male,31,Developer,2020-05-01,6,PhD,5,47767.71,45,25,16,2,25,4,76,1,1.16,False
2802,Finance,Male,26,Developer,2015-10-03,9,Diploma,3,59889.38,43,20,5,10,100,9,41,1,3.89,False
2803,Legal,Male,38,Developer,2017-10-15,5,MBA,3,44252.62,60,25,20,2,50,9,34,1,4.35,False
2804,Legal,Male,39,Associate,2022-05-05,1,Master,2,29801.13,42,17,7,6,25,9,14,1,4.91,False
2805,Finance,Female,37,Manager,2020-04-27,6,Diploma,4,51092.21,53,25,1,3,75,13,71,1,2.33,False
2806,Legal,Male,26,Associate,2023-02-11,5,Bachelor,5,46896.85,35,15,2,6,50,6,54,0,2.62,False
2807,Legal,Female,35,Executive,2023-02-14,10,Diploma,4,68251.67,46,23,1,3,50,12,23,3,2.31,False
2808,Operations,Female,35,Lead,2024-02-05,8,Master,3,53924.88,42,20,19,10,75,6,51,1,3.81,False
2809,Finance,Female,33,Associate,2020-10-11,1,PhD,2,26859.14,42,21,3,6,75,7,18,1,4.82,False
2810,Marketing,Female,24,Developer,2023-09-07,8,Diploma,4,59410.25,44,19,20,6,25,5,30,2,2.58,False
2811,Marketing,Male,37,Analyst,2021-01-31,8,MBA,5,58079.83,59,23,18,9,100,6,44,0,2.42,True
2812,IT,Female,38,Developer,2018-03-29,7,PhD,4,53209.25,59,25,17,5,50,10,62,1,1.29,False
2813,HR,Female,30,Lead,2022-01-12,6,MBA,4,49178.0,37,18,19,2,100,7,46,2,4.62,False
2814,Operations,Male,34,Analyst,2023-12-29,6,Master,3,47627.6,37,20,8,3,75,11,51,1,4.69,False
2815,Sales,Female,30,Manager,2019-08-05,5,Diploma,4,47613.75,46,23,4,7,25,8,46,1,1.2,False
2816,Marketing,Female,35,Manager,2019-09-26,2,Master,3,30009.39,58,25,18,9,50,6,8,1,1.33,True
2817,Sales,Female,27,Executive,2018-03-06,8,Diploma,4,63747.37,54,25,7,9,100,5,70,3,3.65,False
2818,Operations,Male,33,Manager,2019-07-28,2,PhD,4,38049.0,43,22,3,3,75,9,43,2,1.17,False
2819,HR,Female,40,Manager,2018-12-13,6,PhD,4,49554.04,47,24,12,1,50,10,66,1,2.87,False
2820,Finance,Female,30,Executive,2020-11-10,0,MBA,3,27906.54,52,22,4,6,100,5,22,1,4.21,False
2821,Finance,Male,34,Associate,2021-07-21,3,Master,3,37532.52,60,25,4,3,25,10,30,0,2.29,False
2822,Finance,Female,29,Analyst,2017-07-09,4,Diploma,3,43783.13,50,25,20,9,25,6,6,2,4.61,False
2823,Legal,Male,30,Executive,2018-09-06,6,Diploma,2,46640.6,40,25,11,8,0,7,15,3,3.7,False
2824,Finance,Male,28,Lead,2025-02-08,2,PhD,3,32680.6,59,25,5,5,0,10,59,0,3.46,False
2825,Finance,Male,24,Lead,2018-06-20,6,Diploma,2,45164.48,50,25,13,7,50,5,7,1,3.04,False
2826,Operations,Male,21,Analyst,2022-03-03,2,Diploma,4,31544.39,60,25,11,7,50,12,46,0,2.94,False
2827,HR,Male,38,Analyst,2023-05-07,8,Diploma,4,54873.33,46,25,0,9,100,6,55,0,1.55,False
2828,Marketing,Male,37,Manager,2024-08-08,7,Bachelor,5,60542.89,37,16,13,1,25,11,60,2,2.48,False
2829,Operations,Female,32,Analyst,2018-02-22,8,PhD,4,59242.98,46,20,7,8,75,8,76,2,4.21,False
2830,Sales,Male,34,Associate,2025-01-23,1,MBA,3,37805.02,52,25,13,0,25,9,58,2,4.26,False
2831,HR,Male,32,Developer,2022-10-27,5,PhD,4,45689.78,35,16,5,5,75,9,43,2,2.0,False
2832,Operations,Male,31,Developer,2020-02-08,2,Bachelor,3,36848.2,47,15,14,5,0,9,33,3,3.82,False
2833,Marketing,Male,30,Lead,2021-04-28,9,Master,3,59196.48,54,25,12,10,25,3,7,3,1.76,False
2834,Legal,Female,37,Lead,2025-07-09,8,PhD,3,57455.1,37,16,4,5,75,8,11,3,3.58,True
2835,IT,Female,29,Analyst,2022-09-13,9,Diploma,5,60251.96,45,24,3,3,75,6,73,0,2.15,False
2836,Marketing,Male,23,Developer,2015-01-18,4,Diploma,3,37756.76,52,25,1,9,75,9,54,0,3.21,False
2837,Marketing,Male,31,Developer,2019-02-04,0,Diploma,3,30622.31,35,21,20,6,25,6,13,2,4.93,False
2838,Finance,Female,45,Executive,2022-06-27,8,Bachelor,4,59616.74,53,25,16,7,50,9,38,3,3.26,False
2839,Finance,Male,36,Developer,2016-06-15,7,Diploma,4,47885.84,57,25,9,0,25,8,70,0,3.95,False
2840,Operations,Male,33,Lead,2025-02-02,1,Master,3,22903.67,51,25,16,7,50,6,50,0,1.25,True
2841,Finance,Female,30,Analyst,2025-04-12,2,MBA,4,36011.09,59,25,2,2,100,12,62,0,2.03,False
2842,Marketing,Male,31,Analyst,2015-07-27,4,Master,3,46033.92,39,16,2,4,0,12,8,3,2.89,False
2843,Sales,Male,35,Analyst,2023-01-13,8,Master,5,57560.0,55,25,14,10,100,7,72,3,3.56,True
2844,Marketing,Male,28,Lead,2018-01-15,6,MBA,4,51575.18,53,25,8,0,0,3,39,2,4.98,False
2845,Sales,Male,32,Analyst,2019-07-20,5,Diploma,3,43124.55,37,11,14,6,50,13,53,2,4.7,False
2846,Marketing,Male,26,Manager,2015-07-24,6,PhD,3,43215.9,54,25,12,4,25,8,23,0,1.24,False
2847,Finance,Female,31,Associate,2022-01-13,3,MBA,4,44923.68,40,22,17,3,0,11,39,3,1.56,False
2848,Marketing,Male,30,Developer,2020-08-21,3,Bachelor,3,42156.75,39,18,0,6,50,9,5,3,2.95,False
2849,HR,Female,29,Manager,2021-06-19,10,Diploma,3,61759.97,57,25,15,10,50,7,15,2,1.86,False
2850,Marketing,Male,27,Associate,2020-02-08,10,Master,4,58060.64,38,25,15,0,50,10,66,0,3.32,False
2851,Legal,Male,41,Executive,2021-10-15,10,Bachelor,4,56780.71,35,18,4,2,50,5,52,1,3.16,False
2852,HR,Female,31,Developer,2015-10-19,4,Bachelor,5,50292.94,57,24,8,1,50,11,63,3,3.32,False
2853,Marketing,Female,21,Analyst,2021-05-09,10,MBA,4,64821.36,56,25,10,5,0,13,61,3,1.09,False
2854,Marketing,Male,33,Manager,2020-10-08,7,Master,4,54398.61,37,18,18,4,100,11,61,1,4.82,False
2855,HR,Male,28,Manager,2024-11-30,1,Bachelor,3,30222.11,43,24,9,10,50,3,63,1,4.64,False
2856,Operations,Female,32,Analyst,2025-07-09,1,Bachelor,4,32321.67,50,20,10,9,75,10,70,0,3.78,False
2857,HR,Male,39,Manager,2017-01-21,4,MBA,4,49373.49,58,25,0,6,0,5,77,2,4.05,False
2858,Sales,Female,28,Manager,2024-08-26,1,Diploma,3,42787.56,45,25,19,7,100,5,72,3,3.53,False
2859,Legal,Male,34,Lead,2017-06-24,3,Bachelor,3,36991.2,57,24,4,2,100,5,16,0,3.77,False
2860,Operations,Female,35,Executive,2025-04-09,0,PhD,3,31471.11,39,16,20,0,100,10,70,1,2.05,False
2861,Legal,Male,25,Associate,2016-09-10,2,Master,4,38120.01,40,22,4,2,75,6,68,3,3.41,False
2862,Marketing,Male,37,Associate,2024-08-18,2,Bachelor,4,39298.07,38,18,15,9,50,3,53,1,3.25,False
2863,Sales,Female,31,Developer,2021-01-20,2,PhD,3,31163.51,49,24,9,7,0,7,8,0,3.67,False
2864,Legal,Female,39,Associate,2019-01-05,2,Diploma,4,42348.15,55,25,18,6,75,9,46,3,4.44,False
2865,Sales,Female,31,Analyst,2025-05-15,7,PhD,5,55954.57,46,23,5,5,50,11,49,0,3.94,False
2866,IT,Male,35,Executive,2023-03-11,8,Bachelor,4,48277.05,45,24,2,4,50,11,49,0,2.76,False
2867,Finance,Male,29,Executive,2019-07-24,6,Bachelor,3,48752.25,49,25,15,10,0,9,17,3,3.61,False
2868,Marketing,Female,45,Developer,2023-10-05,1,MBA,3,35111.6,39,16,9,10,100,7,71,3,4.31,False
2869,IT,Female,33,Associate,2026-02-04,8,Master,3,49183.75,50,25,13,4,25,8,14,1,2.23,False
2870,HR,Female,36,Analyst,2025-11-09,4,Bachelor,3,34837.85,36,16,16,1,75,14,10,0,4.24,False
2871,HR,Female,24,Associate,2020-07-26,4,Bachelor,3,37703.41,37,21,1,9,25,12,38,0,3.28,False
2872,IT,Female,35,Analyst,2015-12-08,10,Master,3,63319.18,50,25,9,5,50,3,50,0,1.75,False
2873,Marketing,Male,41,Associate,2024-08-21,3,Bachelor,3,41084.69,39,17,15,9,25,13,53,3,1.53,False
2874,Marketing,Female,37,Developer,2018-07-19,4,Diploma,3,43989.99,60,25,4,8,25,14,10,0,4.06,False
2875,Operations,Female,22,Analyst,2019-06-15,4,Diploma,2,43601.85,40,20,10,3,100,3,18,3,4.48,False
2876,Operations,Female,31,Executive,2020-05-09,1,Diploma,3,28014.65,48,24,5,1,0,6,12,0,2.39,False
2877,Operations,Male,36,Developer,2019-03-27,5,MBA,4,44516.14,35,21,8,2,75,6,76,0,1.23,False
2878,IT,Male,31,Developer,2024-03-03,9,MBA,3,56034.54,49,25,7,10,25,6,9,0,1.39,False
2879,Marketing,Male,24,Lead,2021-10-13,5,Bachelor,3,41743.61,35,18,2,10,50,9,32,0,2.0,True
2880,Finance,Female,38,Executive,2022-10-01,1,PhD,3,30994.82,39,20,3,2,75,11,41,0,3.64,False
2881,Sales,Female,31,Lead,2016-05-09,0,Bachelor,3,33789.78,45,20,11,2,100,12,27,2,2.61,True
2882,Operations,Female,29,Executive,2024-03-17,10,Diploma,4,65140.15,42,17,8,7,25,6,23,1,3.95,False
2883,Sales,Male,21,Developer,2019-10-01,6,MBA,4,46099.44,59,25,12,0,25,8,57,0,2.12,False
2884,Operations,Female,24,Manager,2015-11-28,10,Master,4,68162.65,56,25,10,9,0,7,54,3,3.46,False
2885,IT,Female,25,Manager,2017-04-17,2,MBA,3,35035.79,37,25,7,5,0,13,40,0,3.4,False
2886,IT,Male,25,Executive,2017-11-24,2,PhD,3,34871.27,42,19,20,9,100,6,25,2,4.05,False
2887,Finance,Female,31,Associate,2016-05-14,7,PhD,3,49317.49,36,15,12,4,25,5,31,0,2.32,False
2888,HR,Male,31,Analyst,2020-11-28,2,MBA,5,45872.73,37,19,3,0,25,5,71,2,1.19,False
2889,Sales,Female,21,Lead,2025-09-19,6,MBA,4,42005.91,56,25,11,8,75,14,29,0,4.61,True
2890,Operations,Male,21,Executive,2017-12-30,7,Bachelor,4,54978.28,40,25,5,10,50,13,78,1,3.72,False
2891,HR,Male,29,Lead,2016-10-29,3,Bachelor,3,36636.37,35,13,6,5,50,7,37,0,3.68,False
2892,Legal,Female,36,Lead,2019-10-23,3,Diploma,3,34959.85,42,18,10,1,50,9,65,0,4.7,False
2893,HR,Male,21,Developer,2015-01-25,1,PhD,4,34510.85,59,24,8,1,50,3,9,0,2.13,False
2894,IT,Male,33,Developer,2021-05-24,1,PhD,4,34450.41,42,21,18,6,25,4,80,1,2.0,False
2895,Legal,Female,32,Executive,2015-12-16,10,MBA,4,65443.43,37,19,14,2,0,4,46,2,1.79,False
2896,Finance,Male,23,Manager,2024-06-19,5,Master,3,48640.87,42,24,13,10,100,8,21,3,1.76,False
2897,Operations,Female,37,Associate,2021-12-13,1,Master,3,35740.6,55,25,12,6,100,11,46,3,2.93,False
2898,Legal,Female,41,Lead,2015-01-27,0,Bachelor,4,30216.91,54,23,3,0,100,7,70,0,1.71,False
2899,Marketing,Female,37,Analyst,2019-12-16,6,Master,3,51523.89,50,25,6,9,0,12,37,3,4.26,False
2900,Sales,Female,21,Analyst,2023-07-25,2,Diploma,3,44967.06,49,25,11,6,50,6,20,3,1.57,True
2901,Marketing,Male,28,Lead,2019-10-14,9,PhD,4,58027.83,53,25,5,9,100,6,20,2,1.59,False
2902,Marketing,Male,32,Lead,2019-05-21,6,Diploma,4,49189.65,52,24,4,8,75,10,72,1,3.42,False
2903,Sales,Female,25,Associate,2024-03-28,5,Diploma,3,50135.42,47,23,0,7,50,4,26,3,3.41,False
2904,Marketing,Male,25,Executive,2020-05-19,10,Bachelor,5,68913.36,40,18,16,2,25,9,66,3,3.57,False
2905,Sales,Female,26,Manager,2020-01-07,1,PhD,4,39867.5,60,25,12,2,75,7,55,3,3.63,False
2906,Marketing,Male,34,Manager,2016-12-14,0,MBA,3,31376.74,45,22,11,1,100,11,22,0,2.11,False
2907,Legal,Female,28,Lead,2022-11-24,2,PhD,2,30473.25,45,25,0,7,100,13,6,1,3.87,False
2908,IT,Female,25,Executive,2020-10-19,0,Diploma,3,34703.27,55,25,3,7,0,11,55,3,1.03,True
2909,Finance,Male,35,Associate,2025-03-17,6,Master,3,47614.67,51,25,6,10,50,6,13,2,2.19,False
2910,Marketing,Male,29,Manager,2019-10-24,5,Master,4,44485.95,38,20,16,9,75,3,73,1,2.22,False
2911,Sales,Male,35,Lead,2020-12-30,5,PhD,4,49860.79,47,25,16,9,75,7,79,2,4.73,False
2912,Legal,Male,21,Executive,2026-01-02,9,MBA,4,57388.17,50,25,4,1,0,11,67,1,1.51,False
2913,Operations,Female,46,Associate,2023-05-20,6,Diploma,3,56724.48,59,25,13,2,0,13,35,3,4.72,False
2914,Finance,Female,37,Lead,2020-07-31,1,Master,4,28505.5,54,25,17,2,100,9,60,2,4.1,False
2915,Sales,Male,34,Lead,2017-08-29,0,Master,3,26931.53,57,25,20,7,0,13,61,0,2.29,True
2916,IT,Female,27,Lead,2017-03-10,6,Diploma,3,46851.76,40,18,17,7,0,4,46,3,3.01,False
2917,Operations,Female,35,Developer,2015-12-11,0,Master,3,25904.67,56,22,9,5,25,9,62,0,3.49,False
2918,IT,Male,34,Executive,2025-04-09,3,Master,3,37391.94,51,24,19,6,25,7,36,0,1.56,False
2919,Legal,Male,32,Analyst,2017-09-26,6,Master,2,46066.34,50,21,18,0,100,10,10,3,3.56,False
2920,Marketing,Female,22,Developer,2023-02-15,5,Bachelor,3,48736.55,60,25,19,10,75,12,6,0,1.24,False
2921,Marketing,Female,33,Manager,2020-08-31,9,MBA,3,47471.0,39,25,18,6,25,3,11,0,4.3,False
2922,Sales,Female,34,Analyst,2024-08-25,1,PhD,2,33066.75,58,25,20,6,50,8,18,2,2.31,False
2923,Marketing,Male,33,Executive,2024-07-10,8,Diploma,3,53989.07,40,22,12,6,0,9,21,3,4.09,False
2924,Legal,Male,37,Manager,2019-04-26,9,Master,4,61904.6,59,25,5,2,0,14,40,3,3.42,True
2925,Operations,Female,43,Associate,2020-03-21,4,Master,3,45731.19,40,22,10,0,50,11,51,2,3.5,False
2926,Finance,Female,40,Developer,2017-03-19,4,MBA,4,49293.01,56,25,15,6,75,13,32,3,1.74,False
2927,Legal,Female,31,Executive,2024-09-30,4,MBA,5,45308.0,58,25,14,7,75,11,74,1,2.61,False
2928,Marketing,Female,29,Manager,2025-05-22,0,PhD,3,36358.15,52,25,11,6,25,3,52,3,1.28,False
2929,HR,Female,34,Lead,2022-01-11,5,Diploma,3,45499.23,40,23,12,10,50,14,27,0,3.43,False
2930,IT,Female,21,Manager,2022-08-08,6,Diploma,3,47969.37,35,18,13,0,0,14,35,3,3.07,False
2931,Legal,Male,37,Developer,2016-12-05,2,MBA,3,36008.3,59,23,2,10,25,12,17,1,2.85,False
2932,IT,Male,24,Analyst,2021-10-31,2,PhD,3,34016.43,50,21,13,3,100,3,21,1,2.65,True
2933,Legal,Male,34,Analyst,2025-05-04,3,PhD,3,33849.12,54,25,4,0,100,10,50,0,2.6,False
2934,Legal,Female,31,Lead,2017-09-10,8,PhD,3,56375.31,52,22,12,3,25,14,45,3,1.22,False
2935,Legal,Male,30,Manager,2024-02-27,10,PhD,5,65335.41,48,25,1,4,25,4,67,0,2.2,False
2936,Marketing,Female,28,Lead,2023-10-18,0,Bachelor,2,27558.43,60,25,1,5,50,7,15,2,1.62,False
2937,Legal,Male,33,Lead,2024-09-04,0,Bachelor,4,35781.75,52,16,0,2,25,6,72,3,3.08,False
2938,IT,Male,21,Associate,2025-12-25,4,PhD,4,45012.15,52,16,0,5,25,3,65,1,2.9,True
2939,Marketing,Female,25,Developer,2022-03-14,3,PhD,4,44299.29,47,24,11,2,50,12,40,3,1.06,False
2940,Legal,Male,32,Executive,2022-05-11,7,Diploma,4,54052.4,38,25,15,5,100,8,66,0,2.96,True
2941,Legal,Female,29,Analyst,2021-01-20,3,PhD,2,31033.2,38,20,7,5,75,10,21,0,1.93,False
2942,Operations,Female,27,Analyst,2018-10-26,3,Bachelor,3,40231.69,49,23,20,2,50,6,10,3,1.56,False
2943,Legal,Female,27,Analyst,2025-11-02,4,MBA,4,44836.59,51,25,7,10,50,14,79,2,3.93,False
2944,Legal,Male,31,Associate,2015-10-21,4,PhD,4,45968.14,48,25,14,1,25,5,42,3,2.35,False
2945,IT,Male,34,Executive,2022-04-12,6,Bachelor,3,46001.55,51,25,5,4,50,12,51,0,3.15,False
2946,Finance,Female,23,Developer,2020-09-02,4,Master,3,37279.94,48,24,19,3,25,11,18,2,2.72,False
2947,Sales,Female,29,Executive,2024-03-23,1,Bachelor,2,37491.82,43,23,5,5,25,12,16,3,2.16,True
2948,Marketing,Male,33,Associate,2024-07-15,7,PhD,4,54571.66,54,25,18,2,100,3,53,1,3.3,False
2949,Operations,Male,26,Lead,2017-06-24,3,MBA,3,36311.86,53,25,9,5,25,13,21,3,3.46,False
2950,Sales,Male,34,Lead,2020-04-12,10,Diploma,5,63339.04,50,25,16,2,25,7,76,1,4.0,False
2951,Marketing,Male,24,Developer,2016-12-15,4,Diploma,4,44539.79,47,22,6,10,75,10,72,2,4.7,False
2952,Marketing,Male,36,Manager,2016-09-06,10,Diploma,3,65132.03,53,24,8,1,0,3,10,1,1.69,False
2953,Legal,Female,28,Associate,2024-10-04,0,Diploma,3,35201.11,56,25,4,5,50,10,44,3,1.01,False
2954,Marketing,Female,27,Executive,2024-07-23,2,PhD,4,41522.86,58,25,5,8,25,3,63,2,2.34,False
2955,IT,Male,34,Developer,2016-08-24,9,MBA,4,61277.85,53,25,8,2,75,13,25,3,2.24,True
2956,Operations,Female,27,Executive,2021-08-24,6,PhD,3,50318.38,60,25,14,5,0,5,12,1,3.8,False
2957,Finance,Female,32,Developer,2023-10-19,7,Bachelor,4,55716.95,43,23,18,2,0,10,47,3,1.72,False
2958,Marketing,Male,26,Lead,2016-08-29,4,Diploma,3,42101.81,37,18,20,9,100,4,41,1,2.89,False
2959,Sales,Female,34,Analyst,2019-07-09,2,Master,3,39970.04,39,24,10,1,25,3,6,2,2.92,False
2960,Marketing,Male,31,Lead,2016-06-10,2,PhD,3,44395.68,43,25,5,0,25,5,6,3,2.8,False
2961,Finance,Male,27,Executive,2016-07-14,4,MBA,4,51495.06,38,16,14,3,75,4,60,3,4.06,True
2962,Finance,Female,38,Lead,2025-08-17,7,MBA,3,52183.44,60,25,7,9,50,4,36,1,1.13,False
2963,Finance,Female,21,Executive,2018-07-25,4,MBA,3,39956.41,53,25,10,5,100,8,7,2,1.58,False
2964,Legal,Male,27,Lead,2024-12-20,9,PhD,4,66249.12,45,14,6,3,75,8,55,2,3.66,False
2965,HR,Female,28,Executive,2018-09-11,4,Bachelor,3,47084.33,43,17,3,2,25,4,13,3,1.01,False
2966,HR,Male,28,Manager,2025-10-19,7,Master,3,50905.62,50,25,10,5,100,3,25,0,2.65,False
2967,Legal,Male,38,Developer,2025-03-04,9,MBA,4,65018.0,36,14,17,1,75,8,8,1,4.44,False
2968,Sales,Female,28,Executive,2021-06-25,2,Diploma,3,39155.02,49,25,0,9,100,8,29,2,2.73,False
2969,Operations,Female,37,Executive,2016-10-07,4,Master,4,43212.51,39,23,7,4,0,8,54,2,1.57,False
2970,Legal,Male,30,Developer,2017-03-02,9,Master,4,54810.94,40,17,6,2,50,14,68,1,3.07,True
2971,Sales,Female,26,Analyst,2023-12-10,3,MBA,3,40807.94,53,25,14,9,50,5,32,1,3.91,False
2972,HR,Female,23,Associate,2021-09-06,8,Master,3,53367.73,46,20,19,6,50,3,24,2,1.52,True
2973,Finance,Male,31,Associate,2024-06-14,10,Master,4,63086.28,45,23,1,3,100,12,31,2,2.9,False
2974,Sales,Female,26,Analyst,2021-05-31,4,PhD,3,43539.09,56,24,17,9,50,4,14,2,1.67,False
2975,Sales,Female,32,Manager,2019-03-27,4,Bachelor,3,48433.5,41,16,3,4,75,9,31,3,1.94,False
2976,Operations,Female,26,Manager,2023-05-08,6,PhD,4,51967.02,59,25,11,8,0,9,69,3,3.63,False
2977,Legal,Male,42,Analyst,2020-06-14,6,PhD,5,61910.16,36,22,1,5,75,10,78,3,2.68,False
2978,Sales,Female,29,Executive,2020-08-23,7,Diploma,2,50447.91,44,24,11,6,75,4,24,1,2.93,True
2979,Sales,Female,31,Manager,2018-06-04,2,Bachelor,4,43281.14,43,25,18,1,0,12,77,2,1.77,False
2980,Finance,Female,35,Analyst,2023-08-08,8,PhD,2,52458.96,41,23,8,9,100,6,19,3,2.32,True
2981,IT,Male,24,Executive,2016-12-01,6,Diploma,4,48331.84,37,12,14,1,75,5,70,0,1.62,False
2982,Marketing,Female,29,Associate,2017-06-02,4,MBA,3,43657.7,42,20,16,9,100,14,32,1,1.29,False
2983,Finance,Female,35,Manager,2019-04-30,1,PhD,4,28966.48,36,15,20,10,75,7,53,0,1.33,False
2984,IT,Female,29,Manager,2024-10-21,1,MBA,3,36363.71,54,25,10,3,0,6,20,1,2.69,False
2985,HR,Female,27,Associate,2025-08-13,4,Diploma,4,45594.44,40,21,12,9,100,9,21,3,2.07,False
2986,HR,Female,29,Analyst,2022-10-14,7,Master,4,46174.27,56,25,4,2,25,14,54,0,1.93,False
2987,Marketing,Male,33,Developer,2022-09-26,0,Master,2,28740.94,40,21,5,1,0,10,9,3,2.55,True
2988,Finance,Female,36,Manager,2019-02-18,6,PhD,5,47919.17,36,13,2,0,25,13,80,0,3.89,False
2989,Finance,Male,25,Associate,2017-10-16,8,Master,2,43042.55,44,25,17,7,100,9,5,0,1.38,False
2990,Legal,Male,37,Lead,2016-10-15,6,Master,3,50597.1,46,19,9,9,75,6,44,2,2.1,False
2991,HR,Male,37,Executive,2020-12-18,9,Diploma,5,64059.95,53,25,20,0,50,6,73,0,2.13,True
2992,Finance,Male,31,Manager,2025-12-09,9,MBA,4,61591.22,58,25,9,4,100,5,67,2,1.84,True
2993,IT,Male,45,Lead,2016-09-27,8,Master,4,52782.4,57,25,18,6,25,10,61,0,4.29,False
2994,Legal,Female,36,Associate,2023-01-16,9,Bachelor,4,53431.89,36,15,5,6,75,13,60,1,1.73,False
2995,Legal,Male,30,Lead,2015-04-01,6,Master,3,44580.0,41,22,18,1,0,5,71,0,3.08,False
2996,Sales,Female,35,Executive,2022-02-14,6,Bachelor,3,54337.01,44,23,9,9,50,11,32,2,2.3,False
2997,Finance,Female,24,Associate,2025-02-24,7,Diploma,4,50430.61,47,25,2,2,75,14,74,0,4.66,False
2998,Finance,Male,22,Developer,2023-05-31,8,Master,3,49599.04,47,19,6,10,25,14,62,1,1.4,False
2999,Sales,Female,31,Lead,2026-01-12,6,Master,4,49848.21,39,18,3,5,50,11,66,0,4.84,False
3000,Marketing,Male,27,Executive,2017-11-13,7,PhD,2,49167.25,43,25,2,1,100,5,9,0,3.31,False
3001,Legal,Male,29,Analyst,2025-03-08,3,PhD,3,40597.95,41,12,8,0,25,5,10,3,4.42,False
3002,Sales,Female,31,Analyst,2026-01-09,5,Master,4,51429.9,51,21,17,1,0,11,66,2,4.49,True
3003,Legal,Male,34,Developer,2025-01-20,9,Master,4,65127.69,35,25,12,2,25,9,76,2,4.95,False
3004,Finance,Female,24,Associate,2019-01-30,6,MBA,5,46901.69,55,25,0,7,100,13,76,1,2.73,False
3005,Operations,Female,38,Manager,2026-02-14,10,Diploma,4,63211.58,37,24,11,2,75,3,9,1,3.7,False
3006,Operations,Male,38,Executive,2016-10-10,5,Master,2,41034.76,49,22,11,2,25,9,26,1,4.17,True
3007,Sales,Male,33,Lead,2021-05-14,7,Bachelor,4,50776.59,39,18,16,10,100,10,69,0,4.58,False
3008,HR,Female,39,Executive,2018-01-25,5,Master,3,49808.0,41,18,10,7,25,8,62,3,2.53,True
3009,Operations,Female,30,Developer,2018-05-03,5,Diploma,2,42597.84,60,25,15,3,100,4,41,2,5.0,False
3010,HR,Male,25,Manager,2020-08-20,4,Diploma,3,41462.84,56,18,9,3,0,12,32,1,3.54,False
3011,HR,Female,34,Developer,2015-08-26,4,Bachelor,3,41136.71,38,15,10,8,75,5,5,0,1.31,False
3012,Operations,Male,36,Lead,2022-04-19,7,PhD,4,55226.03,48,25,16,7,0,4,64,3,2.63,True
3013,IT,Female,33,Lead,2022-12-01,2,Diploma,3,44728.1,46,24,9,7,75,9,12,3,2.82,False
3014,IT,Female,30,Lead,2019-08-02,0,Diploma,3,24514.29,40,11,7,7,100,11,33,0,2.68,False
3015,Marketing,Male,31,Lead,2016-10-22,8,PhD,4,52263.19,48,21,1,0,75,4,79,0,3.63,False
3016,Sales,Female,32,Manager,2019-09-04,5,MBA,3,43050.2,50,25,8,0,0,7,23,1,2.04,True
3017,Sales,Female,30,Manager,2021-07-19,10,Bachelor,3,60208.14,37,20,20,5,50,14,7,3,1.49,False
3018,Legal,Female,33,Associate,2016-01-02,5,Master,4,43756.16,36,24,18,7,0,6,72,1,3.16,False
3019,Finance,Female,28,Lead,2025-09-28,2,PhD,3,41242.2,37,23,6,8,75,13,40,2,2.37,False
3020,IT,Male,36,Developer,2022-07-11,9,Master,3,59307.26,50,21,14,6,100,13,40,0,4.23,False
3021,IT,Male,39,Executive,2023-09-06,8,Bachelor,3,64005.88,41,20,14,4,0,3,46,3,1.25,False
3022,Legal,Male,39,Analyst,2016-04-22,4,MBA,3,40881.59,51,25,8,4,50,4,30,2,4.45,False
3023,Marketing,Male,31,Analyst,2016-01-21,4,MBA,3,38420.89,50,25,11,1,50,11,6,2,1.99,False
3024,HR,Male,38,Lead,2018-11-12,4,PhD,4,45394.73,40,21,19,8,50,8,40,2,3.5,False
3025,HR,Male,36,Associate,2016-01-29,5,MBA,4,55117.06,57,25,0,3,50,4,58,3,3.94,False
3026,IT,Female,32,Executive,2018-03-13,5,Bachelor,2,37492.93,58,25,18,10,25,10,13,1,1.22,False
3027,Sales,Male,37,Developer,2026-03-08,1,Bachelor,4,37653.54,46,25,12,0,0,7,76,2,1.7,False
3028,HR,Male,23,Manager,2026-01-01,9,Diploma,4,62969.42,43,25,5,0,100,6,39,1,1.65,False
3029,Sales,Male,36,Developer,2024-09-09,7,PhD,5,58266.5,58,25,20,3,25,11,50,2,2.25,False
3030,Sales,Male,26,Lead,2026-03-31,7,Bachelor,4,59635.26,55,25,9,10,25,4,26,2,3.02,False
3031,HR,Male,23,Associate,2024-02-23,4,Diploma,3,37380.43,44,25,9,6,75,9,62,0,2.31,False
3032,Marketing,Male,32,Analyst,2022-08-09,5,Diploma,4,52193.43,56,25,20,3,100,3,51,3,1.68,False
3033,HR,Male,24,Developer,2017-04-17,10,Diploma,5,57798.35,39,16,1,5,0,13,69,0,3.57,False
3034,Legal,Male,33,Manager,2019-09-06,2,Master,3,34092.64,43,25,9,3,50,14,47,3,4.58,False
3035,Finance,Male,37,Developer,2017-07-27,9,Diploma,4,54582.72,58,25,19,9,0,7,15,1,4.1,True
3036,Marketing,Male,31,Analyst,2022-11-23,10,Bachelor,4,57065.59,45,16,9,8,75,4,55,0,1.67,False
3037,Finance,Female,31,Developer,2019-09-19,2,Master,4,37326.8,35,14,7,2,25,14,57,0,2.59,False
3038,Marketing,Female,28,Manager,2025-01-25,4,PhD,2,40489.44,37,16,17,1,100,12,14,3,1.33,False
3039,Operations,Female,35,Manager,2015-08-24,10,Master,4,64185.92,58,25,10,0,75,5,33,1,3.77,True
3040,Legal,Female,21,Developer,2016-08-25,3,Bachelor,3,37962.87,38,18,18,10,75,6,72,2,2.28,False
3041,Finance,Male,23,Associate,2021-09-25,4,MBA,4,47084.35,54,25,8,3,25,8,55,3,1.52,False
3042,Marketing,Female,24,Analyst,2025-12-18,3,Bachelor,4,38266.79,48,25,20,8,0,12,40,0,4.86,True
3043,Sales,Female,39,Developer,2017-04-30,2,MBA,3,36748.2,53,25,7,0,75,6,55,1,1.88,True
3044,Marketing,Female,26,Manager,2019-12-17,1,Bachelor,4,30183.64,39,20,4,3,25,9,66,1,2.3,False
3045,Marketing,Female,31,Associate,2025-05-02,9,MBA,3,57936.43,51,21,6,1,75,10,27,0,2.42,False
3046,Operations,Male,29,Lead,2026-01-09,5,Diploma,5,57942.77,57,25,8,4,100,6,52,2,3.8,False
3047,Sales,Female,29,Lead,2021-11-28,10,Bachelor,3,64439.57,44,21,17,0,75,14,7,2,2.11,True
3048,Marketing,Male,21,Manager,2016-04-25,1,Diploma,4,38972.07,42,20,2,10,75,11,53,2,3.66,False
3049,Marketing,Male,35,Analyst,2019-03-24,10,Bachelor,5,63664.33,52,23,17,3,25,5,56,3,4.99,False
3050,HR,Male,22,Developer,2026-02-05,2,Diploma,2,24027.15,60,25,14,6,75,4,44,1,3.36,False
3051,Operations,Female,27,Executive,2023-08-23,7,MBA,3,52123.63,54,25,0,0,0,4,52,3,1.92,False
3052,Finance,Female,28,Executive,2023-03-12,8,Bachelor,4,58679.52,35,25,18,3,0,9,36,3,1.33,True
3053,Finance,Male,37,Associate,2024-01-27,2,PhD,3,38659.37,57,25,13,5,75,14,14,1,1.51,False
3054,HR,Female,31,Lead,2019-02-16,1,Bachelor,4,44768.74,49,25,9,8,100,11,48,2,2.54,False
3055,HR,Male,37,Lead,2022-05-18,0,PhD,3,35706.97,48,25,11,3,100,11,37,2,1.31,False
3056,Finance,Female,25,Analyst,2024-09-13,0,Master,3,22745.68,52,19,14,1,0,14,14,0,1.12,False
3057,Finance,Female,36,Associate,2026-02-01,7,Diploma,3,53849.96,51,24,3,7,0,8,42,2,4.94,True
3058,HR,Male,29,Analyst,2024-10-21,9,PhD,4,62044.78,41,23,8,8,0,11,49,3,1.24,False
3059,Operations,Female,32,Analyst,2022-02-01,6,Bachelor,4,57035.74,43,25,1,8,0,7,79,3,2.73,True
3060,Legal,Male,27,Analyst,2024-02-11,1,MBA,3,34461.17,60,25,17,3,100,11,33,1,4.53,True
3061,Marketing,Female,34,Developer,2022-01-22,4,PhD,4,47442.1,56,25,1,3,0,13,67,3,2.61,False
3062,Marketing,Female,41,Executive,2020-07-24,1,MBA,3,36776.32,40,22,7,10,100,14,36,3,4.36,False
3063,Marketing,Male,38,Developer,2023-06-18,8,Diploma,4,51959.23,51,25,2,6,25,10,27,0,3.42,False
3064,Finance,Male,37,Developer,2015-05-10,6,Diploma,3,50002.55,51,25,16,7,100,12,78,1,1.77,False
3065,Sales,Female,31,Manager,2024-08-23,9,MBA,4,54126.78,40,23,8,10,75,10,36,0,4.1,False
3066,Legal,Male,35,Developer,2022-02-12,5,Diploma,4,38719.52,45,25,9,6,50,3,53,1,1.23,False
3067,Finance,Female,27,Developer,2025-05-09,6,PhD,3,45706.91,54,25,0,0,75,3,31,0,1.47,False
3068,Operations,Male,31,Associate,2023-06-20,2,Master,4,34860.6,56,25,9,9,75,14,76,2,2.41,False
3069,Operations,Female,27,Lead,2016-08-19,0,MBA,4,32527.9,41,18,17,1,100,13,76,0,2.56,False
3070,Sales,Female,31,Executive,2020-11-07,0,PhD,4,38780.13,47,24,5,7,0,6,76,1,2.41,False
3071,Legal,Male,43,Associate,2025-08-11,5,MBA,4,42896.67,58,25,12,9,100,14,75,1,3.54,False
3072,Finance,Female,31,Associate,2017-05-13,8,MBA,2,59167.66,52,25,20,9,100,14,34,3,2.52,True
3073,Marketing,Male,29,Analyst,2020-03-25,3,Bachelor,4,46768.7,55,25,16,2,50,12,66,2,3.99,False
3074,HR,Male,22,Lead,2021-10-22,7,Diploma,5,60253.06,55,25,11,4,50,3,78,2,4.11,False
3075,HR,Male,34,Executive,2015-05-21,6,Master,3,55098.56,41,22,17,2,50,6,30,3,2.38,True
3076,Sales,Male,23,Associate,2021-11-24,1,Master,3,36978.0,60,25,11,6,25,5,50,3,4.02,False
3077,HR,Female,35,Executive,2021-04-03,4,PhD,5,51511.92,42,24,11,4,100,6,52,3,3.03,True
3078,HR,Female,31,Analyst,2020-10-24,3,PhD,3,36672.33,39,18,6,1,0,7,33,1,4.32,True
3079,Sales,Female,26,Analyst,2025-09-05,6,PhD,2,44864.02,37,18,17,8,100,8,41,2,1.67,False
3080,Operations,Male,25,Developer,2015-12-31,9,Bachelor,5,62430.42,47,20,15,10,75,11,78,1,4.15,True
3081,Finance,Female,36,Associate,2015-03-30,8,MBA,5,58584.49,46,22,3,5,100,6,70,0,3.14,True
3082,IT,Female,35,Manager,2025-10-05,9,Master,4,58681.45,60,25,15,8,50,4,22,0,4.82,True
3083,Operations,Male,33,Manager,2022-09-23,6,Diploma,3,54778.63,37,21,19,3,100,12,34,2,1.82,False
3084,Sales,Female,40,Analyst,2025-10-29,5,Master,3,41854.51,60,25,20,5,25,4,36,1,4.44,False
3085,Finance,Female,38,Developer,2022-02-08,2,Master,3,34181.01,51,24,11,3,0,5,78,1,2.64,False
3086,Marketing,Male,28,Manager,2025-01-25,2,Diploma,3,37182.08,42,25,7,9,100,12,41,1,2.61,True
3087,Finance,Male,29,Executive,2025-03-06,8,MBA,4,56908.54,44,23,20,6,100,14,11,0,4.08,False
3088,Marketing,Male,35,Analyst,2017-10-30,0,Bachelor,3,37956.79,41,12,12,1,50,8,16,2,1.18,True
3089,Finance,Male,31,Executive,2018-05-29,3,Master,3,47948.18,47,25,9,9,75,13,61,3,1.34,False
3090,IT,Male,34,Manager,2023-10-06,1,Master,4,35809.02,46,25,3,6,25,6,79,1,4.48,True
3091,Marketing,Female,35,Associate,2017-08-13,1,PhD,4,40720.22,42,25,18,0,75,7,50,2,2.88,False
3092,Sales,Female,27,Manager,2017-12-02,9,Bachelor,4,56277.58,43,25,9,4,100,14,73,0,3.59,False
3093,Legal,Female,34,Executive,2019-04-26,1,Diploma,4,37345.49,56,21,14,2,75,6,67,3,4.03,False
3094,Legal,Female,29,Developer,2019-02-13,8,Master,4,56515.58,60,25,12,2,0,9,33,3,4.41,False
3095,HR,Female,41,Manager,2015-03-12,1,MBA,3,33256.81,40,25,14,6,25,13,69,3,1.84,False
3096,Marketing,Male,31,Lead,2024-10-29,2,PhD,4,46270.12,43,25,5,4,75,13,57,3,2.25,False
3097,Legal,Male,23,Analyst,2025-10-17,10,Master,5,70067.06,40,23,16,6,0,8,77,3,1.86,False
3098,Finance,Female,36,Developer,2019-08-12,5,Diploma,4,43417.67,60,25,4,5,50,4,76,1,4.94,False
3099,Legal,Female,27,Executive,2018-11-04,8,Master,4,56818.72,46,18,8,0,75,6,65,2,2.89,False
3100,Sales,Male,38,Executive,2026-02-19,1,MBA,2,29489.34,46,25,9,7,75,8,15,3,1.79,True
3101,IT,Female,40,Analyst,2019-11-15,0,MBA,3,38901.44,57,25,2,3,50,5,24,3,1.63,False
3102,Operations,Female,24,Lead,2017-05-09,1,Diploma,3,33544.82,41,19,19,5,50,14,54,3,2.22,False
3103,Sales,Male,28,Executive,2025-11-04,6,Diploma,4,50568.37,60,25,19,7,0,12,20,3,3.34,False
3104,IT,Male,44,Associate,2019-04-18,0,Diploma,3,30141.53,49,24,4,1,100,12,80,2,3.47,False
3105,Finance,Female,33,Lead,2025-12-20,10,Master,5,63901.38,50,24,6,5,25,11,76,0,3.34,False
3106,Operations,Male,31,Analyst,2017-01-28,5,Master,3,41046.51,41,22,1,4,50,6,16,2,3.02,False
3107,IT,Male,32,Analyst,2024-02-29,8,Bachelor,4,52250.69,54,25,13,5,0,11,66,1,3.91,False
3108,Operations,Female,31,Executive,2015-12-09,7,Master,3,46840.64,60,25,7,1,75,14,42,0,1.85,False
3109,Marketing,Female,34,Manager,2018-12-25,9,PhD,3,60375.27,44,22,4,6,0,7,10,2,1.23,False
3110,Sales,Male,30,Manager,2019-03-02,0,PhD,2,33248.85,58,25,0,3,25,5,31,3,4.39,False
3111,Finance,Male,31,Lead,2024-11-11,2,Bachelor,3,34775.26,48,25,20,0,25,8,46,0,4.6,True
3112,Legal,Female,39,Manager,2016-04-20,4,MBA,3,44029.48,39,21,15,10,100,8,65,1,4.91,False
3113,Operations,Male,26,Associate,2023-12-27,9,Diploma,4,55917.13,57,25,18,8,25,7,49,1,4.97,False
3114,HR,Female,29,Developer,2020-07-17,6,Bachelor,4,52543.01,47,25,8,5,75,8,70,3,3.66,False
3115,HR,Female,27,Developer,2022-02-07,5,MBA,3,48830.84,49,25,17,10,50,3,9,2,2.24,False
3116,Sales,Male,39,Lead,2017-07-30,4,Master,3,39070.21,51,25,8,1,0,5,17,2,4.66,False
3117,Sales,Male,29,Manager,2023-12-19,0,MBA,4,31117.87,53,25,3,0,50,3,31,0,3.68,False
3118,HR,Male,27,Developer,2025-05-12,0,Bachelor,3,32237.75,43,24,3,3,75,9,31,3,2.97,False
3119,Legal,Female,23,Manager,2015-12-03,7,Master,3,52708.45,59,25,13,7,100,6,10,3,3.92,False
3120,Operations,Female,32,Analyst,2024-01-03,3,Master,5,45315.73,39,23,13,1,50,10,76,0,3.05,False
3121,Marketing,Male,37,Associate,2024-01-03,6,Bachelor,4,54713.8,57,25,12,6,75,10,57,3,2.65,True
3122,IT,Female,25,Developer,2022-07-17,6,Diploma,3,43247.39,52,25,12,10,75,5,20,0,1.46,False
3123,Sales,Female,31,Manager,2021-07-11,1,Diploma,3,39549.66,50,25,18,8,50,5,55,3,3.64,False
3124,Finance,Male,28,Lead,2026-01-28,2,PhD,3,32068.4,36,19,16,2,50,5,66,0,3.36,True
3125,Operations,Female,22,Lead,2025-05-29,2,Master,3,35100.4,55,25,14,2,50,9,27,1,4.7,False
3126,Sales,Male,35,Executive,2020-05-11,7,Diploma,3,45103.37,38,21,11,2,50,13,51,1,1.31,False
3127,IT,Male,36,Developer,2025-05-27,7,MBA,4,59536.95,43,21,4,9,25,12,72,3,1.95,False
3128,Marketing,Male,35,Manager,2023-06-12,5,PhD,3,40103.02,58,24,1,7,25,6,27,1,2.19,False
3129,Finance,Female,28,Executive,2021-08-18,3,Bachelor,4,41474.2,48,23,15,8,50,6,62,1,5.0,False
3130,Operations,Male,29,Lead,2017-04-02,7,Diploma,5,56287.73,49,23,11,3,50,6,75,2,1.2,False
3131,HR,Male,39,Associate,2015-06-23,2,Diploma,2,37983.2,50,20,12,5,0,14,15,2,1.76,False
3132,IT,Male,31,Associate,2021-04-13,5,Bachelor,4,46237.69,45,22,9,7,0,5,68,1,4.08,True
3133,Operations,Female,29,Developer,2019-12-24,9,MBA,4,55500.11,35,19,11,4,25,13,63,2,1.78,False
3134,IT,Female,24,Manager,2021-04-04,0,Diploma,4,40645.8,60,25,9,2,75,5,55,2,3.98,False
3135,HR,Male,21,Developer,2018-04-10,8,Bachelor,4,57020.35,60,25,5,2,100,13,55,2,2.94,False
3136,Marketing,Male,31,Lead,2023-02-08,10,MBA,3,49457.06,54,25,13,3,100,14,9,0,2.02,True
3137,Legal,Male,34,Executive,2021-02-27,9,MBA,4,57560.62,49,25,18,3,75,9,32,1,3.59,False
3138,Operations,Female,23,Developer,2020-09-12,7,MBA,2,50120.17,55,25,7,9,50,7,24,2,2.46,False
3139,Operations,Male,38,Analyst,2021-12-23,8,MBA,4,50130.78,50,25,9,5,25,5,63,0,3.48,False
3140,Marketing,Male,32,Executive,2021-02-07,0,MBA,4,30453.05,38,17,12,8,100,12,65,0,4.29,False
3141,IT,Female,36,Manager,2021-02-25,2,Bachelor,3,38697.37,38,19,17,9,75,12,7,2,2.51,False
3142,Sales,Male,39,Executive,2018-04-21,3,PhD,3,38918.92,36,18,17,1,0,3,24,0,2.18,False
3143,IT,Female,36,Executive,2023-08-31,1,MBA,3,31702.11,60,24,7,2,75,13,69,2,2.89,True
3144,Finance,Male,45,Analyst,2017-10-09,2,MBA,3,39153.27,47,22,13,8,100,7,12,3,4.53,True
3145,Legal,Male,31,Lead,2022-09-14,6,Bachelor,4,49858.65,49,18,18,8,0,7,26,2,1.65,False
3146,Marketing,Male,30,Developer,2020-01-19,5,PhD,5,54136.22,49,24,15,6,0,7,67,2,3.76,False
3147,Marketing,Female,27,Executive,2021-01-09,4,MBA,4,40325.8,54,25,1,7,100,14,58,1,2.77,False
3148,Marketing,Male,40,Manager,2025-02-15,5,MBA,3,51624.5,57,25,18,9,0,5,18,2,2.09,False
3149,IT,Female,35,Associate,2015-06-22,10,PhD,3,60110.17,50,25,6,0,100,14,24,2,1.82,False
3150,Marketing,Female,27,Developer,2019-05-11,3,Bachelor,3,36873.06,46,22,7,9,100,3,50,0,2.62,False
3151,Sales,Female,35,Associate,2016-11-01,2,Bachelor,3,42150.17,52,25,10,5,75,3,23,3,2.04,False
3152,Operations,Male,34,Executive,2023-01-29,7,PhD,4,58251.55,42,25,17,1,100,7,51,3,1.61,False
3153,Operations,Female,21,Lead,2018-07-06,0,Master,3,34292.85,53,25,6,7,75,5,17,3,3.03,False
3154,Sales,Male,40,Lead,2016-07-15,9,MBA,4,59451.53,39,24,6,0,25,11,53,0,4.21,False
3155,Finance,Male,28,Executive,2019-08-28,6,MBA,3,50084.64,51,18,12,4,100,5,23,1,4.38,False
3156,IT,Female,24,Executive,2022-10-24,3,PhD,4,41425.82,35,19,13,6,0,6,77,3,1.36,False
3157,HR,Female,35,Associate,2018-09-14,2,Master,4,37978.58,52,23,19,10,25,4,26,2,1.8,False
3158,Sales,Female,36,Analyst,2019-06-02,1,Diploma,2,29855.53,57,25,1,1,50,7,36,0,3.84,False
3159,HR,Male,36,Developer,2015-10-07,2,MBA,2,33963.69,43,22,0,5,25,7,18,0,2.99,False
3160,IT,Male,37,Associate,2020-07-02,10,PhD,4,62938.15,40,13,4,8,75,5,38,3,1.55,False
3161,Finance,Female,37,Lead,2020-05-11,1,PhD,2,25736.73,54,25,6,3,75,5,15,0,3.6,False
3162,Legal,Male,36,Executive,2020-07-19,9,Bachelor,3,59273.77,46,24,3,9,0,5,44,2,1.5,False
3163,Operations,Female,28,Developer,2025-03-14,3,PhD,3,41291.95,56,25,20,10,50,4,44,3,3.15,False
3164,Finance,Male,28,Analyst,2022-04-26,3,MBA,2,37711.69,42,18,13,10,0,5,15,1,1.6,False
3165,Finance,Male,39,Associate,2020-03-08,6,PhD,3,49395.27,53,23,6,6,25,5,16,3,1.5,False
3166,Marketing,Female,28,Manager,2019-02-10,6,MBA,4,54602.38,47,18,6,9,75,5,70,1,4.21,False
3167,Marketing,Female,27,Analyst,2023-07-31,7,Master,5,57169.6,56,25,10,0,100,7,50,0,2.07,False
3168,IT,Male,27,Executive,2017-11-03,0,MBA,3,28869.65,40,22,17,1,50,9,57,3,4.25,False
3169,HR,Male,30,Developer,2021-12-06,3,PhD,3,39151.55,38,12,15,3,50,9,22,0,2.68,False
3170,HR,Male,38,Analyst,2017-11-29,10,Diploma,4,65381.89,36,25,17,2,0,4,12,1,1.71,False
3171,Finance,Female,34,Lead,2024-01-17,9,Diploma,4,54515.98,47,16,19,9,0,9,47,0,4.78,False
3172,IT,Female,28,Manager,2018-08-05,3,MBA,2,39508.71,49,24,7,3,25,12,10,3,1.96,False
3173,Marketing,Male,38,Lead,2025-11-29,10,Bachelor,3,54552.84,35,21,6,10,0,7,7,0,2.06,False
3174,IT,Female,29,Lead,2024-06-17,3,PhD,4,37115.94,58,25,6,5,0,10,43,0,2.12,False
3175,Marketing,Male,27,Associate,2024-03-19,2,Diploma,4,37448.3,55,25,13,5,75,6,47,1,4.83,False
3176,Sales,Female,36,Executive,2019-05-06,2,MBA,2,39581.01,46,21,19,10,75,9,11,3,3.39,False
3177,HR,Female,37,Associate,2017-11-23,1,Master,3,31796.78,52,25,9,0,75,3,7,0,2.36,False
3178,Finance,Male,38,Analyst,2015-03-09,2,PhD,4,39154.29,52,25,12,5,25,9,46,2,1.05,False
3179,Sales,Female,28,Developer,2016-06-02,1,MBA,4,39744.77,57,23,10,6,25,12,75,3,3.95,False
3180,IT,Male,30,Executive,2015-05-09,9,Bachelor,4,56313.12,55,25,2,4,75,10,68,0,3.65,False
3181,HR,Female,22,Associate,2022-06-12,9,Bachelor,4,60020.4,36,14,6,8,25,7,10,0,3.12,False
3182,Operations,Female,21,Associate,2025-05-04,2,PhD,3,35822.7,56,21,3,4,0,7,16,3,3.45,False
3183,HR,Female,25,Lead,2019-01-01,2,Master,4,35101.52,42,20,12,5,50,3,71,1,3.78,False
3184,Finance,Female,27,Lead,2022-08-25,4,Diploma,3,43984.62,45,17,11,3,75,14,51,1,1.3,False
3185,IT,Male,32,Associate,2016-04-06,8,MBA,3,54514.24,44,24,8,0,25,9,12,3,3.76,True
3186,Marketing,Male,28,Analyst,2020-04-18,5,Bachelor,3,45230.15,57,25,14,10,75,14,60,0,1.23,False
3187,Finance,Female,21,Developer,2018-07-30,2,Bachelor,4,43126.82,58,25,12,5,25,7,76,2,4.32,False
3188,Marketing,Female,34,Developer,2019-07-10,8,MBA,2,52371.62,45,25,5,10,50,14,17,2,1.03,True
3189,IT,Male,30,Executive,2021-09-11,0,Bachelor,3,27830.59,41,19,7,4,0,12,56,3,1.81,False
3190,Sales,Female,35,Lead,2025-10-16,10,MBA,3,58652.02,39,15,12,9,75,14,69,2,4.55,False
3191,Legal,Male,35,Developer,2016-05-21,4,PhD,3,34371.26,54,25,6,8,50,6,23,1,4.14,False
3192,Finance,Male,21,Lead,2024-10-21,9,Diploma,4,60356.38,48,25,12,0,25,9,17,0,2.09,False
3193,IT,Male,36,Developer,2023-01-17,7,Diploma,2,52921.48,46,25,8,9,0,10,38,2,1.89,False
3194,Marketing,Female,25,Developer,2016-10-13,5,Master,4,43330.9,52,25,10,5,50,7,61,1,3.76,False
3195,IT,Female,32,Developer,2021-02-03,0,PhD,3,33922.31,36,20,8,8,75,13,74,3,2.19,True
3196,Legal,Male,35,Associate,2025-09-04,7,Diploma,3,48481.42,44,23,17,4,25,6,46,0,1.6,False
3197,Operations,Male,37,Associate,2023-03-13,0,Bachelor,2,23610.51,43,24,12,8,25,5,50,0,1.44,False
3198,Marketing,Female,35,Analyst,2015-05-06,2,MBA,3,38235.21,42,25,10,3,100,4,32,1,2.92,False
3199,Finance,Female,32,Associate,2021-06-26,5,Bachelor,3,48985.42,56,21,10,6,25,12,39,1,2.87,False
3200,Sales,Male,33,Developer,2017-06-03,6,Master,4,51644.34,40,18,15,1,75,14,23,1,3.57,False
3201,IT,Female,40,Developer,2015-11-29,9,MBA,4,55293.67,54,25,13,3,50,13,50,2,3.52,False
3202,Legal,Male,34,Analyst,2019-09-07,2,PhD,4,39674.59,40,14,1,1,25,12,65,2,4.74,False
3203,Legal,Female,26,Executive,2021-02-13,6,PhD,3,54405.05,56,25,11,10,25,11,62,2,2.59,True
3204,Operations,Female,26,Associate,2024-09-29,1,MBA,3,29902.09,57,25,17,6,25,11,8,1,2.36,True
3205,Legal,Female,37,Executive,2022-06-24,4,Diploma,4,46049.11,52,25,15,3,75,4,15,1,4.07,False
3206,Sales,Female,29,Manager,2024-05-31,0,MBA,4,31378.48,39,21,7,9,25,13,70,3,3.39,False
3207,Sales,Male,38,Manager,2024-01-01,9,Master,5,65425.54,57,25,7,3,25,7,67,2,4.18,False
3208,Legal,Female,34,Manager,2019-12-28,8,PhD,5,57560.12,53,25,15,3,25,9,59,3,3.13,True
3209,Marketing,Female,28,Associate,2018-05-24,1,Bachelor,3,38210.94,49,24,13,3,25,11,26,1,1.93,False
3210,HR,Male,24,Executive,2016-07-13,3,Diploma,3,42093.26,57,25,13,2,0,11,13,2,1.37,False
3211,Legal,Female,31,Lead,2019-12-25,5,PhD,4,51322.41,58,24,6,3,75,12,56,2,2.4,False
3212,Legal,Female,31,Manager,2016-12-25,10,PhD,4,59388.1,39,15,2,1,75,7,73,0,3.24,False
3213,IT,Male,32,Analyst,2020-02-04,1,Diploma,4,32100.24,53,25,0,8,25,6,76,2,3.15,False
3214,HR,Male,24,Developer,2025-03-27,7,PhD,3,46224.63,43,22,2,5,50,14,24,0,3.23,False
3215,Operations,Female,29,Developer,2025-01-25,5,Diploma,3,47373.06,48,25,12,2,75,9,7,2,1.15,False
3216,Sales,Female,33,Analyst,2016-02-18,6,Master,4,48140.8,56,25,0,2,0,12,63,1,2.39,False
3217,Finance,Male,26,Associate,2024-11-12,3,MBA,4,34189.78,40,21,5,4,50,9,15,0,4.44,False
3218,Finance,Male,29,Associate,2021-09-30,3,Bachelor,4,45051.13,59,24,16,5,100,11,32,3,2.26,True
3219,Sales,Female,36,Manager,2021-10-29,10,Master,4,61523.85,51,25,9,2,25,11,67,0,1.98,False
3220,Marketing,Male,29,Executive,2018-07-28,4,Master,3,42205.54,51,12,7,4,100,14,29,0,2.75,False
3221,Sales,Male,37,Manager,2015-10-06,2,Master,3,34272.87,49,20,3,0,100,10,22,1,1.73,False
3222,Legal,Male,30,Associate,2020-10-19,8,Bachelor,3,55661.68,58,25,11,6,50,7,53,3,2.93,False
3223,Sales,Female,33,Lead,2023-06-13,1,MBA,2,35358.57,52,25,5,10,100,6,18,3,1.37,False
3224,Legal,Male,40,Analyst,2022-04-14,6,Bachelor,3,49822.78,48,19,0,3,25,5,34,0,4.82,False
3225,Sales,Male,37,Associate,2016-04-22,8,Diploma,4,57078.34,45,25,0,4,0,3,51,1,2.25,False
3226,Operations,Female,39,Manager,2015-11-11,7,PhD,4,51664.54,56,25,20,2,75,10,44,2,4.18,False
3227,Sales,Female,26,Associate,2016-06-21,5,Bachelor,4,50647.68,58,25,17,10,100,4,62,3,3.38,False
3228,Operations,Female,32,Analyst,2021-12-30,5,Master,3,44045.57,52,25,2,2,75,14,12,0,2.44,True
3229,Finance,Female,36,Manager,2021-07-12,2,Bachelor,3,35566.41,43,24,14,6,100,7,40,0,4.92,False
3230,HR,Male,35,Analyst,2024-05-12,10,Bachelor,2,56713.49,57,25,0,4,75,11,24,2,1.26,False
3231,Legal,Male,31,Lead,2017-11-26,5,Diploma,4,48686.65,37,18,11,7,75,4,48,2,4.97,False
3232,HR,Female,39,Analyst,2018-04-04,5,Master,4,49988.03,49,25,12,6,100,9,57,2,1.29,False
3233,IT,Male,31,Lead,2026-03-27,2,PhD,3,37782.35,36,18,7,5,75,5,48,3,3.81,False
3234,Legal,Female,33,Manager,2018-10-18,8,Bachelor,4,58748.22,50,25,7,5,25,12,37,0,4.11,False
3235,HR,Female,34,Executive,2016-04-14,4,Bachelor,3,44126.89,48,25,11,4,0,9,31,1,3.92,True
3236,Legal,Female,31,Associate,2017-08-28,7,Diploma,4,50637.25,47,25,18,10,75,4,70,1,1.99,False
3237,Finance,Female,31,Analyst,2024-10-27,8,MBA,4,52807.48,60,25,16,8,50,6,16,2,4.83,False
3238,Finance,Female,39,Lead,2023-12-14,8,Diploma,3,54972.2,36,18,20,8,25,9,48,1,4.74,False
3239,Legal,Female,36,Developer,2024-12-17,0,Bachelor,3,28420.15,45,18,1,9,0,12,53,1,1.58,False
3240,IT,Female,43,Manager,2018-08-07,4,MBA,4,38417.06,45,22,0,3,50,8,59,1,4.66,True
3241,HR,Female,31,Associate,2023-01-07,1,Master,4,36981.07,50,20,15,1,100,4,15,0,2.86,False
3242,Legal,Female,26,Developer,2024-03-22,3,PhD,2,34953.72,36,17,13,8,0,11,34,1,2.07,False
3243,Finance,Male,29,Manager,2018-01-19,7,PhD,4,54885.77,58,25,3,1,0,13,31,3,4.02,False
3244,Legal,Female,28,Associate,2020-11-11,4,Bachelor,3,38157.55,52,25,9,3,50,12,72,0,1.35,False
3245,Operations,Male,37,Analyst,2018-03-10,7,Diploma,4,53435.88,36,9,5,5,0,7,57,2,3.18,False
3246,IT,Male,25,Executive,2016-12-24,0,Bachelor,4,37561.43,44,25,15,10,0,13,64,2,2.79,False
3247,Marketing,Female,25,Manager,2015-07-22,10,MBA,4,57929.48,44,13,17,0,50,4,65,2,2.96,True
3248,Operations,Female,30,Developer,2018-09-06,0,MBA,3,31830.13,54,25,6,4,50,7,23,3,3.19,False
3249,Legal,Male,21,Manager,2018-01-28,6,MBA,3,48340.3,41,20,3,6,100,5,73,1,4.65,False
3250,Sales,Female,29,Executive,2024-05-27,9,MBA,4,61313.9,36,17,9,3,50,9,20,3,1.2,False
3251,Finance,Male,30,Executive,2024-06-25,4,Bachelor,4,44601.42,38,17,8,1,50,4,78,2,3.59,True
3252,Legal,Male,21,Analyst,2023-05-01,7,Master,3,55755.0,38,24,6,7,100,4,14,3,4.15,False
3253,Marketing,Female,40,Analyst,2015-02-01,9,Bachelor,2,55892.22,57,25,11,10,50,10,8,2,2.85,False
3254,HR,Female,27,Associate,2020-12-25,9,Diploma,4,57795.26,40,18,10,2,50,7,63,2,1.9,True
3255,Marketing,Male,36,Manager,2022-05-06,0,Master,4,40714.76,57,25,3,2,50,5,63,3,3.91,False
3256,Finance,Female,45,Associate,2017-05-24,5,PhD,4,45718.36,45,25,17,9,75,6,67,2,1.62,False
3257,Finance,Female,30,Associate,2025-06-02,8,Master,4,56706.8,50,22,9,0,25,10,43,0,4.43,True
3258,HR,Female,25,Executive,2024-04-10,3,Bachelor,4,42170.36,41,24,17,5,100,9,78,2,2.28,False
3259,Finance,Male,35,Lead,2015-08-12,1,MBA,2,32882.92,39,19,19,4,0,9,21,3,1.43,False
3260,Marketing,Male,32,Manager,2017-08-18,2,Master,3,37065.42,50,25,13,3,100,14,32,1,4.29,False
3261,Legal,Female,33,Manager,2015-07-17,4,Bachelor,4,46650.47,40,23,15,7,0,14,67,0,2.17,False
3262,Operations,Male,28,Executive,2024-02-20,0,Bachelor,4,32697.36,36,14,16,9,75,7,77,0,3.99,False
3263,HR,Female,25,Manager,2020-07-15,6,PhD,3,53442.57,43,23,8,9,0,7,48,3,3.91,False
3264,HR,Male,33,Analyst,2023-07-19,0,Diploma,4,33487.84,49,20,2,8,25,4,74,0,3.3,True
3265,Sales,Male,28,Manager,2022-01-13,2,MBA,2,35299.48,60,22,8,4,25,12,6,3,1.07,False
3266,Sales,Male,34,Lead,2015-12-22,9,PhD,4,60231.17,51,25,2,7,0,12,61,1,4.41,False
3267,Operations,Female,28,Executive,2020-09-28,8,Bachelor,3,52987.24,53,25,20,8,75,7,27,1,2.11,False
3268,Marketing,Female,22,Manager,2022-02-08,0,MBA,3,27764.69,59,25,20,1,75,11,27,1,4.46,False
3269,HR,Female,24,Associate,2017-12-03,0,MBA,2,33025.15,59,25,5,6,100,13,25,3,1.58,False
3270,Marketing,Female,34,Lead,2024-06-24,1,MBA,4,29173.23,59,25,1,4,100,9,53,1,2.31,False
3271,Marketing,Female,36,Associate,2020-07-21,9,Master,4,67814.66,52,25,18,2,25,13,45,3,1.16,False
3272,Finance,Female,31,Lead,2021-04-25,10,Diploma,3,59469.34,38,18,9,5,25,12,51,1,4.67,True
3273,HR,Male,27,Manager,2024-07-22,9,PhD,2,54705.17,38,24,5,3,50,6,5,3,3.28,False
3274,Operations,Male,31,Developer,2019-05-30,1,Master,4,31890.29,57,25,8,1,25,12,79,0,4.86,False
3275,Marketing,Female,25,Executive,2018-03-10,2,Bachelor,4,40336.12,51,25,10,4,75,8,56,2,1.89,False
3276,Sales,Male,26,Lead,2022-08-21,1,Bachelor,3,39289.05,58,25,13,6,75,14,22,3,2.59,False
3277,Sales,Male,31,Developer,2021-05-23,3,Bachelor,3,32979.81,56,19,6,0,75,5,8,1,2.58,True
3278,Sales,Female,37,Lead,2023-08-10,9,MBA,3,54774.86,38,17,17,6,100,11,10,1,1.13,False
3279,Marketing,Female,32,Executive,2023-08-03,8,PhD,3,57314.8,39,23,10,7,0,8,5,3,1.95,False
3280,Finance,Female,36,Associate,2024-02-29,9,MBA,4,60924.01,40,23,20,2,75,6,62,1,4.28,False
3281,Marketing,Female,30,Manager,2016-09-12,5,MBA,3,39489.83,45,17,9,9,75,13,35,0,1.06,True
3282,Legal,Female,35,Lead,2023-02-23,6,MBA,4,46037.9,53,25,5,10,0,7,78,0,1.35,False
3283,Operations,Female,29,Analyst,2019-12-26,0,MBA,3,32520.72,37,15,1,5,0,7,21,3,4.17,False
3284,IT,Female,41,Associate,2015-07-19,5,MBA,4,53427.78,51,24,17,4,100,11,68,2,3.2,True
3285,Finance,Male,33,Analyst,2023-01-28,3,Diploma,4,42320.36,44,23,17,1,0,12,51,2,1.33,False
3286,IT,Male,31,Executive,2015-01-07,0,MBA,3,33019.76,51,24,2,5,0,9,52,2,3.12,False
3287,Finance,Female,48,Lead,2024-08-14,7,Bachelor,5,54153.42,54,25,9,5,100,6,51,0,3.67,False
3288,Sales,Male,45,Associate,2021-12-27,0,PhD,4,30319.74,44,20,12,3,50,6,53,0,3.44,False
3289,IT,Female,25,Lead,2016-11-18,5,Bachelor,3,47182.98,43,16,15,6,25,10,63,2,1.22,False
3290,Legal,Female,38,Executive,2024-05-09,1,MBA,2,32851.98,44,25,11,7,75,6,9,3,1.94,False
3291,Finance,Male,44,Associate,2020-08-09,5,Diploma,4,42755.36,45,24,9,1,100,14,75,1,3.35,False
3292,Legal,Male,33,Analyst,2017-09-16,9,Master,3,60666.78,38,25,2,2,75,3,19,3,3.58,False
3293,Legal,Female,23,Associate,2023-01-26,7,PhD,4,54216.7,41,16,7,6,0,7,75,0,4.38,False
3294,Sales,Female,28,Analyst,2020-04-28,6,Diploma,4,46247.52,43,24,9,10,25,13,77,0,3.54,True
3295,Sales,Male,25,Lead,2024-05-16,8,PhD,4,49955.79,55,19,1,6,50,4,66,2,3.03,False
3296,IT,Female,36,Developer,2015-01-19,8,MBA,3,50984.82,37,24,1,8,0,13,70,0,4.72,False
3297,HR,Male,36,Manager,2023-04-04,2,PhD,3,32758.41,57,25,9,9,75,13,23,1,1.46,True
3298,Marketing,Male,25,Developer,2018-03-27,6,Bachelor,4,48959.5,51,23,9,0,100,9,54,2,2.3,False
3299,Operations,Female,35,Manager,2025-07-31,3,MBA,4,45380.43,59,23,20,0,100,5,23,3,1.34,False
3300,Legal,Female,25,Lead,2016-11-10,2,Master,3,34958.32,45,25,19,8,50,13,25,1,2.48,True
3301,HR,Male,34,Lead,2019-09-09,10,MBA,4,58944.24,51,25,10,3,100,11,50,1,2.52,False
3302,HR,Male,28,Lead,2022-01-11,6,Bachelor,4,47908.83,35,18,14,7,50,7,49,2,4.83,True
3303,Legal,Female,38,Executive,2019-01-11,3,Bachelor,2,33547.66,44,22,18,7,50,3,15,1,2.64,False
3304,HR,Female,31,Analyst,2019-10-14,0,MBA,3,26129.34,43,18,17,5,25,13,8,0,3.31,False
3305,Finance,Male,36,Manager,2016-09-25,0,PhD,3,32472.26,43,18,11,5,50,11,71,2,4.48,False
3306,Legal,Male,23,Developer,2020-09-25,3,MBA,3,43809.98,58,25,17,1,50,5,32,3,2.89,False
3307,Finance,Female,38,Analyst,2017-10-04,7,PhD,2,42404.57,39,14,0,10,100,5,5,1,4.84,False
3308,Finance,Female,24,Executive,2020-11-24,8,MBA,3,49911.5,51,25,16,1,50,8,38,0,2.88,True
3309,Operations,Female,33,Manager,2024-03-02,5,Bachelor,4,53660.74,50,25,14,8,50,6,11,1,3.18,False
3310,Finance,Female,39,Lead,2015-10-31,3,PhD,3,43916.75,41,17,14,5,0,12,52,3,4.66,True
3311,Finance,Male,30,Developer,2021-04-21,7,MBA,4,50724.75,37,15,2,4,100,5,45,0,2.55,False
3312,IT,Female,38,Analyst,2018-03-07,4,MBA,4,49280.16,58,25,10,7,100,14,78,3,3.58,False
3313,IT,Female,32,Associate,2025-08-31,8,Bachelor,4,61292.15,35,15,18,0,25,8,14,0,2.67,False
3314,Sales,Male,38,Executive,2023-03-04,3,Bachelor,3,38586.08,49,23,13,4,25,12,33,3,4.86,False
3315,Sales,Male,40,Executive,2016-11-19,1,PhD,3,29290.17,59,25,9,8,75,7,25,0,2.62,False
3316,Legal,Male,35,Analyst,2023-02-19,7,Bachelor,5,60508.32,43,23,18,7,75,11,45,3,3.77,False
3317,HR,Male,38,Lead,2017-03-10,2,Diploma,4,40371.8,35,22,14,4,50,4,61,1,2.11,False
3318,Marketing,Male,45,Developer,2015-06-25,10,Bachelor,2,58833.44,36,20,20,9,100,9,31,0,3.45,False
3319,Legal,Female,39,Analyst,2021-08-10,6,PhD,4,44690.85,52,24,0,1,75,12,61,0,2.82,False
3320,Marketing,Female,25,Analyst,2020-09-05,8,Diploma,4,51551.88,56,25,7,8,100,12,76,1,3.53,True
3321,IT,Female,34,Associate,2022-01-22,6,PhD,4,54630.52,41,16,8,8,50,3,60,1,1.38,False
3322,HR,Female,33,Developer,2021-11-16,0,Diploma,3,30511.6,35,13,9,9,50,3,32,2,2.3,False
3323,Operations,Male,26,Developer,2017-11-03,10,Master,4,53418.27,46,25,19,6,0,7,68,0,1.56,False
3324,IT,Female,29,Lead,2020-04-30,3,PhD,4,36147.86,53,25,12,7,0,13,46,0,2.59,False
3325,IT,Male,21,Executive,2015-08-16,0,Bachelor,4,32371.61,57,25,16,3,25,3,80,2,4.65,True
3326,Operations,Male,21,Analyst,2022-04-23,7,PhD,4,48665.41,55,25,13,9,100,13,22,3,1.69,False
3327,Finance,Male,35,Manager,2024-10-01,6,PhD,3,44812.74,41,17,1,7,75,5,27,0,3.15,False
3328,Marketing,Male,29,Executive,2021-09-24,5,Bachelor,3,36023.85,52,25,8,10,0,11,25,1,1.86,False
3329,Marketing,Female,30,Analyst,2024-12-21,2,Master,3,43356.74,41,17,17,0,75,10,41,3,1.26,False
3330,Sales,Male,30,Executive,2024-06-04,1,Bachelor,3,35536.98,50,25,16,10,50,13,74,2,3.01,False
3331,HR,Female,28,Executive,2025-04-20,2,Bachelor,3,38270.97,42,25,10,5,0,5,11,1,1.65,False
3332,Marketing,Female,26,Lead,2025-09-11,10,MBA,4,57371.93,54,22,1,2,0,11,35,0,2.09,False
3333,Marketing,Male,35,Lead,2024-10-09,6,Diploma,3,48074.32,54,25,1,1,50,13,27,3,1.23,False
3334,Finance,Male,30,Manager,2018-12-28,1,MBA,3,40581.23,56,25,17,9,100,11,19,1,2.88,False
3335,Sales,Female,39,Developer,2023-06-03,0,Diploma,3,33922.41,58,25,18,9,75,7,40,2,2.14,False
3336,Legal,Female,25,Executive,2015-12-29,6,Master,5,51931.98,53,25,0,5,50,3,50,1,4.49,False
3337,HR,Male,35,Analyst,2018-02-21,6,Bachelor,3,43881.68,44,21,11,5,75,9,58,0,3.21,False
3338,IT,Female,36,Developer,2018-01-27,10,Master,3,58477.52,38,25,16,10,100,7,36,0,3.42,False
3339,Legal,Male,29,Executive,2018-10-05,8,MBA,4,58813.01,40,25,20,5,0,5,36,2,2.15,False
3340,Sales,Female,26,Associate,2022-03-15,2,Diploma,3,36912.9,60,25,8,9,0,4,62,2,4.86,False
3341,Legal,Male,38,Executive,2019-08-27,2,Master,3,35359.82,47,24,20,7,25,5,58,0,4.9,False
3342,Legal,Female,37,Analyst,2018-03-27,1,Master,4,35475.99,44,25,18,3,25,3,79,0,3.53,False
3343,Marketing,Male,37,Developer,2025-09-21,4,Master,2,38890.83,36,17,16,4,25,14,14,2,3.51,True
3344,Legal,Male,36,Analyst,2022-03-08,2,Bachelor,4,40631.91,35,21,7,6,0,10,70,1,1.51,False
3345,Legal,Male,34,Associate,2023-04-18,7,MBA,4,61438.28,53,25,18,0,100,13,68,3,2.78,False
3346,Legal,Male,30,Analyst,2015-09-05,8,Bachelor,4,62108.01,53,25,20,1,0,10,50,3,2.87,False
3347,Sales,Male,40,Associate,2022-12-11,0,Diploma,3,26890.59,58,25,8,5,25,13,31,0,4.3,False
3348,Legal,Male,43,Lead,2016-08-23,8,Diploma,5,56406.16,50,21,1,8,25,11,61,0,1.29,False
3349,Marketing,Male,38,Lead,2026-01-16,9,MBA,3,56420.61,50,25,19,1,75,5,18,0,3.87,False
3350,Marketing,Female,42,Lead,2015-07-29,10,Bachelor,3,59682.29,44,25,10,8,50,10,39,1,4.37,False
3351,HR,Female,21,Associate,2025-01-28,9,Diploma,4,53902.48,54,25,0,9,25,13,48,0,1.65,False
3352,Sales,Female,31,Developer,2019-07-02,10,Diploma,4,62353.01,37,23,17,7,100,14,59,3,1.03,False
3353,Legal,Female,29,Executive,2020-02-23,6,MBA,4,50414.45,59,25,17,7,25,13,79,1,2.87,False
3354,HR,Female,25,Executive,2022-04-10,2,MBA,2,32392.29,48,22,11,10,75,3,10,3,2.02,False
3355,IT,Female,21,Manager,2023-12-20,10,Bachelor,4,67364.08,56,23,16,10,100,7,31,2,2.95,False
3356,Marketing,Female,36,Lead,2016-09-30,2,Bachelor,4,36755.34,40,19,13,0,0,11,33,1,4.54,False
3357,IT,Female,37,Developer,2021-06-18,10,MBA,3,58568.59,35,25,4,6,0,11,19,2,2.43,False
3358,HR,Female,26,Analyst,2016-11-14,9,MBA,4,63318.39,52,21,4,2,50,14,45,3,4.89,False
3359,Finance,Female,28,Executive,2016-08-15,0,Master,4,24910.32,57,25,4,3,75,6,74,0,3.01,True
3360,Sales,Male,26,Lead,2019-03-02,2,PhD,4,40462.85,59,25,12,1,100,7,48,2,1.63,False
3361,HR,Male,25,Developer,2022-12-04,2,PhD,4,34780.94,48,19,10,7,100,6,64,0,3.99,False
3362,Sales,Male,30,Lead,2025-05-02,9,Bachelor,4,61348.84,59,25,19,6,75,5,60,1,4.77,False
3363,HR,Male,44,Associate,2019-09-18,6,Bachelor,4,53195.91,38,10,13,9,25,6,74,1,5.0,True
3364,Marketing,Female,29,Lead,2024-05-24,6,MBA,3,46709.36,37,20,18,9,0,3,19,1,1.87,False
3365,Operations,Male,32,Associate,2015-03-24,2,Bachelor,4,46011.71,39,23,10,3,0,4,51,3,2.28,False
3366,Operations,Female,33,Associate,2020-07-25,5,MBA,3,40573.13,60,25,17,0,75,8,34,1,1.88,False
3367,HR,Female,29,Associate,2018-01-23,8,PhD,4,58736.69,40,18,10,8,75,10,28,0,3.92,True
3368,HR,Female,35,Lead,2017-08-08,9,Master,4,61035.92,54,25,9,2,50,4,54,3,2.74,False
3369,HR,Female,31,Analyst,2026-03-06,6,Bachelor,4,52313.23,45,25,16,6,50,12,58,2,3.41,False
3370,Sales,Female,34,Manager,2025-10-02,6,PhD,4,51111.81,39,13,12,3,50,3,60,1,2.58,False
3371,Legal,Male,30,Associate,2018-08-13,9,Diploma,3,56779.16,57,25,17,5,75,4,41,1,3.47,False
3372,Operations,Female,24,Analyst,2023-01-16,8,Master,4,58433.73,40,19,7,4,75,4,68,1,3.52,True
3373,Legal,Female,31,Associate,2023-03-23,4,Master,3,39406.41,55,25,4,2,50,8,26,1,2.5,False
3374,Legal,Male,34,Analyst,2016-03-30,9,Diploma,4,59039.63,41,24,6,2,100,6,41,2,1.45,False
3375,HR,Female,25,Manager,2022-01-21,1,PhD,2,25722.7,39,12,2,6,100,4,27,3,3.89,True
3376,IT,Male,22,Developer,2022-11-23,2,Master,3,35078.2,56,25,20,1,0,12,50,1,4.86,False
3377,Sales,Male,32,Associate,2021-10-02,4,Bachelor,3,43400.75,53,25,6,6,50,4,29,3,3.45,False
3378,HR,Male,30,Analyst,2022-11-21,10,Bachelor,4,69616.13,45,20,2,7,75,8,41,3,3.36,False
3379,Finance,Female,30,Associate,2020-09-11,8,PhD,3,51749.04,35,15,3,9,75,14,29,2,3.89,False
3380,Sales,Male,29,Manager,2022-05-02,4,Master,4,44239.96,44,25,0,6,0,3,73,1,4.21,False
3381,Sales,Male,26,Lead,2015-04-07,9,Bachelor,4,62711.08,38,15,6,8,100,3,33,3,4.62,False
3382,Finance,Male,41,Lead,2018-06-06,4,PhD,3,46305.81,45,24,18,7,100,11,22,3,1.54,False
3383,Sales,Female,21,Manager,2020-09-30,2,Diploma,4,39235.18,43,19,4,7,0,4,43,2,1.76,True
3384,Finance,Female,31,Associate,2022-09-05,9,Diploma,4,65719.35,41,18,18,4,75,11,14,3,4.25,False
3385,IT,Male,30,Analyst,2017-04-09,9,Master,3,56333.12,48,24,0,2,0,6,46,0,2.98,False
3386,Marketing,Male,35,Executive,2021-02-06,4,PhD,5,50397.92,35,10,12,1,50,13,77,1,3.4,False
3387,Marketing,Male,33,Executive,2022-03-27,0,Bachelor,3,27138.0,43,23,9,0,25,14,10,0,3.12,False
3388,HR,Female,33,Associate,2020-01-31,2,Diploma,3,37568.68,47,20,6,7,100,13,17,0,4.91,True
3389,Sales,Female,24,Lead,2018-01-26,8,PhD,5,56238.87,54,23,11,5,100,11,66,1,4.6,True
3390,Operations,Male,24,Executive,2026-01-02,7,Diploma,2,47348.61,60,25,11,10,75,4,28,2,2.14,False
3391,IT,Male,34,Associate,2020-01-02,9,Master,3,57677.35,40,15,14,9,25,5,36,0,4.01,False
3392,Sales,Female,29,Associate,2023-04-17,8,PhD,3,52658.33,60,25,2,8,25,12,60,0,1.87,False
3393,Finance,Female,30,Associate,2022-02-08,4,Bachelor,2,35095.18,35,18,5,9,25,4,58,0,1.61,False
3394,Legal,Male,37,Associate,2022-05-22,1,Diploma,4,35264.37,55,25,8,0,75,6,53,3,2.24,False
3395,IT,Male,34,Developer,2024-07-13,10,Master,5,61995.31,53,25,1,7,50,12,64,0,3.48,True
3396,Operations,Female,21,Executive,2022-07-09,0,MBA,5,36217.01,51,25,2,9,25,13,71,2,3.34,True
3397,Sales,Male,38,Developer,2015-10-14,9,MBA,4,59079.37,42,20,11,4,25,11,15,3,3.65,False
3398,Legal,Female,28,Lead,2018-04-13,3,PhD,3,38290.87,52,25,10,1,50,8,35,0,3.62,False
3399,Sales,Male,29,Associate,2016-09-28,4,MBA,4,45456.02,43,18,12,9,100,3,51,2,2.79,False
3400,Finance,Female,30,Associate,2022-03-17,6,PhD,4,55083.82,58,25,12,8,50,10,39,1,4.52,False
3401,Operations,Female,44,Executive,2020-10-01,1,Bachelor,2,34698.61,47,25,12,6,100,11,20,2,3.55,False
3402,Operations,Male,36,Analyst,2016-07-10,2,Diploma,4,42339.98,55,25,4,4,50,11,80,0,1.39,True
3403,Marketing,Female,42,Associate,2025-05-20,6,Master,3,45877.53,49,24,4,8,100,8,38,0,2.01,False
3404,IT,Male,33,Manager,2019-04-04,1,MBA,4,33454.62,39,19,7,8,0,13,67,0,2.7,False
3405,HR,Female,31,Manager,2020-03-06,7,Diploma,3,48466.38,50,25,12,1,75,14,15,0,1.21,False
3406,Marketing,Male,37,Lead,2023-12-26,0,MBA,4,29962.3,57,25,4,4,75,13,64,2,3.06,False
3407,Operations,Male,33,Executive,2017-04-17,8,Master,4,57175.86,36,22,9,3,0,9,53,2,3.99,False
3408,Legal,Male,30,Lead,2022-02-19,10,PhD,3,64179.58,58,25,16,7,25,9,25,0,3.38,False
3409,HR,Female,26,Analyst,2019-05-14,7,Master,3,56551.04,59,25,3,10,0,8,76,3,4.16,False
3410,HR,Male,37,Analyst,2022-10-12,1,Diploma,3,40025.83,44,16,4,5,25,11,9,2,4.98,False
3411,Marketing,Female,38,Lead,2020-02-25,0,PhD,4,32091.95,59,25,12,5,100,5,45,3,4.78,False
3412,IT,Female,30,Analyst,2015-10-14,1,Diploma,3,39483.06,39,20,5,1,0,14,13,3,1.71,False
3413,Legal,Female,21,Executive,2022-07-15,5,Bachelor,2,49332.96,50,25,2,6,50,4,12,3,3.41,False
3414,IT,Male,34,Associate,2019-07-25,3,Diploma,3,40537.4,51,23,10,9,75,5,33,0,3.39,False
3415,Operations,Female,25,Associate,2026-03-13,6,PhD,2,45500.56,55,25,4,9,0,11,24,1,2.44,False
3416,Marketing,Female,26,Analyst,2017-03-10,6,Master,4,50803.97,47,25,20,8,50,9,69,0,3.55,False
3417,IT,Female,27,Associate,2023-07-02,1,Diploma,4,32027.38,39,20,15,7,50,6,67,0,3.42,False
3418,Finance,Male,33,Associate,2016-12-09,10,PhD,4,63403.31,37,22,17,6,0,12,80,2,4.17,False
3419,Legal,Female,38,Developer,2024-08-03,5,MBA,3,44429.41,60,25,17,0,50,9,24,0,3.9,False
3420,HR,Female,25,Analyst,2019-07-29,10,PhD,3,58529.74,55,25,2,6,0,3,12,3,1.3,False
3421,Operations,Male,45,Manager,2024-03-27,6,MBA,4,48868.09,44,24,8,2,25,4,20,0,3.89,False
3422,Marketing,Female,37,Lead,2023-05-22,8,Master,5,64289.33,42,21,16,9,75,13,74,3,3.59,False
3423,Sales,Female,35,Executive,2017-11-16,5,MBA,5,49200.55,54,25,0,1,100,14,58,3,3.45,True
3424,HR,Male,26,Analyst,2020-07-05,7,Master,3,47779.32,59,25,19,8,0,7,16,1,3.41,False
3425,Finance,Female,35,Associate,2021-11-14,1,Diploma,4,31883.47,38,17,8,4,100,12,78,1,1.51,False
3426,Operations,Female,31,Lead,2021-09-06,4,PhD,4,47836.4,47,24,1,1,75,14,42,2,4.7,False
3427,Operations,Male,45,Analyst,2025-01-02,1,Diploma,3,35210.02,53,25,4,4,100,7,58,3,3.25,False
3428,Operations,Female,42,Lead,2016-07-02,7,Diploma,2,49965.38,37,16,9,9,50,3,23,2,3.69,True
3429,IT,Female,33,Analyst,2023-10-19,4,Diploma,3,44906.59,37,16,4,3,0,4,38,2,2.08,False
3430,Sales,Female,35,Developer,2025-04-21,1,Bachelor,3,32644.87,40,19,9,8,100,9,42,1,3.45,False
3431,Legal,Female,22,Associate,2021-05-02,8,Master,3,62613.43,43,18,15,8,100,8,14,3,4.48,False
3432,IT,Female,37,Lead,2023-05-22,1,Bachelor,4,39540.44,60,25,0,0,25,9,31,2,3.13,False
3433,HR,Female,31,Lead,2024-02-15,4,Diploma,3,44400.29,54,25,1,4,100,10,38,3,4.37,False
3434,Marketing,Male,29,Associate,2015-03-16,4,Master,4,47073.72,42,15,20,6,75,9,20,0,4.53,True
3435,IT,Female,33,Lead,2022-05-27,5,Master,4,51486.42,57,25,6,2,75,4,47,0,4.81,False
3436,Operations,Male,36,Manager,2025-01-24,2,MBA,3,42078.76,39,17,5,1,0,9,38,1,1.99,False
3437,Sales,Male,36,Executive,2025-05-29,10,Diploma,4,63470.61,60,25,19,10,100,9,60,1,4.24,False
3438,HR,Female,24,Lead,2016-04-25,1,Master,4,40892.12,54,25,2,7,50,12,52,2,1.98,False
3439,Finance,Male,22,Associate,2020-10-29,8,MBA,4,57735.62,59,25,1,7,25,5,58,2,1.26,False
3440,Finance,Male,29,Executive,2015-12-18,6,MBA,4,48232.71,57,25,3,8,100,11,62,1,4.19,False
3441,IT,Female,32,Developer,2015-02-07,6,PhD,4,49731.33,43,22,6,4,0,5,66,0,4.75,False
3442,IT,Male,21,Manager,2019-02-18,3,MBA,3,35394.11,37,18,2,1,100,5,5,0,2.82,False
3443,Operations,Female,34,Lead,2016-05-05,4,Diploma,4,38617.76,49,23,15,1,25,7,41,0,2.72,False
3444,HR,Female,33,Lead,2023-09-07,5,Diploma,4,44934.82,49,23,18,5,0,4,68,0,3.36,False
3445,Operations,Female,22,Developer,2021-07-18,7,Master,3,50085.82,49,24,12,9,75,7,57,0,2.38,False
3446,Marketing,Male,37,Developer,2022-07-26,5,Diploma,4,46958.59,47,25,15,9,50,12,21,0,1.49,False
3447,Legal,Female,24,Developer,2020-03-03,1,Bachelor,3,33906.35,47,25,18,7,0,3,59,2,4.13,False
3448,HR,Male,21,Associate,2026-03-12,1,Bachelor,4,41080.65,41,22,1,1,25,3,78,3,4.37,True
3449,Legal,Male,23,Manager,2016-07-15,8,Diploma,3,51165.41,47,23,19,1,75,7,21,1,2.25,False
3450,Operations,Male,23,Developer,2023-11-27,0,Master,3,25455.55,47,24,6,1,0,12,16,2,4.39,False
3451,Legal,Female,32,Analyst,2015-06-01,5,PhD,3,41931.21,38,17,14,8,0,13,22,2,4.85,True
3452,Marketing,Female,40,Manager,2015-07-27,2,PhD,4,40429.84,42,21,15,8,50,4,68,3,1.06,False
3453,Marketing,Male,35,Executive,2016-01-16,0,MBA,3,27914.66,55,25,7,2,0,13,55,1,3.21,False
3454,HR,Female,39,Manager,2022-05-01,5,PhD,3,45522.99,59,25,7,5,75,11,15,2,1.68,True
3455,Legal,Male,36,Developer,2018-02-10,5,Bachelor,5,43053.78,44,20,16,5,50,12,80,0,3.05,False
3456,Legal,Female,24,Associate,2025-03-12,4,Bachelor,4,45966.73,55,22,12,3,75,3,45,2,1.15,False
3457,Marketing,Male,26,Executive,2025-09-17,10,Diploma,3,64724.62,46,17,8,6,75,4,35,1,1.92,False
3458,Sales,Female,31,Analyst,2016-11-14,7,Bachelor,5,57630.76,51,25,15,8,0,13,78,2,3.8,True
3459,Marketing,Male,33,Lead,2020-01-09,4,Diploma,2,36907.69,36,25,17,2,25,11,10,3,4.09,False
3460,IT,Female,27,Associate,2020-01-30,7,MBA,3,54208.6,43,23,17,8,50,3,18,2,3.43,False
3461,HR,Male,24,Developer,2017-12-02,1,PhD,3,31198.31,43,19,4,10,25,9,30,0,4.45,False
3462,Operations,Female,21,Lead,2023-07-11,10,Bachelor,2,64016.92,38,18,20,7,25,6,5,3,2.81,False
3463,Sales,Male,32,Executive,2015-09-19,5,Diploma,2,44097.43,36,16,13,10,100,6,27,2,2.91,False
3464,Operations,Male,34,Manager,2022-07-19,2,MBA,3,35497.91,51,25,4,0,50,14,68,2,3.16,False
3465,IT,Female,41,Executive,2023-05-30,3,Bachelor,4,44921.22,55,25,5,0,75,14,69,2,1.79,True
3466,Legal,Female,26,Executive,2018-10-23,9,Master,4,60705.58,36,17,8,0,100,6,40,2,1.41,True
3467,HR,Female,29,Executive,2020-03-15,2,Bachelor,3,40409.55,43,21,16,0,0,9,22,3,4.65,False
3468,Legal,Female,25,Manager,2019-04-22,4,Bachelor,3,40037.61,42,22,16,2,25,3,18,0,3.23,False
3469,Legal,Male,29,Executive,2022-06-20,10,PhD,2,58632.76,52,22,5,8,0,11,15,3,3.57,False
3470,Sales,Female,35,Developer,2025-06-09,1,PhD,4,28215.54,53,25,1,8,75,8,22,1,3.75,False
3471,IT,Male,32,Manager,2024-06-20,6,Diploma,3,51255.66,57,25,14,4,25,10,75,2,2.29,False
3472,Operations,Male,33,Manager,2016-01-20,6,PhD,4,51092.7,57,25,20,4,0,3,6,1,3.89,True
3473,IT,Female,31,Executive,2020-06-05,6,Master,4,50330.42,44,22,17,7,25,13,52,0,4.19,False
3474,Operations,Female,27,Associate,2020-10-05,6,MBA,3,55897.49,59,25,11,2,100,13,20,3,3.19,False
3475,Sales,Female,35,Lead,2024-03-19,2,Master,3,36202.49,45,24,8,2,50,8,68,2,4.02,False
3476,HR,Male,25,Manager,2015-09-23,1,MBA,3,31084.52,49,25,14,8,25,10,21,0,1.73,False
3477,Marketing,Female,35,Associate,2020-12-02,1,Master,3,35847.59,41,22,18,7,100,6,7,2,4.1,False
3478,Legal,Female,28,Executive,2018-08-13,3,Bachelor,3,41646.33,57,25,18,5,0,10,33,3,2.56,False
3479,Sales,Female,31,Manager,2021-03-12,8,MBA,4,60423.5,47,22,20,1,25,5,53,3,2.04,False
3480,HR,Female,24,Analyst,2023-01-29,4,Bachelor,3,40954.5,53,21,1,6,25,8,56,2,1.35,False
3481,Marketing,Female,21,Lead,2018-09-28,6,MBA,5,48057.87,37,16,6,5,100,11,79,0,2.27,False
3482,IT,Female,35,Manager,2024-09-22,3,Diploma,3,38277.59,49,25,19,10,50,5,29,2,1.37,False
3483,Legal,Female,42,Lead,2020-07-21,3,PhD,5,48594.3,58,25,9,3,50,5,80,3,3.86,False
3484,Marketing,Male,44,Lead,2025-03-14,7,Master,3,53165.28,41,21,2,6,75,5,28,2,1.99,True
3485,IT,Male,45,Developer,2023-10-30,6,MBA,3,52798.19,36,21,1,1,75,11,34,3,2.2,True
3486,Sales,Male,34,Lead,2024-06-21,1,PhD,2,32216.02,42,21,15,4,100,3,46,2,1.06,False
3487,Sales,Male,34,Developer,2019-02-24,0,Master,3,26649.45,38,18,18,6,50,11,37,1,3.52,False
3488,Marketing,Female,25,Lead,2019-02-15,5,PhD,3,39969.02,47,22,18,2,100,9,70,0,3.47,False
3489,Legal,Female,34,Lead,2017-05-07,1,PhD,4,38490.67,46,23,1,1,0,5,62,2,2.35,False
3490,HR,Male,33,Manager,2015-11-06,0,Bachelor,2,26547.2,37,12,14,9,100,5,12,0,3.53,False
3491,HR,Male,27,Executive,2024-06-11,6,Bachelor,3,42845.49,49,21,6,6,0,12,62,3,2.72,False
3492,Legal,Female,42,Developer,2024-08-25,3,Bachelor,4,47167.19,37,18,12,3,100,10,71,3,4.1,False
3493,Sales,Female,33,Lead,2015-09-30,4,Master,2,39886.44,49,22,6,7,25,3,12,1,4.68,True
3494,Finance,Male,28,Associate,2016-02-07,10,Diploma,3,61340.22,50,22,16,3,25,12,25,2,1.51,False
3495,IT,Female,21,Associate,2025-08-11,5,PhD,3,54873.91,40,20,17,6,50,8,48,2,2.02,False
3496,Operations,Female,46,Associate,2025-02-17,1,Bachelor,3,35025.13,59,25,15,2,75,11,38,2,4.34,False
3497,Operations,Female,35,Analyst,2017-08-20,4,PhD,3,43756.34,49,25,11,3,75,3,42,3,1.31,False
3498,Operations,Female,34,Associate,2017-11-02,8,Master,4,57452.82,57,25,13,10,100,8,60,2,3.75,True
3499,Marketing,Male,27,Manager,2026-03-09,9,Master,4,61507.34,52,25,0,7,75,12,44,3,3.61,False
3500,Finance,Female,33,Associate,2018-07-27,5,Diploma,2,40566.48,59,25,18,7,75,9,43,3,2.25,False
3501,IT,Male,32,Manager,2015-01-15,9,Diploma,4,62385.04,39,12,11,7,75,10,9,2,3.63,False
3502,Marketing,Female,32,Executive,2023-05-17,2,Diploma,3,40379.91,50,25,7,0,50,3,19,2,3.8,False
3503,Sales,Female,23,Associate,2019-06-16,10,Diploma,4,68104.34,37,17,2,3,25,5,59,3,4.5,False
3504,Operations,Female,29,Manager,2022-02-01,7,Bachelor,2,55661.24,38,15,7,2,50,8,22,3,1.68,False
3505,Finance,Male,32,Lead,2016-04-29,7,MBA,4,54832.53,52,23,9,8,0,9,42,2,1.92,False
3506,IT,Male,30,Lead,2022-05-20,8,MBA,3,48666.99,57,24,11,10,25,9,18,0,2.44,False
3507,Finance,Male,26,Analyst,2019-03-11,8,MBA,4,56599.28,42,19,4,6,25,5,69,2,4.76,False
3508,Marketing,Female,22,Executive,2016-05-10,1,PhD,4,40695.33,38,25,18,9,50,7,68,2,1.21,False
3509,Sales,Male,38,Lead,2018-05-14,10,PhD,3,64557.74,41,15,8,6,0,14,23,3,3.63,False
3510,Sales,Male,39,Analyst,2025-10-08,9,PhD,3,64733.4,54,25,11,1,25,3,35,3,1.49,False
3511,IT,Female,34,Developer,2025-10-16,2,Master,3,41250.99,56,25,12,6,0,14,41,2,3.48,False
3512,Sales,Male,31,Analyst,2020-10-31,2,Master,3,35111.8,59,25,14,3,25,12,5,0,3.46,True
3513,Finance,Male,28,Lead,2025-12-22,1,MBA,2,24218.03,43,17,20,7,100,13,52,0,3.31,False
3514,Finance,Male,24,Developer,2023-03-09,8,Bachelor,3,50770.37,37,15,6,1,50,11,29,1,2.75,False
3515,Operations,Female,26,Developer,2016-03-31,4,Master,3,44210.17,44,17,7,2,25,9,14,2,3.58,False
3516,Legal,Male,32,Manager,2022-02-11,0,MBA,4,32777.38,38,22,2,0,0,7,32,2,4.38,False
3517,Finance,Female,32,Associate,2017-12-19,5,MBA,3,50113.3,49,23,2,2,50,13,30,2,1.88,False
3518,Finance,Female,29,Developer,2018-05-01,3,Master,3,29893.83,50,23,20,4,25,7,24,0,4.58,False
3519,Sales,Female,26,Developer,2023-10-09,10,PhD,4,60036.09,48,18,13,6,0,5,54,0,1.49,False
3520,IT,Female,24,Developer,2018-06-03,6,PhD,3,52482.01,45,25,6,10,25,8,56,2,3.78,False
3521,Sales,Female,32,Associate,2015-05-11,1,MBA,4,36257.05,54,25,10,0,100,3,77,1,1.34,False
3522,Legal,Female,24,Manager,2021-11-26,9,MBA,3,53599.08,39,21,5,0,75,7,5,2,1.04,True
3523,Legal,Female,38,Lead,2021-07-25,6,Master,4,53161.12,52,25,20,3,50,7,78,3,1.94,False
3524,Operations,Male,34,Analyst,2016-12-30,8,Diploma,3,57814.37,38,23,14,10,75,11,18,3,2.69,False
3525,HR,Female,43,Associate,2019-12-05,0,Master,4,27250.6,35,22,2,2,100,3,50,0,3.83,False
3526,Legal,Female,34,Analyst,2021-02-18,4,Diploma,4,47646.42,59,25,20,6,0,12,37,1,1.35,False
3527,Marketing,Female,35,Lead,2022-10-03,7,Master,4,44835.99,47,25,12,5,25,11,79,0,4.13,False
3528,Legal,Male,33,Developer,2022-10-03,7,PhD,3,52662.73,57,25,16,0,75,8,39,1,3.54,False
3529,Marketing,Male,32,Lead,2016-06-13,4,PhD,3,43135.39,56,25,9,1,100,9,10,2,1.91,False
3530,Marketing,Male,35,Associate,2020-10-18,5,Bachelor,4,45539.66,42,24,19,4,25,3,17,1,4.08,False
3531,Finance,Male,30,Associate,2022-01-25,2,Master,3,33141.86,35,16,14,5,25,5,31,1,2.37,False
3532,Marketing,Male,42,Associate,2017-08-27,1,MBA,3,34111.05,47,20,17,7,50,7,66,1,1.67,False
3533,Finance,Female,34,Analyst,2023-09-17,9,PhD,4,58897.16,60,25,0,10,75,14,60,0,1.29,True
3534,Operations,Male,33,Executive,2020-02-29,0,Diploma,3,36677.27,45,25,5,7,0,5,43,3,4.98,False
3535,Operations,Female,21,Executive,2024-02-09,10,PhD,2,63341.37,55,25,17,7,50,11,19,3,1.38,False
3536,Finance,Male,23,Associate,2015-07-11,3,MBA,3,32758.63,59,25,13,9,75,7,40,0,4.29,False
3537,Operations,Male,31,Associate,2024-03-19,10,Bachelor,4,62027.04,55,25,9,3,50,9,67,3,4.81,False
3538,Finance,Female,31,Manager,2018-01-27,4,Diploma,4,45243.62,41,20,19,5,50,5,68,2,4.84,False
3539,IT,Male,28,Manager,2015-03-10,9,Diploma,4,57988.69,44,21,5,3,75,13,57,0,2.98,False
3540,Legal,Female,36,Developer,2015-03-29,9,Master,4,64113.41,47,16,11,1,75,4,56,2,1.02,False
3541,Operations,Male,29,Lead,2021-05-23,1,Bachelor,4,39487.52,40,17,4,8,100,13,46,2,1.23,False
3542,Operations,Male,31,Executive,2023-08-17,7,PhD,3,52981.51,59,25,2,8,0,4,13,0,3.34,False
3543,Marketing,Female,24,Analyst,2015-01-30,2,Bachelor,4,41620.22,55,25,6,10,0,5,45,1,2.6,False
3544,Sales,Female,25,Executive,2025-04-20,7,PhD,4,56842.48,50,25,13,3,75,8,50,3,2.35,True
3545,Finance,Female,29,Executive,2024-12-05,10,Bachelor,5,68127.99,47,25,4,7,25,14,78,3,4.68,False
3546,HR,Male,24,Executive,2020-05-03,10,Diploma,3,62348.87,35,23,16,3,75,10,11,3,3.88,False
3547,Marketing,Female,40,Associate,2023-10-31,0,MBA,3,31336.23,39,19,16,1,0,11,26,1,1.32,False
3548,IT,Female,25,Executive,2015-06-09,0,Bachelor,3,38471.76,56,25,20,4,25,9,33,3,2.61,False
3549,Marketing,Male,28,Lead,2021-11-22,4,PhD,4,51034.73,49,16,5,8,75,6,72,3,3.34,False
3550,IT,Female,34,Associate,2024-11-29,0,Master,2,24430.48,54,25,5,7,75,7,20,1,4.62,False
3551,Marketing,Female,30,Executive,2018-07-07,9,MBA,3,64658.56,58,20,15,5,50,13,11,3,2.85,False
3552,Legal,Male,34,Analyst,2015-07-11,0,Bachelor,2,26776.03,57,25,15,9,50,11,49,1,2.34,False
3553,Legal,Male,30,Executive,2018-10-23,10,MBA,3,48686.14,59,25,20,7,25,7,7,0,3.61,False
3554,Legal,Female,30,Analyst,2016-04-22,8,Master,3,46602.46,38,23,2,5,50,7,8,0,1.38,False
3555,Sales,Male,24,Manager,2017-02-04,6,Master,2,47656.6,42,24,5,2,75,9,11,3,3.72,False
3556,Finance,Male,36,Associate,2019-02-24,10,Bachelor,5,66958.89,59,25,11,3,25,5,77,1,2.59,False
3557,Operations,Female,37,Lead,2021-03-24,4,Bachelor,4,48187.18,51,19,16,1,0,10,51,2,2.67,False
3558,Operations,Female,30,Executive,2016-12-21,0,PhD,3,30843.42,53,25,11,4,25,13,49,2,2.97,False
3559,HR,Male,39,Manager,2019-04-01,8,Master,4,55973.16,40,21,9,1,50,3,55,1,1.67,True
3560,Legal,Female,33,Analyst,2020-12-21,4,Master,2,39705.83,45,22,0,3,75,10,33,1,1.48,False
3561,Sales,Female,34,Executive,2022-06-23,3,Bachelor,2,37737.97,50,25,18,8,75,14,17,2,3.34,True
3562,Legal,Female,25,Manager,2025-10-18,10,Master,4,63365.96,58,25,18,6,50,9,56,3,3.23,False
3563,Finance,Male,21,Analyst,2017-02-18,5,Master,3,44364.82,49,23,1,7,50,11,43,3,4.36,False
3564,Marketing,Male,36,Developer,2025-11-28,2,Bachelor,3,31603.15,41,21,5,3,0,7,13,0,3.61,False
3565,HR,Female,47,Executive,2019-10-31,1,Bachelor,2,19918.7,44,20,17,9,0,10,28,0,3.91,False
3566,IT,Male,27,Manager,2026-01-01,5,Bachelor,3,46815.2,50,22,16,4,100,14,18,3,1.97,False
3567,Sales,Male,31,Analyst,2017-07-10,5,PhD,3,50923.19,41,18,12,1,0,5,63,2,2.28,False
3568,HR,Female,35,Lead,2020-12-02,5,PhD,3,43170.46,53,25,16,7,0,11,55,3,2.16,False
3569,Finance,Female,39,Lead,2025-08-28,1,Master,3,34718.82,53,25,9,3,75,4,13,1,3.35,False
3570,HR,Female,32,Lead,2025-10-31,7,Master,3,57037.7,45,22,15,10,0,4,7,3,2.19,False
3571,Legal,Male,35,Manager,2024-09-08,6,PhD,3,46634.39,52,21,19,5,100,11,35,2,1.52,False
3572,Finance,Female,27,Analyst,2018-10-23,8,Diploma,2,56687.01,43,23,5,2,100,6,41,3,3.93,False
3573,IT,Female,29,Analyst,2015-12-09,4,PhD,3,43231.77,35,18,3,6,50,4,72,3,2.48,False
3574,Operations,Female,37,Associate,2018-10-13,9,Diploma,3,63243.36,60,25,17,2,25,7,15,3,2.64,False
3575,Finance,Male,33,Lead,2026-02-11,8,PhD,4,55524.78,39,25,8,2,50,5,75,1,4.31,True
3576,Legal,Male,21,Developer,2022-04-17,7,MBA,4,52853.28,38,25,5,7,25,5,62,0,4.45,False
3577,Marketing,Male,31,Executive,2016-07-08,7,Master,4,49699.11,46,23,19,5,50,8,66,2,1.25,False
3578,Sales,Male,42,Manager,2025-01-26,1,Diploma,4,34646.91,54,25,1,3,100,10,70,2,1.49,False
3579,HR,Male,31,Manager,2018-03-19,10,Bachelor,3,61837.28,44,24,9,8,0,12,42,0,1.26,False
3580,Legal,Female,33,Associate,2020-05-03,0,MBA,2,25610.53,35,19,7,10,75,3,27,0,3.32,False
3581,Sales,Male,21,Analyst,2026-03-04,4,Bachelor,2,46266.53,46,25,12,5,100,4,17,2,1.72,False
3582,Legal,Female,29,Associate,2025-10-15,10,MBA,4,63479.34,45,25,10,5,100,13,33,1,4.51,False
3583,Operations,Male,32,Developer,2024-08-26,3,Bachelor,3,36010.12,54,25,15,6,100,9,50,0,4.47,False
3584,Legal,Female,32,Analyst,2019-11-21,9,Master,4,54179.1,50,25,12,1,25,10,75,0,1.96,False
3585,Finance,Male,28,Developer,2021-02-27,5,MBA,5,48065.39,40,19,12,0,50,6,43,1,1.53,True
3586,IT,Female,29,Lead,2019-07-19,8,PhD,4,58498.17,44,20,1,5,50,12,71,0,1.61,False
3587,Operations,Female,22,Analyst,2019-02-24,8,Master,4,54604.01,55,25,8,7,0,5,61,1,3.37,False
3588,IT,Female,25,Associate,2018-07-28,8,Master,4,53588.43,46,25,8,0,0,13,44,3,2.03,False
3589,Legal,Male,29,Associate,2015-10-04,3,Master,3,33500.52,60,25,0,10,50,4,54,1,3.48,False
3590,Legal,Male,34,Developer,2016-04-12,5,MBA,4,49049.61,57,25,9,0,25,7,47,1,1.67,True
3591,Sales,Female,31,Developer,2019-12-13,7,MBA,3,51493.61,37,17,2,0,25,7,42,1,2.89,False
3592,IT,Male,35,Analyst,2020-07-13,3,Diploma,3,37069.88,52,24,4,4,50,6,29,1,4.84,False
3593,Operations,Female,38,Associate,2021-06-17,6,Bachelor,3,56639.79,42,22,13,2,0,13,61,3,1.05,False
3594,Finance,Male,28,Manager,2016-01-22,9,Bachelor,4,61345.21,37,16,14,4,50,11,59,3,1.03,False
3595,Operations,Female,28,Associate,2017-09-13,6,PhD,4,49207.96,50,22,12,6,100,11,26,0,1.66,False
3596,HR,Male,40,Analyst,2023-11-07,5,Master,5,48064.41,39,15,14,5,75,13,68,0,1.07,False
3597,HR,Female,25,Analyst,2015-07-06,1,Diploma,3,39011.38,42,19,15,1,0,10,68,2,1.29,False
3598,IT,Female,23,Associate,2025-04-29,10,Diploma,3,60817.0,46,22,20,10,50,7,25,3,1.13,False
3599,Marketing,Male,26,Manager,2021-07-05,0,Diploma,4,32606.26,50,14,19,4,25,13,78,1,3.1,False
3600,Finance,Male,22,Executive,2018-07-11,2,PhD,4,39921.11,39,16,10,0,0,3,71,3,4.09,False
3601,Finance,Female,23,Lead,2025-12-23,1,MBA,2,29161.62,53,25,11,5,50,13,27,0,4.68,False
3602,Finance,Female,24,Lead,2021-04-13,4,MBA,3,43294.43,60,25,19,10,0,9,19,3,1.52,False
3603,HR,Male,28,Lead,2024-11-15,7,Bachelor,4,52362.61,47,23,17,7,50,11,63,1,3.07,False
3604,HR,Male,34,Lead,2015-12-06,9,Diploma,3,55573.78,42,20,6,4,75,13,48,1,2.32,False
3605,Legal,Male,30,Developer,2016-01-03,0,Diploma,3,31421.14,43,16,6,7,50,3,47,1,1.39,False
3606,Finance,Female,26,Lead,2019-12-22,2,MBA,5,50013.99,47,17,16,0,25,5,71,3,1.86,False
3607,IT,Female,42,Executive,2022-06-24,6,Master,3,47592.61,60,25,20,1,50,10,23,0,3.78,False
3608,Operations,Female,29,Manager,2023-01-25,7,Diploma,3,53463.83,55,25,16,5,0,4,19,3,2.47,False
3609,Finance,Female,34,Associate,2015-10-03,8,Master,4,57920.4,35,9,16,3,75,5,80,1,1.92,False
3610,Finance,Male,34,Manager,2024-10-22,9,MBA,3,56429.72,53,25,18,6,25,12,67,0,3.01,False
3611,Legal,Male,29,Executive,2023-08-22,0,Bachelor,3,33432.99,42,25,20,8,100,3,22,3,2.27,False
3612,Legal,Male,34,Developer,2025-10-18,5,Diploma,3,40241.38,50,22,16,2,100,12,70,0,3.84,False
3613,HR,Male,32,Executive,2020-04-04,5,Bachelor,3,46095.58,42,23,1,7,0,14,27,1,3.82,False
3614,Finance,Female,28,Manager,2022-12-15,3,Bachelor,4,46531.12,47,22,14,6,0,8,57,2,4.43,False
3615,HR,Male,27,Manager,2021-04-21,10,MBA,3,60497.83,45,25,9,10,25,14,11,0,4.38,False
3616,HR,Male,31,Associate,2015-07-08,8,Diploma,4,60538.23,39,22,7,2,100,14,64,2,3.93,False
3617,Finance,Male,21,Developer,2015-07-02,8,Bachelor,3,56384.52,48,23,1,0,25,13,22,1,2.93,False
3618,IT,Female,31,Associate,2016-06-08,9,Master,3,51704.71,40,21,15,6,50,12,13,1,4.54,False
3619,Operations,Male,32,Analyst,2025-08-06,8,Bachelor,5,64055.16,35,11,18,9,25,13,72,2,3.02,False
3620,IT,Male,33,Lead,2015-11-23,0,Master,3,27838.57,51,25,0,7,0,12,45,1,1.64,False
3621,Sales,Male,33,Associate,2024-02-28,2,Master,4,41272.65,52,25,1,1,50,9,68,3,1.73,False
3622,Sales,Female,29,Analyst,2022-12-30,7,MBA,3,48095.99,53,25,2,6,75,7,16,0,1.25,True
3623,Marketing,Male,40,Associate,2025-05-11,6,Diploma,4,49958.8,45,24,8,10,75,8,68,2,2.19,False
3624,HR,Male,25,Analyst,2022-07-20,5,Master,4,49796.4,43,23,14,3,100,14,75,2,3.58,False
3625,HR,Male,26,Manager,2022-12-26,7,MBA,3,46885.2,35,17,1,10,100,4,46,1,4.07,False
3626,Operations,Female,31,Developer,2021-01-09,6,Master,2,47119.71,39,25,10,9,100,7,22,1,1.01,True
3627,Sales,Female,41,Executive,2017-03-11,6,MBA,3,50288.34,48,20,4,8,50,10,41,2,1.62,False
3628,Finance,Male,38,Lead,2016-10-28,9,MBA,3,57347.12,35,22,8,1,75,4,22,0,2.49,True
3629,Marketing,Male,38,Associate,2018-09-15,1,Master,3,39295.9,42,22,1,7,75,3,74,3,4.63,False
3630,Finance,Male,41,Associate,2015-03-09,0,Master,3,27961.34,57,25,11,2,0,8,31,0,3.9,False
3631,Sales,Female,26,Manager,2024-11-09,10,Diploma,4,62780.87,57,25,18,0,0,5,34,2,2.31,False
3632,Operations,Male,21,Executive,2025-01-04,1,MBA,5,35141.88,40,18,10,0,75,3,73,1,1.98,False
3633,Finance,Male,35,Associate,2017-12-09,0,Bachelor,3,25083.24,49,23,8,5,75,12,42,0,4.41,True
3634,Finance,Female,25,Manager,2019-06-04,5,MBA,4,46335.45,35,10,0,3,25,4,39,1,3.8,False
3635,Legal,Female,29,Manager,2023-09-23,0,Bachelor,4,34612.28,59,25,12,2,100,11,75,2,2.22,False
3636,Operations,Male,35,Executive,2019-02-03,5,MBA,3,36841.99,48,25,11,7,25,14,30,0,1.76,False
3637,Operations,Male,24,Executive,2022-07-03,10,PhD,5,62173.6,49,25,3,4,25,11,74,1,3.9,False
3638,HR,Female,29,Analyst,2024-08-28,3,MBA,3,39995.44,37,18,0,7,100,11,16,0,1.62,False
3639,Operations,Male,37,Developer,2023-09-15,3,Diploma,4,39852.87,48,25,0,2,0,13,74,0,1.48,False
3640,Legal,Male,38,Analyst,2025-10-02,3,Master,3,43258.69,47,24,5,9,100,14,69,3,4.76,False
3641,IT,Male,36,Executive,2022-07-16,1,Diploma,4,40224.64,57,24,19,1,50,14,74,3,2.33,False
3642,Finance,Female,39,Executive,2019-02-10,4,Master,4,51530.4,50,24,20,1,100,7,65,3,2.22,False
3643,Marketing,Female,28,Analyst,2017-08-21,6,MBA,3,45730.6,46,20,10,3,25,6,21,1,2.91,False
3644,Marketing,Female,30,Developer,2021-01-24,3,Diploma,3,36418.16,41,20,2,1,0,7,13,0,4.66,True
3645,Legal,Male,37,Executive,2023-09-18,9,Bachelor,3,64202.95,37,21,20,9,100,13,22,3,3.66,False
3646,HR,Female,37,Manager,2018-02-10,2,Master,3,39172.3,53,23,0,3,50,12,45,0,1.54,False
3647,Sales,Female,37,Associate,2016-10-17,2,PhD,4,37102.07,53,25,15,5,75,7,65,0,2.34,False
3648,Finance,Female,37,Manager,2019-11-24,6,Diploma,2,41665.35,52,25,11,4,100,5,18,1,1.17,False
3649,Operations,Female,44,Lead,2022-11-06,10,PhD,4,57474.43,59,25,16,7,100,12,57,0,3.36,False
3650,IT,Male,35,Associate,2019-11-28,5,Master,4,45961.78,42,22,11,9,25,14,73,3,4.68,True
3651,Legal,Male,25,Analyst,2024-03-30,6,Master,4,50452.09,48,24,13,7,50,7,68,0,4.1,False
3652,IT,Female,33,Analyst,2024-12-27,10,Diploma,5,62486.64,52,25,15,5,25,14,78,0,2.07,False
3653,IT,Female,28,Analyst,2021-08-16,5,MBA,4,47961.51,35,20,15,10,75,12,64,1,4.2,False
3654,Marketing,Female,26,Executive,2017-03-02,0,Master,3,26223.86,38,18,11,10,0,8,29,0,4.34,False
3655,HR,Male,38,Associate,2023-02-16,8,Master,4,63177.03,42,20,12,4,50,4,22,0,4.39,False
3656,Marketing,Female,42,Lead,2023-03-25,3,PhD,4,45988.03,44,25,4,10,75,13,22,2,4.97,False
3657,Finance,Female,34,Lead,2016-12-09,10,PhD,4,64459.11,35,20,1,1,25,6,76,3,4.38,False
3658,Marketing,Male,34,Executive,2020-03-24,3,Master,4,42690.48,49,25,3,5,50,5,8,1,3.54,False
3659,Marketing,Female,29,Developer,2023-07-30,9,Diploma,4,65293.9,45,25,5,4,0,9,23,3,2.4,False
3660,Finance,Female,28,Developer,2018-06-13,7,MBA,3,49515.07,54,23,3,6,0,12,47,1,2.18,False
3661,Legal,Female,21,Executive,2023-07-08,1,Bachelor,2,27872.48,46,25,8,1,75,10,7,1,3.04,False
3662,HR,Male,36,Developer,2024-05-27,5,MBA,3,47079.67,42,19,2,5,25,13,14,3,4.17,False
3663,Finance,Female,28,Manager,2025-08-04,1,Bachelor,4,38587.79,36,20,3,8,50,11,58,2,1.03,False
3664,Marketing,Male,35,Developer,2016-03-17,9,MBA,3,53358.37,46,25,11,3,100,12,65,0,2.13,False
3665,Operations,Female,34,Executive,2020-09-06,5,PhD,3,47932.16,36,21,7,1,75,4,26,3,1.1,True
3666,IT,Female,21,Lead,2023-03-04,4,MBA,3,42999.33,57,25,5,7,25,13,13,2,3.33,False
3667,Operations,Male,39,Analyst,2021-12-19,9,Diploma,4,55029.16,37,20,14,8,0,8,31,0,2.54,False
3668,IT,Male,33,Manager,2025-09-07,7,Master,4,51453.86,40,24,5,5,100,4,66,1,2.84,False
3669,Legal,Female,34,Associate,2015-02-22,10,PhD,4,58594.18,45,25,5,4,0,13,10,1,2.55,False
3670,HR,Male,23,Lead,2021-08-28,7,Diploma,4,56193.63,50,25,4,1,25,14,43,3,4.67,False
3671,Finance,Female,32,Associate,2015-12-20,4,Diploma,4,47817.88,54,25,12,3,75,4,69,2,4.53,False
3672,HR,Male,27,Executive,2026-03-31,10,Bachelor,3,55530.65,37,20,0,0,25,9,14,0,3.47,False
3673,HR,Female,31,Manager,2017-04-23,6,PhD,3,44210.19,52,22,9,10,25,7,18,0,2.53,False
3674,Legal,Female,43,Associate,2016-08-03,1,Master,3,29499.89,47,25,11,6,75,4,23,0,2.5,False
3675,IT,Female,25,Associate,2016-11-11,4,PhD,4,45029.41,45,22,9,9,100,11,54,2,2.48,False
3676,Sales,Male,21,Associate,2023-01-07,8,Bachelor,4,57944.14,44,25,6,9,0,14,45,1,4.2,True
3677,Operations,Female,31,Associate,2018-06-16,2,PhD,2,32487.55,55,18,9,8,0,4,38,0,4.59,True
3678,Legal,Male,31,Developer,2025-05-09,0,Master,3,31496.05,60,25,6,9,0,8,43,1,4.91,True
3679,Operations,Female,33,Manager,2016-02-17,5,PhD,4,48638.33,41,23,20,0,75,8,46,1,2.19,False
3680,Operations,Female,40,Analyst,2017-12-10,6,MBA,3,44623.54,48,21,8,7,100,7,22,0,1.45,False
3681,Finance,Male,27,Executive,2020-01-20,10,PhD,4,61344.85,54,25,2,2,75,13,41,1,2.88,False
3682,Sales,Female,34,Executive,2025-04-17,1,Diploma,3,35624.55,55,20,9,4,0,10,10,2,4.74,False
3683,IT,Female,24,Executive,2021-10-10,2,PhD,4,37829.5,47,25,4,6,100,7,60,3,3.13,False
3684,Marketing,Female,23,Associate,2021-08-13,0,MBA,3,26516.09,38,20,20,9,75,12,41,0,3.27,False
3685,Sales,Female,33,Executive,2019-11-11,1,MBA,3,33031.89,58,25,12,4,25,6,60,2,3.59,True
3686,Marketing,Male,36,Manager,2015-10-26,6,PhD,4,45973.42,49,22,18,8,25,4,66,3,3.84,False
3687,Finance,Male,29,Developer,2017-05-30,5,MBA,3,42232.88,50,24,12,2,25,5,44,0,2.3,True
3688,Sales,Female,24,Developer,2015-05-12,9,Master,5,49599.38,37,13,17,4,50,10,79,1,2.25,False
3689,Finance,Male,23,Executive,2015-10-10,8,Bachelor,4,53910.12,37,21,1,2,50,7,17,2,4.75,True
3690,Marketing,Male,28,Developer,2022-02-11,1,PhD,3,32778.42,56,25,0,2,75,6,46,3,2.89,True
3691,Finance,Female,30,Analyst,2015-03-18,5,Diploma,3,43949.1,53,25,2,0,50,13,17,2,1.3,True
3692,HR,Female,35,Analyst,2015-09-30,8,Master,3,50613.27,38,20,9,10,0,12,32,0,2.78,False
3693,Sales,Female,27,Executive,2025-08-23,5,Master,4,51170.27,60,25,1,9,25,3,65,1,3.46,False
3694,HR,Female,23,Executive,2018-09-30,3,MBA,5,49497.51,47,25,7,0,50,4,74,3,3.32,False
3695,Finance,Male,24,Developer,2025-06-04,8,PhD,5,59263.92,56,25,7,3,50,3,61,3,1.7,False
3696,Marketing,Male,21,Analyst,2026-01-28,1,Diploma,3,35071.18,54,25,2,0,0,13,20,3,1.41,False
3697,Sales,Male,27,Executive,2015-08-09,1,MBA,3,32290.34,40,19,2,3,50,8,36,1,1.27,False
3698,Operations,Female,30,Manager,2019-12-04,10,MBA,3,57049.91,47,25,8,2,0,14,35,0,1.97,False
3699,IT,Male,38,Associate,2020-11-04,2,Master,3,31533.33,52,25,18,6,75,11,10,1,3.02,False
3700,Operations,Male,39,Lead,2019-12-15,5,Diploma,3,43493.53,43,19,12,6,25,4,35,2,1.89,False
3701,IT,Male,37,Analyst,2020-12-21,4,Master,4,44703.17,39,21,4,2,0,6,49,3,2.65,False
3702,HR,Male,27,Manager,2017-05-15,7,Master,4,52975.87,54,25,9,4,0,8,22,0,4.21,False
3703,Legal,Female,30,Executive,2015-04-09,6,PhD,3,47723.37,60,25,7,3,100,4,55,2,1.31,False
3704,Operations,Male,35,Manager,2018-11-21,6,Master,3,47257.35,47,24,16,1,75,14,11,1,3.49,True
3705,Operations,Male,33,Associate,2015-02-20,7,Diploma,3,54893.43,54,25,20,10,0,6,53,3,3.56,True
3706,Finance,Male,38,Analyst,2017-04-04,6,Bachelor,3,42010.71,48,25,10,7,25,7,43,0,3.96,False
3707,Finance,Male,25,Lead,2018-06-13,6,Master,4,60523.53,48,25,19,8,0,12,73,3,4.76,False
3708,Finance,Male,34,Analyst,2015-07-10,2,MBA,4,42295.1,56,25,20,4,75,6,36,3,3.48,False
3709,Finance,Female,33,Associate,2024-02-05,9,Bachelor,4,59786.22,49,24,19,3,100,8,64,3,4.36,False
3710,HR,Female,31,Associate,2016-05-08,4,MBA,3,43885.18,38,18,14,7,75,11,19,0,1.37,False
3711,Legal,Female,33,Analyst,2021-06-28,3,Diploma,4,49032.0,40,21,8,0,75,9,65,2,1.85,False
3712,Sales,Female,24,Associate,2026-03-24,8,Master,4,53837.81,38,25,11,10,25,12,58,2,2.0,False
3713,Finance,Male,33,Developer,2018-05-27,7,Diploma,5,55794.81,35,25,7,8,75,5,75,0,3.22,True
3714,Legal,Male,29,Manager,2016-12-10,2,Master,2,31112.41,60,25,6,4,25,3,43,0,1.07,False
3715,IT,Male,29,Executive,2021-06-27,9,Master,4,62645.62,42,17,20,6,100,13,50,1,1.86,True
3716,Legal,Female,29,Associate,2023-12-04,0,Master,3,36602.18,60,25,4,6,50,11,67,2,3.68,True
3717,Operations,Male,43,Manager,2020-03-31,2,Master,3,32984.36,47,18,9,8,75,12,43,2,3.9,False
3718,Sales,Male,34,Lead,2024-12-03,7,Bachelor,5,54260.65,57,25,11,0,50,8,56,1,2.97,True
3719,Marketing,Male,34,Analyst,2022-12-14,10,Diploma,3,64809.08,44,20,8,9,25,6,24,2,2.53,False
3720,Marketing,Female,42,Manager,2015-08-11,8,MBA,3,54558.0,50,24,15,2,75,5,38,1,1.13,True
3721,Finance,Female,38,Associate,2025-09-05,9,Diploma,3,58880.26,40,21,11,8,0,6,60,2,2.66,False
3722,Sales,Male,38,Executive,2024-10-30,9,PhD,3,52166.86,36,12,9,7,100,11,29,0,4.94,False
3723,Operations,Male,26,Manager,2016-10-29,6,Bachelor,4,57692.95,38,23,4,10,25,3,47,3,3.92,False
3724,Legal,Female,30,Developer,2018-01-20,6,Master,3,47250.75,39,25,16,10,50,9,50,1,1.93,False
3725,HR,Male,31,Manager,2017-04-07,4,PhD,4,42813.84,50,25,2,8,75,11,65,0,1.17,True
3726,Marketing,Female,37,Manager,2025-03-22,3,PhD,3,35746.54,47,23,0,10,75,3,58,1,4.84,False
3727,Marketing,Female,40,Executive,2017-05-07,0,Master,3,29271.88,36,25,4,3,50,12,29,1,2.47,False
3728,IT,Female,35,Executive,2026-02-06,1,Bachelor,2,31338.45,50,25,5,5,25,5,25,1,4.6,False
3729,IT,Female,36,Manager,2017-01-07,7,Master,2,46890.33,44,22,7,8,25,14,20,2,3.67,True
3730,Marketing,Female,37,Lead,2024-01-07,3,Bachelor,4,38871.09,44,22,6,8,75,13,47,0,1.42,False
3731,IT,Male,34,Manager,2022-07-11,8,PhD,4,52634.5,57,25,1,4,50,12,50,1,4.29,False
3732,IT,Male,24,Analyst,2022-02-23,0,Master,3,30797.25,59,24,14,10,100,4,49,0,3.01,False
3733,Legal,Male,35,Lead,2021-02-27,10,Master,2,55195.81,42,18,0,1,50,6,5,0,4.29,True
3734,HR,Male,27,Associate,2017-08-18,2,Diploma,4,48964.41,55,25,5,9,25,3,12,3,4.03,False
3735,IT,Female,27,Lead,2021-06-26,7,Bachelor,3,54976.39,38,19,6,1,75,11,38,3,2.47,True
3736,Finance,Male,36,Associate,2016-10-29,5,Diploma,4,47511.5,39,13,19,2,100,5,79,1,2.21,False
3737,Finance,Male,26,Executive,2020-09-13,4,Bachelor,3,42133.06,59,25,3,8,25,8,29,3,2.72,False
3738,Operations,Male,35,Developer,2026-01-18,9,Master,4,60271.43,51,25,18,5,100,8,32,1,2.96,False
3739,Operations,Male,29,Associate,2017-08-12,8,MBA,5,63451.27,42,24,19,7,25,8,75,3,4.29,False
3740,HR,Male,31,Lead,2019-03-15,2,MBA,4,38728.58,40,24,8,9,75,10,60,1,2.21,False
3741,Legal,Female,29,Analyst,2022-02-09,9,MBA,4,55658.32,52,25,16,7,100,12,66,1,4.51,False
3742,Finance,Male,34,Lead,2017-01-18,1,Diploma,3,40705.05,43,25,5,10,0,4,45,3,1.18,True
3743,Operations,Female,30,Executive,2022-03-27,10,Master,4,61437.68,48,20,20,1,100,9,58,1,1.58,False
3744,HR,Male,30,Analyst,2016-08-13,3,Master,4,48273.51,39,20,3,0,100,8,64,2,2.95,False
3745,Marketing,Female,33,Developer,2022-07-28,10,Diploma,3,61362.42,48,18,14,5,75,14,8,2,2.74,False
3746,Marketing,Male,30,Analyst,2018-10-07,8,Bachelor,3,55992.77,41,17,19,2,100,11,24,3,1.84,True
3747,IT,Female,21,Associate,2025-12-02,5,PhD,3,41183.65,51,25,4,0,75,9,11,1,2.82,False
3748,IT,Female,28,Analyst,2020-03-31,10,Diploma,4,62140.6,45,21,0,3,50,8,64,0,2.47,False
3749,Marketing,Female,25,Executive,2022-02-21,1,Bachelor,4,35400.08,57,24,9,5,25,12,76,3,4.49,False
3750,Operations,Male,34,Developer,2015-07-09,0,PhD,3,31551.43,52,25,16,4,100,6,55,0,1.72,False
3751,Sales,Male,33,Executive,2026-01-25,7,Bachelor,3,48216.81,58,25,16,0,100,3,28,1,3.81,False
3752,Marketing,Female,35,Associate,2026-02-10,8,Diploma,4,52908.08,57,25,4,3,0,7,5,0,2.87,False
3753,HR,Male,35,Developer,2026-01-04,0,Diploma,4,31503.05,36,20,16,5,25,3,65,1,2.09,True
3754,HR,Male,37,Manager,2021-11-16,5,Master,3,46650.18,39,13,4,3,100,3,48,2,1.16,False
3755,HR,Male,32,Associate,2024-06-18,0,Master,2,34273.02,42,19,4,3,75,14,15,3,1.09,False
3756,Legal,Male,35,Lead,2020-10-15,5,Diploma,2,37626.72,49,25,12,5,0,12,28,0,3.42,True
3757,Finance,Female,33,Manager,2017-08-19,7,Bachelor,4,57040.43,45,25,14,8,0,14,77,2,4.56,False
3758,Sales,Male,30,Lead,2025-05-03,5,MBA,4,49239.8,56,25,4,8,0,7,73,2,3.08,False
3759,Sales,Male,21,Lead,2015-11-13,3,Diploma,3,39255.65,46,20,0,3,100,14,59,0,1.4,False
3760,HR,Male,32,Analyst,2015-09-10,8,MBA,3,53284.06,57,25,2,8,75,11,9,1,2.37,False
3761,Legal,Female,34,Analyst,2023-02-27,5,MBA,4,41494.32,48,25,5,2,25,3,42,2,1.84,False
3762,IT,Female,30,Manager,2021-10-27,10,Diploma,4,59990.34,52,25,6,6,50,14,67,0,3.91,False
3763,Finance,Male,30,Lead,2024-05-15,0,Diploma,2,22461.49,47,23,18,7,75,3,12,0,2.76,False
3764,HR,Male,32,Developer,2024-09-28,1,PhD,3,29721.73,58,25,16,2,25,3,69,1,1.49,False
3765,HR,Female,22,Executive,2021-01-03,4,PhD,3,44446.62,36,21,18,8,50,8,22,2,4.88,False
3766,Sales,Male,34,Lead,2018-11-15,2,MBA,3,34701.46,41,18,9,2,50,9,9,0,4.91,False
3767,Operations,Female,33,Associate,2025-06-10,1,MBA,3,31448.36,46,18,10,5,100,13,40,3,4.79,False
3768,Legal,Male,46,Executive,2024-10-01,7,Diploma,3,42728.31,55,22,7,1,25,11,8,0,2.29,False
3769,Sales,Female,26,Executive,2025-06-18,3,Diploma,3,35377.17,52,24,8,7,50,9,15,1,4.04,False
3770,Marketing,Female,24,Developer,2025-07-19,0,Master,3,18218.56,45,14,9,2,25,11,30,0,1.72,False
3771,Marketing,Male,47,Lead,2019-05-07,9,MBA,3,62210.84,44,21,19,10,0,3,8,2,2.59,False
3772,IT,Female,45,Developer,2023-02-20,7,Diploma,3,58248.66,59,25,11,0,50,3,29,0,2.32,False
3773,Finance,Female,32,Analyst,2015-01-26,8,MBA,4,59987.04,44,23,9,4,25,11,51,3,4.29,True
3774,Sales,Female,29,Executive,2022-12-05,5,Diploma,3,46900.83,45,20,6,7,100,12,7,2,3.77,False
3775,HR,Male,21,Lead,2020-05-05,0,Master,3,35576.59,46,22,14,0,25,13,10,1,2.72,False
3776,IT,Female,29,Associate,2025-12-28,4,Bachelor,3,42610.41,59,25,18,1,50,6,36,1,1.17,False
3777,Sales,Male,33,Executive,2023-02-06,2,Diploma,3,33794.6,59,25,16,6,25,10,37,1,3.6,False
3778,Legal,Female,34,Associate,2017-10-11,8,MBA,4,62539.0,42,16,0,10,50,8,58,2,2.43,False
3779,Finance,Female,42,Analyst,2018-07-12,7,MBA,3,50956.42,46,25,1,8,75,11,28,0,4.65,False
3780,Sales,Male,32,Associate,2026-03-08,3,PhD,4,37054.29,55,25,2,6,50,9,69,1,1.89,False
3781,Sales,Male,38,Executive,2021-05-17,4,Diploma,3,43471.67,38,24,0,8,50,14,21,3,3.54,False
3782,Finance,Female,28,Developer,2017-03-15,1,Master,2,32862.85,56,25,20,8,0,7,8,1,4.94,False
3783,IT,Male,40,Analyst,2023-05-16,4,MBA,4,41685.81,59,25,0,3,100,13,22,0,4.52,False
3784,HR,Male,25,Lead,2026-02-18,7,PhD,5,53536.43,54,25,8,3,0,5,79,1,1.32,False
3785,HR,Male,35,Analyst,2018-01-20,1,PhD,4,35964.37,58,23,18,3,25,12,32,0,2.24,False
3786,HR,Male,28,Lead,2019-04-14,8,Master,3,57639.3,54,25,15,3,100,7,65,3,4.41,False
3787,Sales,Male,34,Developer,2018-07-29,7,MBA,3,53389.2,46,17,20,9,50,10,30,2,4.19,False
3788,Operations,Female,35,Lead,2016-03-11,10,Bachelor,3,59068.96,38,16,10,1,75,9,33,1,4.99,False
3789,Sales,Female,33,Associate,2018-07-10,3,Master,2,34042.9,47,23,18,0,25,13,17,1,1.09,False
3790,Operations,Male,21,Executive,2019-05-04,3,PhD,4,38940.87,55,24,12,6,75,3,74,2,1.69,False
3791,Operations,Male,39,Executive,2024-11-11,7,MBA,5,53556.89,42,25,14,0,25,7,46,1,4.59,True
3792,Operations,Male,36,Manager,2018-11-03,7,Bachelor,3,51056.01,37,22,17,1,100,3,23,2,1.66,False
3793,Operations,Male,35,Executive,2021-05-30,4,Diploma,3,41514.27,35,10,3,10,25,5,50,2,2.95,True
3794,Legal,Female,29,Associate,2016-03-16,8,PhD,2,57508.63,43,20,4,10,25,4,11,3,1.01,False
3795,Marketing,Male,25,Associate,2017-09-19,8,PhD,3,58001.27,46,15,15,2,0,3,41,3,4.99,False
3796,HR,Male,29,Analyst,2023-01-02,5,Diploma,3,51370.42,40,23,10,8,50,10,51,3,1.97,True
3797,Legal,Female,22,Executive,2022-09-16,9,Master,4,58835.05,41,23,4,4,50,11,74,0,2.23,False
3798,Marketing,Female,25,Manager,2021-10-29,10,MBA,3,61637.26,51,25,10,5,100,13,7,0,1.34,False
3799,Legal,Male,37,Lead,2023-05-29,7,Bachelor,4,52149.52,44,24,17,3,100,7,41,0,4.13,False
3800,Sales,Male,21,Manager,2015-09-02,8,Bachelor,4,60354.53,52,25,20,1,0,5,25,3,2.7,True
3801,HR,Male,34,Associate,2015-02-24,9,MBA,3,64419.7,59,25,3,6,100,11,32,3,2.68,False
3802,Finance,Male,24,Developer,2026-02-17,1,Bachelor,4,35805.46,60,25,0,7,50,7,72,1,2.91,False
3803,Operations,Male,35,Analyst,2016-01-12,4,Diploma,3,37724.1,55,24,15,3,25,7,38,2,2.36,False
3804,Sales,Male,29,Associate,2016-03-19,6,Diploma,4,45310.65,49,24,3,1,25,6,75,0,2.11,True
3805,HR,Female,32,Associate,2018-02-23,2,Bachelor,3,38717.22,60,25,8,9,25,14,14,2,1.31,False
3806,Marketing,Male,23,Lead,2022-08-03,5,PhD,4,49021.37,44,17,1,4,100,5,25,2,2.11,True
3807,Marketing,Female,30,Developer,2021-04-01,3,PhD,3,37247.7,50,22,10,1,0,13,70,1,3.31,False
3808,HR,Male,38,Manager,2025-11-17,2,Diploma,4,35033.89,41,20,8,8,0,12,55,0,1.08,True
3809,Sales,Female,33,Associate,2020-06-22,3,Diploma,4,40044.75,50,25,12,6,25,8,70,0,1.56,False
3810,HR,Male,25,Executive,2020-11-28,1,PhD,4,44286.98,53,16,7,9,100,3,65,3,2.36,False
3811,IT,Female,36,Developer,2025-02-24,8,Bachelor,3,52894.97,41,23,16,3,0,11,56,1,3.39,True
3812,Legal,Female,26,Manager,2016-10-17,5,PhD,2,43099.79,50,25,13,2,100,10,10,2,4.09,False
3813,Finance,Male,38,Associate,2019-07-24,9,Master,3,63072.43,38,25,0,9,25,6,36,1,4.09,False
3814,Finance,Male,29,Executive,2019-04-05,10,Diploma,3,67784.48,50,21,20,6,50,6,36,3,2.0,False
3815,Sales,Male,33,Associate,2015-06-18,0,PhD,3,32737.02,49,24,0,1,0,9,13,2,3.45,True
3816,IT,Male,26,Executive,2016-08-03,8,Master,3,54230.54,36,18,18,3,0,14,51,2,1.88,True
3817,Sales,Male,37,Manager,2017-09-18,1,PhD,3,36454.42,50,24,4,0,25,10,18,3,2.3,False
3818,Finance,Male,38,Executive,2015-10-18,1,Bachelor,2,29897.06,58,25,15,9,75,8,32,2,3.22,False
3819,Operations,Female,32,Associate,2015-06-29,0,Diploma,4,35975.85,38,24,17,10,75,13,48,3,1.78,False
3820,Legal,Female,31,Associate,2024-09-27,9,PhD,4,56865.45,36,13,6,9,0,8,73,0,1.79,False
3821,IT,Female,21,Analyst,2021-06-25,5,Diploma,4,47976.96,40,16,11,0,0,3,29,0,2.45,False
3822,HR,Male,43,Manager,2015-01-02,2,Master,3,37467.71,43,17,9,4,75,12,24,1,3.3,True
3823,Sales,Male,29,Associate,2025-09-25,7,Master,4,57611.76,41,19,8,0,100,7,80,2,4.48,False
3824,Sales,Male,31,Associate,2016-04-15,8,Master,4,63152.1,49,22,10,10,75,9,67,2,3.95,True
3825,IT,Male,47,Analyst,2017-01-28,2,Diploma,3,37617.84,44,20,8,5,100,5,47,1,4.31,False
3826,Finance,Female,32,Manager,2026-03-20,10,Master,2,55985.45,50,25,17,3,0,3,21,0,2.78,False
3827,Operations,Male,22,Manager,2022-11-20,10,Bachelor,5,63373.77,36,25,15,5,0,9,63,1,4.1,False
3828,Sales,Male,30,Developer,2023-06-14,5,Master,3,42806.55,51,19,3,4,100,5,35,2,3.99,False
3829,Marketing,Male,36,Lead,2022-07-21,1,MBA,4,27340.47,52,25,10,5,0,12,46,0,1.87,True
3830,IT,Male,27,Analyst,2022-12-01,7,MBA,3,55480.32,35,16,2,0,0,10,10,3,3.41,False
3831,Sales,Male,27,Developer,2019-12-20,7,PhD,4,55538.47,35,16,16,6,0,4,64,3,2.26,False
3832,Legal,Male,23,Executive,2018-05-17,5,MBA,4,45840.72,37,23,9,0,50,11,12,0,4.69,False
3833,IT,Female,21,Manager,2020-10-02,8,Master,2,50872.88,60,25,15,0,100,13,18,2,3.4,False
3834,Finance,Female,29,Developer,2017-11-10,4,Diploma,4,48459.88,39,20,3,2,50,11,65,3,1.56,True
3835,Finance,Male,21,Analyst,2023-05-05,9,Bachelor,3,61676.63,40,17,0,10,25,9,74,2,4.54,False
3836,Sales,Female,45,Analyst,2016-01-13,5,Diploma,4,47121.86,52,25,6,9,25,14,59,0,1.59,True
3837,HR,Male,23,Lead,2019-10-16,0,Master,3,31422.33,50,22,12,0,0,11,21,1,1.78,False
3838,IT,Female,29,Associate,2015-10-25,3,MBA,2,37615.83,43,20,19,5,25,7,7,1,1.97,False
3839,Finance,Male,32,Associate,2017-09-23,8,Diploma,3,53945.42,58,25,20,7,100,13,20,1,3.07,True
3840,Finance,Male,33,Analyst,2015-03-01,4,PhD,3,45705.78,53,25,1,6,25,14,55,2,3.8,False
3841,Sales,Female,26,Lead,2015-11-19,7,MBA,3,57905.52,35,18,17,10,100,14,47,3,2.01,False
3842,Operations,Female,33,Analyst,2023-12-13,2,PhD,5,44399.63,56,25,17,2,25,3,76,2,1.99,False
3843,Legal,Male,36,Manager,2018-05-08,3,Bachelor,3,39285.13,38,18,10,8,0,10,8,1,2.08,False
3844,Legal,Female,24,Executive,2026-01-10,7,Master,5,61554.0,57,25,14,3,75,8,54,2,2.48,False
3845,Sales,Female,40,Developer,2025-04-14,9,Master,4,56020.0,60,25,10,1,50,6,38,1,2.75,False
3846,Finance,Male,30,Executive,2021-11-19,10,PhD,3,63455.54,48,25,5,2,75,12,8,3,2.71,False
3847,Marketing,Female,24,Executive,2025-11-06,0,PhD,4,28242.29,43,25,0,10,50,8,65,1,1.45,False
3848,Marketing,Female,24,Lead,2020-09-04,1,MBA,3,35824.26,36,16,5,10,0,9,41,3,3.98,False
3849,Legal,Male,23,Developer,2021-03-27,6,Diploma,4,49092.98,54,23,5,4,50,11,76,0,2.79,False
3850,Marketing,Male,40,Developer,2018-01-30,4,Diploma,3,46224.94,60,25,19,10,100,4,76,2,1.8,False
3851,Finance,Male,39,Executive,2020-05-12,10,PhD,3,60947.51,54,25,4,0,75,3,63,3,1.92,False
3852,Legal,Female,34,Analyst,2015-08-05,3,Diploma,3,42490.81,43,17,11,9,0,10,25,3,2.07,False
3853,Legal,Female,26,Analyst,2018-09-17,5,Diploma,4,51199.68,37,25,19,0,0,8,39,3,3.97,False
3854,HR,Male,45,Manager,2016-11-17,8,PhD,3,51942.48,44,16,7,8,100,9,27,0,4.71,False
3855,HR,Female,25,Executive,2017-11-08,7,MBA,3,52120.23,59,25,7,2,100,5,48,2,3.28,False
3856,Marketing,Male,26,Executive,2017-01-07,3,Master,3,40768.34,58,25,4,4,100,7,23,2,4.91,False
3857,HR,Female,35,Manager,2015-05-06,8,MBA,3,58769.89,38,9,0,5,100,13,57,3,3.1,False
3858,Marketing,Male,40,Developer,2022-11-12,0,PhD,3,30739.69,36,16,13,10,50,4,24,1,1.26,False
3859,IT,Male,21,Developer,2015-03-11,0,Master,2,26632.63,44,22,19,5,25,8,24,1,2.12,False
3860,Sales,Male,34,Lead,2017-12-12,3,Bachelor,3,45320.58,46,25,2,7,25,12,27,3,2.73,False
3861,Legal,Female,26,Lead,2017-04-13,8,Master,4,48436.84,36,13,0,1,0,12,37,1,4.9,False
3862,Legal,Male,23,Developer,2017-02-19,5,MBA,4,40701.85,36,14,3,1,50,8,42,0,1.2,True
3863,IT,Female,33,Analyst,2022-04-30,1,MBA,3,32893.57,58,24,5,10,0,11,44,2,2.4,False
3864,Operations,Male,28,Developer,2021-01-01,1,PhD,3,40460.07,36,23,1,2,75,13,7,3,1.21,False
3865,Finance,Male,32,Analyst,2020-10-21,0,Bachelor,3,28761.16,53,25,1,1,0,4,31,1,3.29,False
3866,Marketing,Female,21,Executive,2024-04-20,1,Master,3,27639.12,47,25,20,4,75,4,28,1,4.57,True
3867,Sales,Female,34,Associate,2015-12-26,9,Diploma,4,65394.82,58,25,2,0,50,3,24,3,3.58,False
3868,Legal,Female,38,Developer,2015-11-05,1,Diploma,3,38852.67,45,24,9,7,0,12,45,2,3.69,False
3869,Finance,Female,23,Manager,2020-11-17,4,PhD,4,45981.3,56,25,10,6,50,4,67,2,2.2,False
3870,Finance,Male,25,Lead,2026-02-09,9,Master,4,56338.09,42,24,3,0,50,11,57,3,4.23,False
3871,HR,Male,35,Analyst,2025-08-29,2,Bachelor,3,38487.15,46,19,5,0,50,8,63,1,3.2,False
3872,Legal,Male,39,Lead,2018-07-31,2,Bachelor,3,34646.48,49,22,7,10,25,8,70,2,1.55,False
3873,IT,Male,35,Developer,2019-07-15,4,MBA,3,41339.68,59,25,10,2,50,11,23,2,3.72,False
3874,IT,Female,39,Associate,2023-03-03,5,Bachelor,2,39050.21,54,25,17,3,75,6,17,0,4.18,False
3875,IT,Female,21,Associate,2022-11-17,4,Bachelor,3,42144.18,43,24,15,7,50,8,13,0,1.77,True
3876,IT,Male,24,Associate,2015-09-20,3,MBA,3,40078.98,39,18,16,7,100,14,10,1,2.12,False
3877,Operations,Male,33,Lead,2025-08-15,0,Bachelor,4,32649.21,50,25,18,1,100,11,76,0,1.83,True
3878,IT,Female,33,Executive,2025-10-01,10,Master,2,58778.54,58,25,8,9,0,10,20,2,1.94,False
3879,Operations,Male,30,Lead,2020-01-19,0,Bachelor,4,36066.35,42,25,7,2,100,7,68,3,2.02,False
3880,Sales,Male,25,Associate,2016-03-11,7,Master,3,51779.91,58,23,18,9,75,12,21,1,1.49,False
3881,Legal,Female,30,Manager,2024-12-05,10,PhD,4,58428.51,39,25,0,0,25,6,67,0,2.68,False
3882,Sales,Female,22,Lead,2020-09-21,5,Bachelor,4,49432.21,57,25,6,2,0,4,71,3,3.07,False
3883,Legal,Female,26,Lead,2018-09-27,0,Master,2,30629.62,49,25,3,4,25,9,9,3,4.31,False
3884,Operations,Female,21,Associate,2018-02-22,9,Diploma,4,64013.99,48,25,10,5,25,13,41,3,2.2,True
3885,IT,Male,21,Associate,2018-04-16,2,Master,4,41761.04,37,18,19,1,25,6,55,3,3.17,False
3886,Marketing,Female,31,Executive,2019-03-05,2,Diploma,3,32345.87,53,24,3,4,25,5,47,0,3.61,False
3887,IT,Female,37,Analyst,2018-07-12,2,Bachelor,4,37482.03,35,18,15,7,50,7,39,2,2.61,False
3888,IT,Male,27,Associate,2022-09-27,0,MBA,2,29210.36,50,21,9,9,0,8,8,0,2.26,False
3889,IT,Male,29,Associate,2021-02-16,5,PhD,4,45484.72,39,18,19,0,0,12,64,1,3.5,False
3890,IT,Female,41,Executive,2024-07-28,2,PhD,3,37333.85,52,25,7,10,75,5,29,3,4.87,False
3891,Marketing,Female,21,Executive,2016-07-23,7,MBA,4,52710.82,49,25,6,8,0,6,49,1,3.74,True
3892,HR,Male,24,Associate,2018-02-21,6,MBA,4,56748.88,46,25,8,8,0,13,65,3,2.62,False
3893,Marketing,Male,31,Lead,2022-01-07,2,MBA,2,31440.07,36,14,13,5,50,13,13,0,2.05,True
3894,Legal,Male,29,Developer,2017-05-11,10,Bachelor,4,64820.64,41,24,18,3,0,13,46,3,2.6,False
3895,Finance,Male,33,Developer,2024-02-26,3,MBA,2,30926.22,50,25,2,4,25,13,26,0,2.52,False
3896,Legal,Male,29,Executive,2020-02-18,4,MBA,4,42245.26,42,24,17,2,50,13,42,1,2.52,False
3897,Legal,Male,39,Associate,2015-05-30,4,MBA,4,48836.94,39,25,9,2,25,7,49,2,1.36,False
3898,HR,Female,32,Lead,2015-07-01,6,Master,4,52419.83,47,25,12,6,0,8,60,2,4.13,False
3899,Operations,Female,38,Executive,2021-10-01,10,Master,5,63940.15,59,25,5,8,100,7,68,1,4.03,False
3900,Operations,Male,31,Analyst,2021-05-23,5,Bachelor,5,55309.04,45,23,12,7,50,4,52,3,3.94,False
3901,Finance,Male,24,Executive,2023-11-12,9,Bachelor,3,54308.18,54,25,10,2,50,3,12,1,4.84,False
3902,Sales,Male,35,Manager,2025-08-07,7,PhD,5,56041.94,40,21,12,3,100,13,57,0,3.77,False
3903,Legal,Male,34,Developer,2017-06-02,2,Diploma,3,33558.88,40,25,17,6,50,14,37,3,1.12,False
3904,Marketing,Female,28,Manager,2023-03-03,4,Master,4,45341.38,48,25,15,9,0,12,73,1,2.93,False
3905,Sales,Female,23,Developer,2021-12-09,7,PhD,4,56257.26,56,25,12,6,25,14,52,3,3.39,False
3906,Operations,Female,22,Analyst,2018-12-29,3,PhD,3,36027.9,53,25,3,9,100,14,59,0,1.88,False
3907,Operations,Female,28,Manager,2018-05-03,7,Bachelor,3,50086.67,54,25,13,2,25,8,16,1,2.52,False
3908,Finance,Female,27,Executive,2024-02-14,5,Bachelor,3,39411.7,46,24,18,6,50,13,21,1,3.33,False
3909,IT,Male,30,Associate,2015-04-14,3,Master,3,45657.42,48,22,16,5,50,8,15,2,2.32,True
3910,Legal,Female,30,Lead,2022-01-31,4,Diploma,4,42697.38,58,21,17,4,75,13,59,2,3.28,False
3911,HR,Male,29,Manager,2025-09-06,4,Diploma,4,44525.22,43,14,5,7,0,9,50,1,4.05,True
3912,Finance,Female,25,Lead,2023-04-16,0,Master,3,31605.16,41,17,0,6,25,3,28,3,1.16,False
3913,HR,Male,37,Analyst,2019-01-15,5,MBA,4,53077.74,53,25,11,5,25,3,76,3,1.03,False
3914,Sales,Female,37,Executive,2016-03-04,10,Bachelor,5,60351.87,60,25,14,9,0,10,74,0,1.2,True
3915,Sales,Female,37,Associate,2016-11-21,6,MBA,4,59201.02,51,20,4,2,100,7,68,3,4.28,True
3916,Operations,Female,35,Lead,2015-12-09,10,Master,4,57528.54,45,23,0,2,0,9,45,1,2.75,False
3917,Finance,Female,33,Associate,2016-09-02,9,Master,4,59411.46,44,15,11,8,25,5,31,1,4.47,True
3918,Sales,Male,50,Manager,2018-09-26,1,PhD,3,32329.68,53,25,4,9,75,6,28,0,3.77,True
3919,Legal,Female,35,Manager,2025-03-06,5,MBA,3,42706.17,53,25,2,0,100,3,10,1,3.73,False
3920,Legal,Male,28,Executive,2023-05-22,10,Diploma,4,58557.19,49,22,18,0,75,10,13,1,3.0,False
3921,IT,Male,22,Manager,2025-07-24,4,MBA,5,43170.15,60,25,15,10,0,3,74,1,4.01,False
3922,Finance,Male,36,Executive,2016-06-06,8,Diploma,3,51131.19,54,25,5,8,25,6,38,0,2.25,False
3923,Sales,Male,30,Executive,2021-09-01,7,MBA,3,49051.14,55,25,6,6,50,14,19,0,1.18,False
3924,Operations,Female,28,Developer,2017-05-29,8,Master,3,52937.38,45,18,10,1,0,3,16,0,2.82,True
3925,IT,Female,32,Associate,2017-04-02,4,Diploma,3,44858.87,44,15,13,6,0,7,9,3,1.41,False
3926,IT,Male,25,Analyst,2016-10-22,7,Diploma,3,47807.05,56,25,5,2,100,8,53,1,2.96,False
3927,Legal,Male,26,Analyst,2022-05-03,6,Diploma,4,49912.52,47,25,2,2,0,8,13,1,2.29,False
3928,Sales,Male,25,Developer,2020-03-22,7,Bachelor,4,54408.64,39,18,19,6,100,13,78,0,1.53,False
3929,Finance,Male,27,Analyst,2019-11-16,2,Bachelor,2,38962.37,44,20,3,4,0,8,47,0,1.58,False
3930,Operations,Female,36,Lead,2015-07-22,6,Master,5,50948.95,42,20,11,8,75,5,58,0,2.85,False
3931,IT,Female,25,Developer,2021-03-24,5,PhD,3,52945.27,37,23,17,6,100,9,16,3,3.08,False
3932,Operations,Female,34,Analyst,2024-10-05,2,Diploma,3,35126.19,35,25,7,1,100,9,32,1,1.58,False
3933,Legal,Male,29,Lead,2023-06-23,10,Diploma,5,69505.22,37,15,2,8,75,14,77,3,4.77,False
3934,Operations,Female,21,Executive,2019-12-20,10,MBA,4,67505.96,56,24,8,0,50,9,60,2,2.45,False
3935,Marketing,Female,38,Associate,2018-07-09,7,PhD,3,51322.0,40,21,10,10,25,6,50,1,1.5,False
3936,Operations,Male,35,Manager,2016-01-07,9,MBA,3,55346.63,55,25,13,6,25,5,19,0,2.3,False
3937,IT,Male,26,Analyst,2018-08-12,1,PhD,4,45533.01,49,23,9,10,0,7,77,3,1.59,True
3938,Operations,Male,32,Developer,2018-05-17,0,Bachelor,4,31561.07,55,23,4,0,50,12,66,1,1.34,False
3939,IT,Male,25,Manager,2021-03-11,9,Bachelor,3,55053.72,43,20,15,4,25,9,77,2,3.98,False
3940,Operations,Male,36,Developer,2017-06-23,10,Diploma,2,57698.04,52,25,20,3,50,13,35,2,4.32,False
3941,Legal,Male,32,Lead,2025-05-20,4,MBA,5,49382.08,53,25,8,10,75,4,57,1,1.68,False
3942,Legal,Male,33,Associate,2017-03-01,6,PhD,3,48152.5,55,21,13,10,75,7,28,1,3.93,False
3943,IT,Female,25,Manager,2025-02-26,3,Master,3,45576.17,60,25,2,8,0,13,46,3,4.35,False
3944,IT,Female,30,Lead,2021-03-21,8,PhD,4,62136.47,53,23,16,3,75,13,5,2,1.12,False
3945,Legal,Male,28,Analyst,2023-04-04,2,MBA,4,42044.09,53,25,1,10,25,9,80,3,2.69,False
3946,Legal,Female,30,Associate,2023-01-18,9,Master,4,56658.68,37,17,14,5,100,8,64,0,4.82,False
3947,IT,Male,31,Lead,2015-05-12,3,Diploma,4,43215.23,54,25,3,3,0,6,50,1,1.13,False
3948,Legal,Female,21,Associate,2024-08-03,3,Master,2,35510.94,43,14,0,7,100,14,9,0,2.0,True
3949,Finance,Female,32,Manager,2019-12-02,0,Master,4,34924.69,56,25,5,0,50,6,55,0,3.48,False
3950,Marketing,Female,29,Manager,2021-07-27,1,MBA,5,40510.7,58,25,8,3,75,11,68,3,2.96,False
3951,HR,Female,26,Manager,2024-02-28,3,Bachelor,3,40695.13,53,25,11,7,75,14,35,2,2.25,True
3952,Operations,Female,41,Associate,2018-10-11,5,Bachelor,3,45043.18,58,25,2,7,100,6,72,3,3.39,False
3953,Sales,Female,41,Executive,2025-02-13,2,MBA,2,38581.13,51,25,14,5,100,3,27,3,4.48,True
3954,Sales,Female,22,Executive,2023-01-14,6,MBA,3,51735.92,40,17,8,9,25,4,32,3,1.18,False
3955,Legal,Female,26,Developer,2023-07-16,1,Diploma,3,38819.85,57,25,1,8,100,8,8,2,2.08,False
3956,HR,Male,36,Lead,2015-04-21,2,Bachelor,4,34644.04,57,25,6,4,25,14,68,0,2.35,False
3957,IT,Male,27,Analyst,2016-03-08,3,Bachelor,4,37200.42,42,25,7,7,25,3,68,0,2.87,False
3958,Operations,Female,30,Executive,2021-06-11,5,Diploma,4,47462.06,38,17,1,3,0,13,64,1,3.25,False
3959,Legal,Female,29,Associate,2016-09-14,1,Diploma,4,38831.1,55,24,7,6,0,10,42,1,3.26,False
3960,HR,Female,33,Executive,2021-08-02,1,Diploma,2,34721.94,54,25,14,6,50,11,21,3,1.16,False
3961,Marketing,Female,28,Associate,2023-02-24,1,Master,3,24981.38,38,20,13,6,100,14,22,0,1.39,False
3962,IT,Female,31,Analyst,2022-03-06,8,PhD,4,63356.52,45,25,13,6,50,5,26,2,4.32,False
3963,Finance,Male,30,Executive,2020-11-04,10,Bachelor,3,52055.57,45,25,13,10,0,4,28,1,1.62,False
3964,Marketing,Male,28,Developer,2023-12-03,10,Bachelor,3,59870.04,51,25,4,6,75,8,44,1,3.68,False
3965,Marketing,Female,32,Executive,2021-05-27,3,Bachelor,3,40054.62,60,25,18,5,50,12,50,1,1.84,False
3966,Finance,Male,28,Manager,2023-02-28,0,PhD,3,31628.4,38,25,4,6,25,3,40,2,3.1,False
3967,Operations,Male,23,Lead,2021-06-07,1,Diploma,4,31236.23,50,23,18,9,25,8,49,1,4.37,False
3968,IT,Female,30,Associate,2019-05-26,3,MBA,3,36380.29,46,21,20,10,0,13,70,0,4.87,False
3969,Finance,Male,25,Manager,2025-02-21,3,Diploma,2,33385.37,45,17,11,10,25,7,28,2,1.26,False
3970,Finance,Female,34,Developer,2024-10-05,4,PhD,3,41975.34,43,19,3,4,0,5,30,3,2.67,False
3971,HR,Female,30,Lead,2023-12-09,0,Master,3,38593.41,44,22,7,8,100,13,35,2,1.96,False
3972,Marketing,Male,29,Manager,2018-05-25,1,Bachelor,3,35668.08,42,18,2,9,0,6,54,3,2.87,False
3973,Marketing,Male,39,Analyst,2024-08-02,9,Bachelor,3,57961.78,54,25,13,8,0,11,15,2,3.75,False
3974,Marketing,Male,31,Lead,2017-10-18,10,Bachelor,3,57089.02,39,19,18,5,25,8,55,0,1.7,False
3975,Finance,Female,31,Lead,2019-08-15,7,Master,4,57798.85,48,17,17,4,75,10,61,3,1.56,False
3976,Operations,Male,39,Manager,2022-09-21,2,Bachelor,3,42532.73,46,23,12,7,100,10,13,2,3.81,False
3977,IT,Female,36,Executive,2024-08-21,3,Diploma,4,39703.87,47,18,16,3,75,13,27,0,4.38,False
3978,HR,Female,34,Developer,2017-04-18,8,MBA,3,56410.29,43,25,17,4,50,8,46,1,4.5,False
3979,Sales,Female,35,Analyst,2018-03-11,10,MBA,3,63663.4,49,25,1,10,50,5,42,1,2.84,False
3980,Sales,Female,30,Executive,2016-01-01,4,Master,4,46482.09,37,18,12,8,25,10,77,2,4.18,False
3981,Finance,Female,30,Developer,2017-10-02,10,Master,3,55661.84,43,24,20,10,75,14,28,1,2.11,False
3982,Legal,Male,22,Analyst,2025-02-11,7,Bachelor,3,50811.15,48,25,7,5,50,7,30,3,1.31,False
3983,Legal,Female,26,Executive,2020-11-05,4,Diploma,4,44495.95,48,25,6,7,0,12,56,2,2.74,False
3984,Finance,Female,27,Manager,2018-11-04,0,Bachelor,3,25175.79,40,24,12,1,0,4,24,0,2.0,True
3985,HR,Female,37,Executive,2016-10-19,6,Diploma,3,45814.49,59,25,19,4,75,9,36,0,4.9,True
3986,IT,Female,26,Executive,2022-03-06,3,PhD,3,40098.34,59,25,18,9,75,12,35,2,3.24,True
3987,Sales,Female,32,Developer,2022-09-06,2,Diploma,3,42813.15,52,25,0,1,50,8,50,3,3.65,True
3988,Operations,Male,33,Associate,2026-01-17,7,Bachelor,4,56582.03,47,22,10,4,100,11,72,2,1.05,False
3989,HR,Male,33,Associate,2024-10-30,6,MBA,4,50887.28,44,23,3,5,0,12,25,0,4.58,False
3990,Finance,Female,37,Associate,2023-08-07,2,Bachelor,3,36248.77,51,25,20,2,50,3,31,2,1.29,False
3991,Legal,Male,23,Lead,2016-11-26,2,MBA,3,32813.98,57,25,14,1,25,4,61,1,2.44,False
3992,Marketing,Female,40,Executive,2024-06-27,4,MBA,3,37396.69,56,22,11,7,25,4,77,2,2.54,False
3993,Marketing,Female,25,Lead,2020-03-21,9,PhD,4,63115.36,47,25,3,7,75,10,19,3,3.07,False
3994,Sales,Female,30,Lead,2023-06-20,10,PhD,4,58943.27,48,18,15,3,75,11,39,0,1.72,True
3995,HR,Male,34,Associate,2022-09-17,4,Diploma,4,42915.65,42,24,17,6,75,4,73,1,3.33,False
3996,Sales,Male,29,Developer,2021-01-26,6,Master,3,46159.26,58,25,4,7,25,5,36,0,2.81,False
3997,Legal,Male,24,Developer,2016-03-21,9,PhD,4,54165.03,42,21,10,3,100,6,59,1,4.25,False
3998,Sales,Male,21,Analyst,2018-01-23,1,MBA,4,35680.76,37,17,15,2,100,3,52,2,1.26,True
3999,HR,Female,30,Executive,2021-07-27,4,Master,3,38713.69,55,25,6,3,25,11,26,1,2.91,False
4000,HR,Female,40,Executive,2016-03-18,0,Diploma,3,34069.32,48,22,4,5,100,11,41,2,2.42,False
4001,Marketing,Female,39,Lead,2015-05-13,5,Master,4,45702.92,42,19,9,9,75,3,46,0,3.66,False
4002,Marketing,Female,21,Associate,2021-12-16,3,MBA,2,36149.35,49,25,20,8,100,3,7,1,1.6,False
4003,IT,Female,33,Analyst,2020-07-31,6,PhD,4,52187.65,58,25,12,0,0,10,36,1,4.13,False
4004,IT,Male,33,Developer,2025-06-18,10,MBA,4,61859.88,60,25,8,7,25,7,34,0,1.31,False
4005,Marketing,Male,24,Executive,2016-02-26,9,Diploma,3,57764.73,43,25,2,9,50,6,10,1,1.3,True
4006,IT,Female,24,Associate,2025-10-09,10,Master,3,59566.05,37,14,0,7,25,8,31,1,4.05,False
4007,IT,Male,27,Manager,2019-05-07,4,MBA,5,43304.61,38,15,7,7,75,12,80,1,3.97,False
4008,IT,Male,26,Manager,2026-02-18,2,Diploma,5,45345.0,36,23,4,0,75,4,78,1,4.78,True
4009,Finance,Female,28,Manager,2021-06-08,5,Master,4,42611.26,56,25,19,3,25,8,72,0,1.08,False
4010,HR,Female,26,Executive,2021-04-14,5,Master,3,43352.0,58,25,7,3,100,14,40,3,2.24,False
4011,Sales,Male,36,Developer,2015-07-20,6,Master,3,55587.87,43,24,16,1,0,12,17,3,2.73,False
4012,Sales,Male,27,Lead,2023-04-14,8,MBA,3,59378.42,49,20,3,9,0,7,30,3,1.36,False
4013,Sales,Female,27,Manager,2018-05-03,10,Master,4,66514.59,48,25,12,5,25,13,62,2,1.61,True
4014,Legal,Male,21,Manager,2022-08-11,10,Master,3,63378.55,45,23,12,6,0,9,32,3,1.03,False
4015,Marketing,Female,30,Executive,2018-12-23,3,Bachelor,3,36090.55,43,25,6,7,100,8,42,2,5.0,True
4016,HR,Male,27,Executive,2015-04-04,2,PhD,3,33728.25,43,23,11,2,25,9,8,1,4.8,True
4017,Operations,Female,21,Manager,2020-04-02,7,Diploma,4,53492.67,40,21,20,6,0,13,74,0,1.8,False
4018,Finance,Male,26,Lead,2024-01-31,5,Bachelor,4,50082.11,36,16,5,1,25,9,48,3,3.18,False
4019,IT,Female,30,Developer,2024-04-16,9,Diploma,3,56870.98,39,24,3,1,100,7,16,0,4.63,False
4020,Finance,Male,33,Lead,2024-10-28,5,Master,2,39418.13,53,21,4,6,25,9,31,2,1.07,False
4021,Finance,Male,40,Manager,2015-01-16,7,MBA,4,46787.26,53,25,0,8,100,13,58,1,4.99,True
4022,Operations,Male,47,Manager,2025-01-19,10,Master,3,59917.86,56,25,5,1,0,7,45,1,3.94,False
4023,Sales,Female,30,Executive,2015-12-13,3,Diploma,2,48616.88,58,25,6,7,100,12,14,3,4.21,False
4024,IT,Female,23,Developer,2023-12-04,4,MBA,3,41669.42,54,24,12,3,0,12,41,3,4.78,False
4025,HR,Male,31,Executive,2016-03-20,2,PhD,4,37225.4,41,25,12,9,50,11,78,1,4.54,False
4026,HR,Male,26,Associate,2023-05-17,3,Master,4,43806.86,48,25,17,4,25,10,43,3,1.17,False
4027,Legal,Male,31,Associate,2019-08-29,7,Bachelor,3,57746.14,39,25,18,10,50,4,14,3,3.25,False
4028,Operations,Male,36,Manager,2019-09-18,4,PhD,3,41764.36,43,25,8,6,50,9,32,3,3.36,False
4029,IT,Female,32,Lead,2025-06-26,8,Diploma,4,56296.51,47,25,12,8,50,6,56,2,3.17,False
4030,Legal,Male,32,Associate,2015-10-16,2,MBA,3,38879.75,48,25,20,8,50,11,24,3,3.97,False
4031,Marketing,Female,30,Manager,2017-07-06,3,MBA,3,35786.78,36,15,10,3,50,11,40,1,2.61,False
4032,Legal,Male,25,Associate,2020-03-21,4,Diploma,5,44260.23,56,25,10,4,100,9,37,1,2.93,False
4033,IT,Female,24,Manager,2020-01-24,10,Bachelor,5,67925.46,45,22,17,8,0,7,69,2,3.18,True
4034,Finance,Male,24,Associate,2021-08-29,8,Diploma,4,59607.99,41,22,16,8,100,4,77,1,2.8,False
4035,Finance,Female,35,Manager,2015-06-26,8,PhD,4,64279.57,52,25,14,7,0,3,27,2,2.47,False
4036,Finance,Male,29,Manager,2015-05-27,4,PhD,2,35420.35,59,25,12,10,100,12,5,0,4.6,False
4037,Finance,Male,34,Associate,2017-12-06,0,Diploma,3,24852.47,48,25,20,9,25,12,74,0,3.17,False
4038,Finance,Male,28,Manager,2017-07-15,1,Master,4,33627.78,36,13,13,6,25,10,46,0,4.61,False
4039,Marketing,Male,29,Analyst,2023-10-14,1,MBA,5,39854.72,41,22,20,1,75,5,67,2,3.87,False
4040,Sales,Male,33,Manager,2021-11-06,1,Diploma,4,36842.68,39,21,14,1,0,14,36,1,3.03,False
4041,Legal,Female,31,Manager,2020-10-20,5,PhD,4,44233.19,57,22,2,10,100,13,78,0,2.64,False
4042,Marketing,Female,24,Manager,2021-09-17,6,MBA,3,48178.55,42,18,19,10,0,5,29,3,3.41,False
4043,Operations,Female,25,Lead,2025-12-10,8,Bachelor,4,54339.69,58,25,14,9,50,5,36,2,1.1,False
4044,HR,Male,32,Executive,2021-01-01,3,Diploma,3,36806.34,41,25,16,8,25,6,37,2,3.77,True
4045,Marketing,Male,21,Associate,2015-07-12,4,Bachelor,3,43089.55,40,22,17,9,50,13,18,3,1.4,False
4046,Marketing,Female,36,Analyst,2024-03-24,6,MBA,3,44382.98,40,24,3,4,75,14,22,2,1.17,True
4047,IT,Male,33,Associate,2023-11-06,8,Master,3,56351.9,47,24,13,4,25,7,22,3,1.6,False
4048,HR,Male,31,Manager,2021-04-27,1,Master,4,34229.55,52,25,4,2,25,3,21,3,3.08,False
4049,Legal,Female,36,Executive,2018-07-22,3,MBA,4,42618.95,49,21,18,1,50,13,76,0,1.76,False
4050,IT,Male,30,Lead,2023-02-10,3,Bachelor,3,45566.97,54,24,19,8,25,11,32,3,2.33,False
4051,Operations,Female,37,Lead,2023-06-29,8,MBA,3,60382.26,51,25,10,2,100,4,16,3,1.92,False
4052,Finance,Female,35,Associate,2021-01-26,10,MBA,4,59205.27,35,14,4,6,50,11,34,0,4.32,False
4053,Operations,Female,29,Analyst,2025-06-09,8,Master,3,50479.82,47,25,19,4,0,13,22,0,4.8,False
4054,Marketing,Male,26,Executive,2019-08-14,0,Bachelor,4,33372.55,60,25,8,3,25,8,63,2,3.75,False
4055,Operations,Male,32,Lead,2015-01-30,3,Bachelor,4,44271.13,47,19,14,4,100,4,76,3,3.26,False
4056,Sales,Female,30,Analyst,2023-04-09,8,MBA,3,54981.75,59,22,14,7,75,11,50,2,2.12,False
4057,HR,Female,28,Developer,2018-08-11,3,PhD,4,45027.39,35,21,10,10,75,12,76,3,1.8,False
4058,Legal,Female,31,Lead,2017-06-17,9,Bachelor,4,52039.46,60,25,19,5,25,7,12,0,4.24,False
4059,Operations,Female,26,Lead,2021-12-10,10,MBA,4,64419.03,54,21,1,2,0,13,39,2,3.86,False
4060,Operations,Male,42,Manager,2018-09-05,5,MBA,4,50940.47,41,14,3,2,0,3,58,2,4.99,False
4061,Operations,Male,30,Executive,2020-05-09,2,Master,4,38961.32,43,21,3,7,0,7,36,3,1.22,False
4062,Operations,Male,39,Lead,2025-06-06,8,Master,4,58048.28,35,21,11,6,50,12,51,1,4.32,False
4063,Finance,Female,35,Lead,2017-06-27,2,Diploma,4,45276.72,60,25,4,10,0,4,45,2,3.54,False
4064,Finance,Male,42,Executive,2015-12-31,7,PhD,4,54181.17,40,21,9,6,100,7,47,2,4.47,False
4065,Finance,Male,33,Developer,2024-04-08,2,Bachelor,3,38934.22,44,21,9,2,75,6,67,2,1.98,False
4066,Marketing,Male,24,Associate,2015-07-19,1,PhD,3,31618.76,48,25,12,8,75,11,20,2,3.18,False
4067,IT,Male,33,Analyst,2023-10-16,4,Bachelor,3,40801.29,53,19,6,9,50,13,31,1,3.36,False
4068,Finance,Female,38,Associate,2021-10-24,5,Diploma,3,44919.27,51,23,6,3,0,12,6,0,4.11,False
4069,Operations,Female,22,Manager,2019-12-19,5,Diploma,5,47497.36,46,25,3,0,75,13,78,1,1.92,False
4070,Marketing,Female,33,Manager,2022-03-01,1,Diploma,4,37824.6,46,23,0,8,75,8,44,3,1.1,True
4071,Legal,Female,42,Manager,2023-02-14,3,MBA,4,39770.38,54,25,2,8,0,12,48,1,2.34,True
4072,HR,Male,36,Developer,2023-10-24,0,PhD,4,32716.81,45,20,10,4,0,13,79,3,4.58,False
4073,Marketing,Female,40,Lead,2021-06-06,5,Bachelor,3,48838.58,49,25,10,5,100,8,51,2,1.36,False
4074,Operations,Female,30,Lead,2015-01-25,2,MBA,3,35665.76,43,15,20,8,75,10,45,3,2.32,False
4075,HR,Female,25,Analyst,2020-07-25,9,Bachelor,5,63667.59,48,25,19,3,100,3,67,2,2.09,False
4076,IT,Male,33,Executive,2017-04-11,6,Bachelor,4,46053.63,48,25,12,7,0,10,39,2,1.58,False
4077,Sales,Male,31,Lead,2017-07-02,4,MBA,4,45338.04,43,25,1,1,25,10,63,3,2.03,True
4078,Finance,Male,37,Executive,2023-01-20,3,MBA,3,39130.75,47,25,19,5,0,10,15,1,2.15,False
4079,Sales,Female,31,Lead,2020-03-30,9,Master,4,60418.17,49,25,13,0,50,14,72,1,4.06,False
4080,Finance,Female,27,Associate,2019-09-16,2,MBA,2,34173.39,49,23,17,10,75,13,22,2,4.46,False
4081,Sales,Female,34,Manager,2022-02-09,8,Diploma,2,46424.7,40,17,14,0,0,4,5,0,3.36,False
4082,Marketing,Female,36,Manager,2020-07-05,4,Master,2,41435.44,56,25,2,7,25,7,11,1,3.97,False
4083,Operations,Female,21,Manager,2017-10-16,10,MBA,4,71627.29,50,25,12,7,25,11,55,3,2.95,False
4084,Finance,Male,22,Executive,2020-12-07,2,Master,4,33761.53,38,19,9,8,75,12,62,1,2.54,False
4085,Operations,Male,35,Manager,2017-06-01,9,MBA,3,55817.72,48,25,1,6,75,11,64,0,1.99,True
4086,Legal,Male,38,Associate,2025-12-04,1,MBA,4,34759.51,55,25,4,9,25,4,75,0,3.73,False
4087,Finance,Female,27,Associate,2025-04-03,3,MBA,3,35396.44,48,25,15,9,50,14,44,1,4.64,False
4088,Legal,Male,21,Manager,2018-09-11,4,MBA,4,47730.14,56,25,14,7,75,6,57,2,2.88,False
4089,HR,Female,21,Associate,2026-03-16,1,MBA,4,35152.89,36,19,15,10,100,13,73,3,1.68,False
4090,HR,Male,31,Executive,2017-09-12,0,Diploma,4,28238.14,55,25,19,7,75,12,36,0,1.57,False
4091,Sales,Female,25,Analyst,2017-12-02,1,Master,3,31733.55,60,25,6,8,0,3,49,0,2.64,False
4092,HR,Female,38,Developer,2019-02-03,7,MBA,2,45402.36,41,25,14,3,100,8,25,1,4.19,False
4093,Sales,Female,29,Manager,2015-12-24,0,Diploma,3,26293.13,40,25,11,4,0,11,50,1,3.06,False
4094,Legal,Female,26,Associate,2021-10-04,6,Bachelor,2,46470.99,38,21,1,2,25,10,6,1,1.49,False
4095,Finance,Male,27,Associate,2016-07-03,9,Bachelor,2,55188.65,35,11,10,8,0,8,20,3,4.61,False
4096,Operations,Female,23,Analyst,2025-12-30,7,Diploma,4,45989.29,36,12,16,2,25,6,79,0,2.21,True
4097,Marketing,Male,29,Executive,2017-11-14,2,MBA,4,37827.75,40,20,0,5,0,6,69,2,4.66,False
4098,IT,Female,32,Associate,2026-01-04,8,Diploma,4,51646.75,53,25,18,10,50,8,33,3,3.85,False
4099,Sales,Female,21,Manager,2024-05-23,7,MBA,3,50190.96,59,25,8,4,0,7,12,2,1.4,True
4100,Sales,Male,35,Manager,2017-04-15,2,MBA,3,33393.28,43,25,3,3,100,5,8,2,4.09,False
4101,IT,Male,34,Associate,2016-12-03,0,Diploma,4,30540.05,53,25,16,6,50,12,52,1,4.73,False
4102,HR,Female,28,Analyst,2015-10-03,9,Master,4,57190.03,39,12,0,3,100,6,37,1,3.09,False
4103,IT,Male,21,Manager,2020-05-24,3,Diploma,2,31963.39,59,25,1,6,25,3,14,0,2.28,False
4104,Marketing,Female,29,Lead,2015-07-29,3,Diploma,3,40554.26,49,21,1,1,75,7,18,0,3.81,False
4105,Operations,Male,29,Associate,2018-10-29,1,PhD,3,28928.02,57,25,10,1,25,12,23,1,2.73,False
4106,Legal,Female,29,Manager,2018-10-15,3,PhD,3,36005.26,53,25,9,9,25,6,70,1,3.69,False
4107,HR,Male,32,Executive,2022-02-03,6,MBA,3,52588.27,35,22,11,9,75,13,17,2,2.33,False
4108,Finance,Female,38,Lead,2020-09-03,8,Bachelor,4,55566.7,50,25,20,8,0,14,66,2,2.45,False
4109,IT,Male,23,Associate,2020-05-27,7,PhD,5,54101.25,40,15,4,4,50,14,73,1,4.53,False
4110,Sales,Male,23,Developer,2022-04-27,7,MBA,4,59563.44,53,25,7,5,50,14,38,3,4.21,False
4111,Marketing,Male,35,Lead,2017-01-21,4,Bachelor,3,43822.31,56,25,16,7,75,13,13,3,2.53,False
4112,Marketing,Female,35,Analyst,2026-02-13,8,Bachelor,4,63917.09,35,12,8,4,75,9,5,3,3.99,False
4113,Finance,Female,30,Lead,2019-03-19,3,Bachelor,3,40364.2,41,16,10,9,50,12,70,1,4.18,False
4114,Legal,Female,27,Associate,2017-02-15,7,Bachelor,5,56483.18,48,23,1,8,0,4,79,1,4.97,False
4115,IT,Female,36,Developer,2019-11-30,5,Master,3,45732.81,55,25,5,5,25,7,16,1,2.94,False
4116,Finance,Male,32,Executive,2024-12-22,4,Bachelor,2,38969.88,55,25,7,5,100,7,9,1,1.65,False
4117,HR,Male,27,Lead,2022-07-14,0,Master,3,28123.56,39,23,2,7,25,5,55,2,2.23,False
4118,IT,Male,26,Analyst,2017-04-22,5,PhD,4,41211.04,51,22,4,9,75,5,70,0,3.57,False
4119,HR,Male,30,Executive,2015-01-05,5,Bachelor,3,44685.08,39,11,17,1,100,4,39,0,4.07,False
4120,HR,Female,35,Associate,2016-10-20,5,Master,4,52868.45,53,25,12,8,50,10,68,3,2.25,False
4121,Operations,Female,40,Associate,2022-04-06,5,Master,3,41031.77,40,19,0,9,50,8,56,1,2.34,False
4122,Finance,Male,33,Analyst,2017-08-25,1,Bachelor,4,34897.89,56,25,11,1,0,8,52,0,2.02,False
4123,Operations,Male,30,Developer,2016-10-06,8,Diploma,5,58587.58,43,24,12,6,0,8,60,3,2.52,False
4124,Legal,Female,26,Executive,2015-10-27,8,MBA,4,52762.4,48,18,1,7,50,6,43,1,4.52,False
4125,Marketing,Female,30,Associate,2024-11-18,6,MBA,3,56021.37,51,25,12,2,75,3,73,2,3.69,False
4126,HR,Female,25,Manager,2020-07-23,7,Diploma,3,54850.13,55,25,9,7,0,9,48,3,4.05,True
4127,Marketing,Male,38,Developer,2022-12-13,1,MBA,4,38281.24,54,25,4,9,50,12,76,1,4.63,False
4128,Operations,Female,25,Executive,2024-10-08,4,PhD,3,45016.86,44,17,2,4,25,14,28,2,2.33,True
4129,HR,Female,30,Associate,2021-10-10,8,Bachelor,3,58723.79,51,25,17,2,0,9,40,3,3.41,False
4130,IT,Male,35,Developer,2019-06-09,10,Bachelor,4,61090.13,39,21,17,2,100,9,76,0,2.02,False
4131,Sales,Male,37,Associate,2022-10-13,1,PhD,4,33975.03,39,16,19,3,100,11,71,0,3.33,False
4132,Legal,Male,27,Lead,2022-01-24,4,MBA,3,46335.44,38,19,18,3,50,12,28,1,3.81,False
4133,Operations,Male,42,Executive,2016-06-20,10,MBA,4,66729.31,52,25,12,8,50,13,70,3,2.79,False
4134,HR,Male,21,Lead,2025-12-17,1,Bachelor,3,32509.04,40,21,10,6,100,3,24,1,3.53,False
4135,IT,Male,23,Developer,2021-02-12,5,Bachelor,3,52928.04,53,25,6,9,100,8,19,3,2.22,False
4136,HR,Female,27,Executive,2017-03-10,10,Diploma,4,59253.96,42,12,15,9,25,13,16,1,1.92,False
4137,Legal,Male,35,Associate,2022-08-12,7,MBA,3,51943.73,60,25,1,0,75,12,39,0,3.2,False
4138,Legal,Male,30,Associate,2018-01-28,8,Bachelor,4,59601.07,54,25,4,1,75,4,69,1,3.07,False
4139,Sales,Male,36,Developer,2025-12-18,9,MBA,3,55286.59,60,25,17,2,100,3,17,1,1.07,False
4140,IT,Female,29,Lead,2022-04-03,6,MBA,4,51881.32,43,20,12,5,75,3,47,1,2.83,False
4141,Marketing,Male,35,Analyst,2019-04-19,7,Diploma,3,48800.47,57,25,15,3,0,4,78,0,1.01,False
4142,HR,Female,36,Manager,2023-09-02,6,PhD,3,48908.98,51,23,12,9,0,10,48,3,2.04,False
4143,Operations,Male,36,Associate,2018-11-25,8,MBA,2,57444.07,46,24,7,9,0,10,9,1,2.88,False
4144,Finance,Male,36,Associate,2017-05-13,3,MBA,4,47062.5,49,24,6,7,100,11,49,2,1.45,False
4145,Sales,Male,41,Analyst,2020-12-09,5,Bachelor,4,50682.29,46,22,3,2,0,9,69,3,2.13,True
4146,Finance,Male,26,Executive,2019-05-29,6,Master,3,45570.26,60,25,17,3,50,3,14,1,3.48,False
4147,Legal,Male,33,Analyst,2023-04-08,1,Bachelor,2,33910.29,51,25,14,1,75,7,5,2,3.81,True
4148,Legal,Female,21,Associate,2026-01-26,9,Diploma,4,64311.37,49,16,19,9,25,12,16,3,2.41,True
4149,Operations,Male,25,Manager,2024-12-22,2,PhD,3,34183.55,48,25,17,5,100,8,75,3,3.19,False
4150,Legal,Male,43,Executive,2020-05-09,2,Bachelor,4,37096.08,46,25,11,9,25,11,33,3,2.3,False
4151,Operations,Male,36,Manager,2016-02-20,8,Diploma,3,54888.26,58,25,12,8,100,3,79,0,1.55,False
4152,HR,Female,35,Executive,2017-11-21,1,Diploma,3,34606.76,55,23,10,4,0,5,18,3,2.54,False
4153,Finance,Male,33,Developer,2017-03-19,9,Diploma,4,62196.79,41,19,3,6,75,11,48,3,4.78,False
4154,IT,Male,30,Associate,2015-02-26,8,Master,4,49110.85,49,25,9,5,0,9,78,0,1.99,False
4155,HR,Male,27,Analyst,2015-10-19,6,MBA,3,47627.03,60,25,17,9,25,14,17,2,1.17,False
4156,Legal,Female,34,Lead,2019-01-28,7,Bachelor,3,46154.64,56,25,3,7,0,13,48,2,3.73,False
4157,HR,Female,35,Executive,2017-02-05,7,MBA,4,57151.37,45,22,14,4,0,12,5,3,3.11,False
4158,Sales,Female,21,Executive,2019-05-06,2,Diploma,4,38668.24,56,25,0,4,100,5,57,2,1.23,False
4159,Operations,Male,24,Developer,2020-01-18,3,Bachelor,4,43018.41,59,21,12,2,0,13,38,2,4.3,False
4160,Sales,Female,34,Executive,2021-04-25,7,Bachelor,3,53560.38,58,25,15,5,50,14,60,2,1.7,False
4161,Marketing,Male,25,Associate,2021-08-09,3,MBA,5,43332.5,40,16,18,2,75,11,71,1,1.96,True
4162,Marketing,Female,30,Lead,2018-07-07,7,MBA,4,48822.45,36,11,2,6,100,11,66,2,4.97,False
4163,IT,Male,41,Lead,2021-12-15,1,PhD,4,35657.32,60,25,12,2,0,14,59,1,1.02,False
4164,Finance,Female,39,Manager,2023-03-28,3,PhD,2,33551.96,42,25,9,4,0,7,27,1,2.78,False
4165,Operations,Male,29,Lead,2018-09-25,6,PhD,3,54656.77,60,25,1,0,100,6,39,3,4.35,True
4166,IT,Male,25,Manager,2022-05-04,3,Bachelor,4,50707.53,48,25,16,6,0,10,60,2,1.65,True
4167,HR,Male,37,Lead,2023-04-28,3,PhD,4,44421.15,60,25,5,9,50,6,77,2,3.99,False
4168,Finance,Female,42,Analyst,2025-11-06,1,Bachelor,4,34445.04,39,22,14,9,100,10,40,0,4.09,False
4169,Marketing,Male,27,Manager,2021-09-11,6,Master,3,46275.77,48,24,2,1,0,7,39,1,2.51,False
4170,Operations,Male,36,Associate,2016-07-24,6,Diploma,3,48239.62,41,16,20,10,0,13,40,0,4.49,False
4171,Legal,Female,27,Executive,2021-01-14,4,Master,2,38136.19,52,22,9,9,100,4,11,0,3.03,False
4172,Finance,Female,27,Associate,2020-06-11,7,Master,4,56923.16,39,22,19,10,100,3,73,3,4.3,False
4173,IT,Male,34,Manager,2015-10-15,0,Bachelor,3,30238.44,35,21,19,8,0,6,18,0,1.57,False
4174,IT,Male,34,Developer,2018-06-17,6,Master,3,54906.76,54,22,19,3,75,5,15,3,3.35,False
4175,HR,Male,31,Analyst,2019-07-27,6,Diploma,3,49386.1,55,19,13,8,50,14,22,2,4.1,False
4176,Operations,Female,26,Analyst,2019-08-02,3,Diploma,3,37361.66,46,25,18,10,0,13,30,3,1.38,True
4177,Finance,Male,21,Associate,2023-08-12,4,Master,3,37596.6,60,25,16,7,50,11,20,0,1.24,False
4178,Operations,Female,49,Lead,2017-12-30,5,MBA,3,44123.5,58,25,3,8,50,9,49,1,3.54,False
4179,Legal,Male,31,Associate,2020-02-07,8,PhD,3,55839.82,40,19,8,7,25,3,52,2,4.02,False
4180,Sales,Female,35,Associate,2020-04-10,3,MBA,3,41810.35,35,20,2,10,25,13,57,2,4.06,False
4181,Marketing,Male,41,Associate,2022-06-23,8,PhD,2,51951.92,60,25,8,7,100,5,21,2,3.62,False
4182,Operations,Male,28,Executive,2024-09-18,3,Bachelor,4,41894.97,47,19,4,9,100,5,76,3,1.11,False
4183,Sales,Male,30,Lead,2019-06-01,3,PhD,4,41069.13,35,19,20,3,0,14,45,1,4.73,True
4184,Marketing,Male,28,Analyst,2015-02-15,4,Bachelor,4,44906.14,36,16,13,1,25,10,52,2,1.61,False
4185,Legal,Male,21,Manager,2024-05-28,1,PhD,3,36301.78,48,19,5,1,0,9,46,2,4.74,False
4186,HR,Female,24,Analyst,2025-06-26,4,Master,2,33127.57,48,17,2,1,50,13,18,0,1.59,False
4187,Operations,Male,33,Manager,2025-06-04,2,Diploma,3,42032.7,41,23,5,9,25,8,43,1,2.48,False
4188,Legal,Female,30,Lead,2023-03-31,3,MBA,3,37620.78,42,18,15,5,50,10,21,3,3.47,True
4189,Sales,Female,34,Developer,2017-08-22,8,MBA,4,61085.78,39,17,6,1,25,13,59,3,2.38,False
4190,Sales,Male,30,Associate,2022-06-28,4,PhD,5,47904.77,59,25,19,3,100,4,80,1,2.7,False
4191,Operations,Male,36,Executive,2023-10-15,8,PhD,3,62095.2,55,25,15,5,50,12,11,3,1.5,False
4192,Operations,Female,29,Analyst,2022-09-19,0,Bachelor,3,25211.1,47,19,5,10,25,8,13,1,2.12,False
4193,Operations,Female,31,Manager,2024-08-10,1,MBA,4,36051.3,38,15,15,9,50,12,65,1,3.2,False
4194,Operations,Female,39,Developer,2018-12-08,2,Diploma,2,27375.12,57,25,16,2,75,4,47,0,3.39,False
4195,Finance,Male,31,Analyst,2020-01-21,3,PhD,3,39700.11,38,15,11,4,75,12,69,0,2.23,False
4196,Finance,Female,44,Associate,2023-06-27,10,Bachelor,3,61999.21,41,25,7,9,50,13,26,1,2.09,True
4197,Sales,Male,22,Developer,2022-10-28,10,Master,3,58366.19,40,12,17,6,0,10,20,1,2.44,True
4198,HR,Female,26,Manager,2025-12-01,6,MBA,4,47502.32,45,23,15,7,75,10,52,2,3.59,False
4199,HR,Female,28,Lead,2022-05-12,8,Diploma,4,68761.65,54,24,18,8,50,14,74,3,2.14,False
4200,Sales,Male,30,Associate,2020-10-07,5,PhD,4,48159.57,42,16,8,10,50,10,50,1,2.68,False
4201,Finance,Male,42,Associate,2019-10-15,5,Diploma,4,49813.24,47,21,15,4,25,8,62,3,4.35,False
4202,Sales,Male,37,Lead,2022-04-23,0,MBA,4,31508.88,49,21,13,10,25,5,73,1,4.99,True
4203,HR,Male,33,Developer,2024-02-06,8,MBA,3,48669.32,46,23,16,0,75,7,37,0,1.62,False
4204,IT,Male,33,Executive,2019-11-20,1,Bachelor,3,33001.79,37,19,12,4,0,14,19,2,3.29,False
4205,Legal,Male,23,Associate,2022-04-16,7,MBA,4,55346.98,40,20,16,3,0,13,67,3,2.59,True
4206,Legal,Male,32,Associate,2017-04-07,0,PhD,4,35862.56,39,25,13,7,0,13,54,3,1.77,False
4207,HR,Male,42,Developer,2022-01-04,0,PhD,3,31966.54,44,22,2,2,100,14,40,3,1.7,False
4208,Sales,Male,27,Manager,2023-08-30,3,MBA,3,38548.65,55,25,5,5,100,7,40,2,3.84,False
4209,IT,Male,27,Analyst,2016-01-04,10,Diploma,3,53468.66,41,21,14,6,0,6,14,0,3.54,False
4210,Legal,Female,32,Lead,2023-11-07,7,Bachelor,4,58800.18,47,25,9,8,0,14,74,2,1.4,False
4211,Marketing,Male,38,Associate,2024-12-23,0,Master,4,30204.53,54,25,19,6,0,6,63,1,1.03,True
4212,Legal,Male,41,Developer,2017-05-04,6,Master,5,55774.62,59,25,3,5,0,9,76,2,2.65,False
4213,Operations,Male,39,Lead,2020-06-20,3,Diploma,3,32343.78,49,24,9,3,75,5,14,1,2.03,False
4214,IT,Female,28,Manager,2022-05-09,0,PhD,3,33316.54,38,19,1,3,25,14,49,2,4.33,False
4215,Finance,Female,45,Associate,2016-08-02,7,MBA,3,46531.08,35,15,0,6,100,6,39,0,1.97,False
4216,Sales,Male,25,Analyst,2019-01-11,6,Diploma,3,47577.5,41,18,0,5,0,7,35,1,3.13,False
4217,Finance,Female,27,Lead,2022-04-29,5,Bachelor,3,46466.39,52,25,3,1,50,10,19,0,3.32,True
4218,Sales,Female,33,Executive,2025-12-03,0,MBA,4,30111.07,56,25,12,2,25,7,55,0,1.88,False
4219,IT,Male,25,Lead,2015-01-31,8,Diploma,2,52495.57,38,19,8,9,100,11,7,1,3.25,True
4220,IT,Male,35,Associate,2015-07-26,1,PhD,4,38323.73,60,25,15,4,100,10,69,3,4.89,False
4221,Sales,Female,42,Analyst,2022-12-26,10,MBA,3,63917.07,44,21,17,0,50,13,23,2,4.04,False
4222,HR,Female,32,Associate,2024-07-17,1,Bachelor,4,38398.9,57,25,14,1,50,5,35,3,4.43,False
4223,Finance,Female,21,Associate,2020-06-09,7,MBA,3,50039.2,59,25,16,0,50,4,34,3,4.01,False
4224,HR,Female,31,Manager,2015-07-02,9,PhD,5,65778.89,55,25,14,0,100,6,65,2,4.9,True
4225,Marketing,Female,34,Developer,2019-10-25,8,Diploma,4,62210.28,60,25,4,8,75,9,64,3,3.89,False
4226,Legal,Female,32,Lead,2021-01-23,2,Bachelor,5,39676.96,46,24,9,5,100,8,77,2,1.05,False
4227,Marketing,Female,29,Manager,2025-11-28,6,PhD,3,46663.76,50,25,19,1,75,8,51,1,3.89,False
4228,IT,Male,31,Analyst,2021-12-17,9,MBA,4,57343.9,36,15,14,0,0,8,62,3,2.9,True
4229,Legal,Male,24,Analyst,2023-07-24,10,PhD,4,56226.17,58,23,3,8,50,6,72,0,4.72,False
4230,Legal,Male,32,Analyst,2022-04-29,6,PhD,3,52180.28,50,25,19,1,0,9,13,3,4.45,False
4231,HR,Male,30,Analyst,2020-06-28,1,Master,3,35434.87,46,25,19,4,75,8,19,3,2.24,False
4232,Marketing,Male,27,Lead,2015-07-22,7,Master,3,53776.62,38,17,7,3,75,10,26,3,3.57,False
4233,HR,Female,43,Executive,2020-03-27,3,PhD,3,35303.31,40,19,9,1,100,14,23,0,4.77,False
4234,Legal,Female,27,Manager,2022-10-16,6,MBA,3,50077.26,47,24,14,7,0,5,41,2,2.5,False
4235,Sales,Male,37,Executive,2026-01-13,10,Master,5,62035.84,56,25,16,10,75,4,26,0,1.04,False
4236,Finance,Female,35,Developer,2016-07-01,6,MBA,3,38879.75,36,22,11,5,25,12,18,0,1.49,False
4237,Operations,Male,39,Executive,2015-03-11,1,PhD,3,26889.31,50,25,18,2,0,7,13,0,3.18,False
4238,Operations,Male,21,Executive,2019-06-11,0,Bachelor,3,30161.28,46,19,6,9,25,9,65,0,3.0,False
4239,Sales,Female,30,Analyst,2021-10-29,7,Master,3,45523.4,55,25,15,2,75,7,37,1,1.73,False
4240,IT,Female,23,Manager,2019-10-26,4,Bachelor,4,47515.79,35,12,19,10,75,13,34,2,3.52,False
4241,Sales,Female,32,Executive,2019-05-13,5,Diploma,4,53412.83,57,25,17,3,50,8,29,3,4.45,False
4242,Legal,Female,32,Executive,2018-01-19,2,Bachelor,4,46007.53,48,25,7,3,25,13,60,3,1.97,False
4243,Marketing,Male,27,Analyst,2025-06-05,5,Diploma,5,46625.16,59,25,3,7,75,13,38,0,1.25,False
4244,HR,Male,43,Associate,2024-02-10,8,Bachelor,2,50387.28,39,16,1,5,50,8,22,1,4.51,False
4245,IT,Female,37,Lead,2026-03-23,3,MBA,2,35247.57,50,25,5,5,100,12,33,1,3.19,False
4246,Legal,Female,28,Executive,2019-10-26,0,Master,4,31553.86,45,25,3,6,25,8,56,1,1.78,False
4247,IT,Female,46,Manager,2022-09-01,2,MBA,4,36779.12,48,24,11,9,100,10,60,1,3.93,True
4248,Finance,Female,28,Developer,2017-07-30,8,PhD,5,59541.45,41,19,11,8,75,14,80,3,1.82,False
4249,Operations,Female,29,Manager,2020-09-18,1,PhD,3,36534.82,54,25,14,0,25,3,32,1,3.47,False
4250,Finance,Male,38,Manager,2019-05-08,0,PhD,3,35887.34,53,23,17,4,75,6,22,3,2.94,False
4251,HR,Female,27,Developer,2024-11-28,1,MBA,3,35011.8,46,14,7,0,100,11,9,3,2.85,False
4252,Operations,Male,31,Manager,2016-07-30,3,MBA,2,35445.7,50,23,8,1,75,3,12,2,2.25,False
4253,Marketing,Female,32,Manager,2016-09-12,9,PhD,3,58218.25,51,25,9,4,50,8,10,0,4.78,False
4254,Operations,Female,40,Manager,2022-06-04,5,Master,4,49385.89,35,12,1,1,50,5,77,3,2.23,True
4255,Operations,Male,23,Developer,2023-05-12,6,PhD,3,49171.28,53,25,17,2,50,7,45,2,2.48,False
4256,Operations,Male,29,Analyst,2015-07-23,9,Master,3,62495.19,45,23,17,9,25,6,29,1,3.15,False
4257,Legal,Female,37,Developer,2020-11-23,4,Diploma,5,50559.54,58,25,16,8,50,6,77,2,2.54,False
4258,Legal,Female,29,Executive,2017-03-22,8,PhD,4,58926.13,39,24,14,2,25,14,22,2,2.67,False
4259,Operations,Male,31,Lead,2018-10-08,2,MBA,2,33108.8,55,25,16,5,25,14,33,2,1.43,False
4260,Sales,Male,35,Analyst,2020-10-27,0,Bachelor,3,30764.35,50,25,13,0,100,10,27,3,1.98,False
4261,Operations,Male,29,Developer,2015-08-20,6,Bachelor,3,47326.55,43,21,3,10,75,14,6,0,4.71,True
4262,Operations,Male,28,Developer,2024-06-18,9,Master,5,57576.76,39,21,0,8,25,13,75,0,3.4,False
4263,Marketing,Female,25,Developer,2020-02-10,2,Master,2,27761.23,59,25,7,0,75,4,38,1,2.01,True
4264,IT,Male,36,Associate,2017-07-22,8,Bachelor,4,51010.06,46,25,1,4,75,11,61,0,1.65,True
4265,HR,Male,35,Analyst,2015-04-18,3,PhD,4,37800.99,39,16,14,6,0,3,80,1,1.45,False
4266,Finance,Male,30,Lead,2015-07-31,2,Master,3,38987.18,48,22,20,6,50,6,30,3,1.61,False
4267,Legal,Male,31,Developer,2024-07-16,7,Bachelor,4,47970.82,35,11,9,9,50,12,76,0,2.05,True
4268,Sales,Female,24,Associate,2024-03-15,7,MBA,4,54577.18,45,25,11,3,75,3,10,1,3.83,False
4269,Sales,Female,36,Associate,2023-04-04,4,Master,4,44092.16,39,22,14,7,0,3,74,0,4.61,False
4270,Sales,Male,28,Lead,2024-12-01,6,Master,2,47296.26,56,25,10,10,25,5,9,2,4.56,False
4271,Operations,Male,32,Analyst,2019-05-11,1,Diploma,4,41744.71,42,20,13,1,75,7,57,3,2.01,True
4272,IT,Female,34,Lead,2018-10-07,4,Master,3,41663.5,36,22,16,2,50,6,11,1,4.53,False
4273,HR,Female,35,Developer,2017-10-14,3,PhD,4,42284.92,48,19,10,4,0,11,64,2,1.9,False
4274,Sales,Male,47,Manager,2024-12-14,9,MBA,2,57645.49,60,25,4,9,100,12,19,2,2.76,False
4275,Legal,Female,34,Associate,2019-09-23,10,Master,4,64476.98,54,25,8,6,75,7,23,0,2.92,False
4276,Marketing,Female,21,Lead,2022-11-27,3,Diploma,3,39513.07,43,23,17,7,75,8,51,1,1.59,False
4277,HR,Female,33,Associate,2021-03-27,10,MBA,3,58397.13,59,25,8,6,0,13,21,0,3.92,False
4278,Sales,Female,35,Executive,2021-04-15,0,Master,3,30485.74,53,23,20,7,100,14,30,0,4.69,True
4279,Operations,Female,22,Manager,2017-04-05,8,Master,3,46671.41,41,19,11,7,100,4,9,1,4.85,True
4280,Finance,Female,27,Associate,2016-12-28,10,PhD,3,53843.11,35,16,7,7,25,6,22,0,2.25,False
4281,Operations,Male,32,Manager,2017-12-08,9,Diploma,5,70094.2,51,24,16,10,100,9,78,3,3.45,False
4282,IT,Male,34,Lead,2017-09-06,9,Diploma,4,63818.34,58,25,11,8,0,9,59,3,2.36,False
4283,Legal,Female,26,Executive,2022-11-24,7,Diploma,3,57523.65,39,19,17,8,25,3,42,3,4.55,False
4284,Finance,Female,32,Manager,2016-09-01,9,MBA,3,56997.17,51,21,4,7,50,13,34,2,2.39,False
4285,Operations,Male,33,Analyst,2023-06-22,7,Diploma,3,43189.1,45,24,13,8,100,9,6,0,3.19,False
4286,IT,Male,37,Developer,2023-03-16,3,Master,3,43793.9,38,20,5,2,50,12,37,2,3.4,False
4287,Legal,Male,39,Developer,2016-02-06,4,Diploma,3,40439.0,42,20,8,1,100,4,22,2,4.83,False
4288,Operations,Female,32,Executive,2021-05-24,8,MBA,3,50682.93,57,25,5,9,0,4,26,0,4.42,False
4289,Marketing,Female,39,Lead,2018-03-10,10,MBA,4,64171.91,48,25,5,1,0,11,51,3,3.79,True
4290,Legal,Female,28,Developer,2019-01-02,1,Master,4,35557.0,42,14,9,10,75,12,68,1,2.83,False
4291,Marketing,Male,28,Lead,2015-03-14,3,Bachelor,3,37251.98,51,25,16,8,0,6,43,1,1.63,False
4292,Marketing,Female,31,Lead,2022-05-31,10,Diploma,4,64727.5,59,25,14,3,50,8,41,2,1.24,True
4293,Legal,Male,25,Developer,2019-01-10,3,PhD,4,40963.67,60,25,1,9,25,7,53,1,4.66,False
4294,IT,Female,30,Lead,2020-05-08,5,Diploma,3,43766.69,36,23,3,4,0,13,7,1,2.66,False
4295,HR,Male,32,Developer,2020-09-09,9,Diploma,4,60382.88,51,21,17,3,0,10,43,0,2.97,True
4296,Marketing,Male,38,Manager,2016-01-03,8,Diploma,3,49141.05,53,25,7,7,0,7,48,1,4.25,False
4297,Operations,Male,33,Developer,2016-09-30,3,Diploma,4,46315.03,46,18,6,8,25,12,48,3,3.88,False
4298,Sales,Female,35,Manager,2019-02-26,7,MBA,4,58151.17,54,24,10,1,50,14,54,1,4.43,False
4299,Sales,Female,35,Executive,2022-03-07,5,Master,2,45357.24,44,22,9,4,75,13,24,3,1.43,False
4300,Operations,Male,22,Executive,2023-07-14,3,Bachelor,4,42093.35,52,25,15,5,0,4,78,0,4.67,False
4301,HR,Male,30,Executive,2023-08-08,2,MBA,3,38846.45,41,21,19,3,75,5,51,3,2.6,True
4302,IT,Male,36,Analyst,2015-03-15,1,Diploma,4,37609.43,40,22,10,2,50,3,72,2,3.29,False
4303,HR,Female,35,Developer,2016-03-01,9,MBA,3,58373.57,59,25,1,2,100,7,27,3,3.18,False
4304,Marketing,Male,36,Executive,2018-02-15,7,Master,4,54046.84,54,25,1,3,75,7,76,2,1.06,False
4305,Sales,Male,32,Manager,2018-02-09,6,PhD,4,55457.05,52,24,6,3,50,14,77,3,4.45,False
4306,IT,Female,34,Associate,2016-11-23,0,Diploma,3,37022.87,52,20,10,6,75,11,16,3,4.17,False
4307,Marketing,Female,29,Lead,2018-10-02,2,MBA,4,37658.39,53,23,11,2,0,7,52,2,3.77,False
4308,Operations,Male,21,Associate,2025-11-23,5,MBA,3,44924.75,52,24,1,7,100,12,31,0,2.19,False
4309,Legal,Female,37,Lead,2023-01-30,3,Bachelor,4,40081.03,36,13,9,0,25,14,57,0,2.2,False
4310,Operations,Female,36,Analyst,2017-02-10,5,PhD,3,51188.7,60,25,20,4,25,4,23,2,1.86,False
4311,Marketing,Male,25,Associate,2021-08-06,8,MBA,4,47604.2,49,25,1,0,50,3,68,0,4.91,False
4312,IT,Female,29,Associate,2016-10-19,2,Master,5,45835.96,52,25,2,5,25,5,55,3,3.14,False
4313,Finance,Female,26,Manager,2019-07-14,1,Diploma,4,33937.3,43,24,0,1,50,6,53,0,4.32,False
4314,Legal,Female,39,Executive,2020-07-28,10,Master,3,58314.89,40,17,8,5,50,5,21,2,1.2,False
4315,Operations,Female,25,Executive,2024-04-04,0,PhD,3,30949.89,35,17,0,1,100,10,7,3,4.63,True
4316,IT,Male,36,Developer,2016-12-14,9,MBA,3,62258.11,49,24,16,10,0,3,66,2,3.31,False
4317,Operations,Male,26,Developer,2020-02-21,5,Diploma,4,47693.39,59,25,5,4,25,13,74,2,2.94,False
4318,Marketing,Female,42,Manager,2016-08-16,4,Master,5,42765.77,53,22,8,8,0,14,74,0,1.15,False
4319,IT,Male,36,Manager,2015-11-02,1,Master,4,32103.45,54,22,12,4,25,4,31,1,1.82,False
4320,Sales,Female,32,Associate,2022-06-29,10,Master,3,62381.51,36,16,17,5,75,9,8,1,2.16,False
4321,Marketing,Male,24,Executive,2025-12-29,4,Bachelor,4,41826.04,57,25,14,10,25,8,73,0,3.39,False
4322,Marketing,Female,39,Developer,2025-01-20,3,Diploma,4,40873.5,51,22,11,9,25,6,60,0,3.83,False
4323,Marketing,Female,31,Analyst,2021-11-20,0,Bachelor,3,26921.24,44,25,19,6,0,7,34,0,1.54,False
4324,Marketing,Male,22,Executive,2026-03-20,10,Bachelor,3,53663.95,39,21,3,10,75,14,58,0,2.14,False
4325,Sales,Female,32,Developer,2026-02-25,8,Master,3,59156.43,39,22,3,10,100,12,57,3,1.14,False
4326,IT,Female,36,Lead,2016-03-02,0,Bachelor,3,29363.41,45,22,16,0,75,6,24,1,1.31,False
4327,HR,Female,35,Lead,2017-01-16,4,Diploma,3,42391.2,52,24,13,8,100,14,44,1,3.5,False
4328,Finance,Male,35,Lead,2020-06-09,6,MBA,4,46184.9,59,25,6,9,0,6,73,1,4.42,False
4329,HR,Female,34,Manager,2015-07-12,3,PhD,4,38209.47,36,23,11,5,75,7,53,1,4.55,False
4330,Operations,Female,32,Associate,2017-03-23,8,Master,3,55884.47,54,18,0,1,50,11,15,3,3.62,True
4331,Legal,Male,37,Lead,2018-08-20,3,Master,3,38070.83,48,20,6,1,25,11,33,1,4.53,False
4332,Legal,Female,27,Manager,2018-07-14,1,Master,4,36028.59,56,25,18,0,75,12,68,2,3.86,True
4333,Finance,Female,22,Executive,2018-09-17,5,Master,3,41444.78,45,25,2,5,75,13,14,1,1.79,False
4334,Legal,Female,30,Lead,2018-12-07,7,PhD,3,50812.42,38,20,0,7,100,4,7,2,3.73,False
4335,Legal,Female,31,Manager,2015-01-16,9,Diploma,4,60033.06,42,18,9,6,50,6,74,2,2.25,False
4336,Finance,Female,25,Analyst,2016-10-01,2,Master,4,42517.38,37,17,12,3,50,12,30,3,3.09,False
4337,IT,Male,29,Developer,2018-05-06,9,Diploma,5,69501.74,43,19,0,5,100,12,75,3,3.66,True
4338,HR,Male,21,Manager,2025-02-11,4,MBA,3,36154.4,37,15,16,10,50,12,66,0,2.3,False
4339,HR,Female,28,Analyst,2019-11-03,3,Bachelor,3,36229.71,58,25,1,0,50,11,6,0,1.99,False
4340,Finance,Male,36,Executive,2019-12-24,5,Master,4,47178.17,56,25,10,5,25,8,72,0,1.02,False
4341,Operations,Female,24,Developer,2025-08-11,1,MBA,3,33400.84,47,23,4,6,100,9,10,1,3.58,False
4342,IT,Female,29,Developer,2016-02-11,3,Diploma,4,45092.35,44,25,13,9,75,11,10,3,4.68,False
4343,Legal,Female,35,Executive,2018-06-07,9,Diploma,3,57460.27,47,25,7,0,50,3,13,2,3.15,False
4344,Operations,Female,40,Analyst,2024-05-17,7,Diploma,4,61317.15,37,19,12,0,50,7,32,3,3.74,False
4345,HR,Female,34,Executive,2025-11-17,2,Master,4,45590.94,47,23,7,6,75,3,50,3,1.6,False
4346,Legal,Female,21,Executive,2023-12-13,1,Bachelor,3,34187.14,60,25,8,7,100,3,35,1,3.67,False
4347,Marketing,Male,30,Analyst,2021-12-30,10,Diploma,4,60426.18,35,20,16,10,25,3,63,0,4.35,False
4348,Sales,Male,39,Lead,2021-07-27,4,MBA,3,44203.62,59,25,13,5,0,6,19,1,4.2,False
4349,HR,Female,28,Analyst,2020-02-21,0,PhD,3,25192.45,52,25,7,8,25,8,52,2,1.64,False
4350,Finance,Male,34,Manager,2021-05-02,4,PhD,3,48360.11,38,20,5,8,75,11,13,3,4.7,False
4351,IT,Male,33,Executive,2017-12-10,8,MBA,4,60476.46,44,22,17,6,25,13,56,3,2.06,False
4352,Sales,Male,21,Developer,2019-07-03,5,Diploma,4,49998.25,51,25,10,0,100,6,8,1,1.31,False
4353,Finance,Male,27,Manager,2023-01-12,9,Bachelor,4,63489.96,42,25,4,9,0,7,62,0,1.74,False
4354,Finance,Male,25,Lead,2025-10-19,3,MBA,4,43341.38,52,24,12,3,0,14,37,2,1.05,False
4355,Operations,Female,30,Analyst,2023-03-12,0,MBA,4,25465.49,51,21,6,8,100,10,77,0,1.03,False
4356,Legal,Male,35,Executive,2024-12-02,6,Diploma,3,55003.9,40,21,11,6,50,4,45,3,1.42,False
4357,HR,Female,31,Manager,2021-12-08,3,Bachelor,2,45850.39,43,25,12,6,25,11,13,3,2.93,False
4358,IT,Female,37,Associate,2024-12-19,9,PhD,4,60965.55,37,19,5,1,100,7,29,2,2.31,False
4359,Legal,Female,22,Analyst,2021-02-10,0,PhD,4,29129.47,51,23,19,10,50,9,77,0,3.03,False
4360,Finance,Female,25,Manager,2021-06-17,9,PhD,3,60490.59,35,16,16,7,50,13,33,1,2.66,False
4361,IT,Male,31,Developer,2019-10-23,8,MBA,4,57867.07,55,25,13,9,100,9,49,2,2.12,False
4362,IT,Male,37,Lead,2025-12-28,9,Bachelor,4,58550.75,46,21,8,9,50,5,71,3,1.73,False
4363,Legal,Female,27,Manager,2023-10-30,3,Master,4,48339.75,42,25,18,1,25,10,21,3,4.55,False
4364,Sales,Female,35,Lead,2023-07-24,5,MBA,4,43478.21,45,25,13,9,25,4,79,0,4.88,False
4365,Legal,Male,23,Manager,2015-01-16,6,PhD,3,44976.84,44,25,13,9,100,9,14,0,1.92,False
4366,Sales,Female,37,Associate,2023-04-23,1,PhD,4,31426.65,37,19,19,1,0,11,74,0,2.62,False
4367,Finance,Male,44,Executive,2016-03-30,0,Bachelor,4,32758.09,58,25,3,3,0,10,31,1,4.03,False
4368,Marketing,Female,31,Executive,2019-09-14,8,Bachelor,4,53115.23,35,11,0,7,100,13,67,0,2.18,False
4369,Operations,Male,33,Lead,2025-01-03,8,Diploma,3,53940.66,47,25,8,1,50,6,5,1,3.58,False
4370,Legal,Female,40,Associate,2021-08-27,5,MBA,3,44697.0,54,21,9,10,0,3,32,0,3.48,False
4371,Finance,Female,39,Lead,2022-11-01,1,Master,4,35066.73,58,25,9,10,75,12,36,0,2.35,False
4372,HR,Male,33,Manager,2024-04-10,6,MBA,3,49762.26,47,24,5,9,75,6,16,3,1.28,False
4373,Operations,Male,47,Lead,2019-10-16,0,Diploma,3,29669.56,36,20,20,7,75,14,28,0,2.35,False
4374,Sales,Male,36,Manager,2015-06-17,0,Bachelor,3,28123.79,47,25,12,2,25,8,37,0,2.21,False
4375,IT,Female,33,Associate,2015-06-02,8,Master,5,54946.85,51,23,5,8,25,9,78,0,4.96,True
4376,IT,Male,35,Associate,2016-06-16,6,PhD,4,48426.56,48,24,8,6,75,5,49,0,2.62,False
4377,Marketing,Male,33,Manager,2024-08-12,7,PhD,4,48488.8,41,15,4,3,25,6,42,2,4.44,False
4378,Finance,Female,33,Manager,2024-09-21,1,Bachelor,3,32411.33,36,19,0,5,50,3,27,3,3.85,False
4379,Sales,Female,31,Analyst,2025-11-01,6,Bachelor,3,53442.16,60,25,17,8,75,3,11,2,3.22,False
4380,Finance,Male,43,Associate,2016-04-04,7,Bachelor,3,44894.25,54,25,18,10,50,7,6,0,4.4,False
4381,Operations,Female,32,Analyst,2019-04-12,5,Master,4,43985.51,57,24,3,0,100,14,14,0,4.48,False
4382,Sales,Female,33,Analyst,2016-04-30,2,PhD,3,34951.58,59,21,16,3,0,7,27,3,4.7,True
4383,Marketing,Male,30,Developer,2023-07-04,10,MBA,3,59921.09,35,21,20,10,100,8,7,2,2.4,True
4384,Legal,Female,33,Manager,2020-01-06,0,Diploma,3,26604.32,55,25,8,3,100,10,32,0,2.45,False
4385,Operations,Female,30,Associate,2020-01-28,0,Bachelor,3,29791.64,35,16,9,8,50,5,33,1,2.05,False
4386,Sales,Female,35,Associate,2016-08-05,1,MBA,4,32273.69,48,25,1,2,75,5,76,1,5.0,False
4387,Finance,Female,30,Executive,2023-03-08,9,Diploma,4,59668.87,56,25,17,8,75,14,45,1,1.26,True
4388,IT,Male,29,Analyst,2025-03-11,5,Master,2,42665.09,44,25,9,4,75,6,23,1,3.4,False
4389,Marketing,Male,26,Developer,2017-06-15,3,Bachelor,4,34187.52,35,18,15,7,100,9,77,0,4.46,False
4390,HR,Female,32,Developer,2021-10-12,3,Bachelor,4,37110.17,54,25,20,7,75,3,58,0,4.59,False
4391,HR,Male,26,Executive,2019-08-16,4,Bachelor,4,46043.87,59,25,2,4,25,6,79,1,3.79,True
4392,Sales,Male,36,Executive,2021-10-31,6,MBA,4,57054.84,44,25,5,5,50,13,66,1,2.73,False
4393,Finance,Male,30,Executive,2020-01-25,4,MBA,2,40018.2,38,24,13,1,50,13,22,1,3.22,False
4394,Sales,Female,28,Associate,2016-03-20,3,PhD,4,38243.45,47,25,20,0,0,5,65,0,1.84,False
4395,IT,Male,34,Manager,2022-11-09,3,Master,2,34806.1,46,12,9,4,100,3,18,1,3.51,True
4396,Finance,Female,36,Manager,2024-02-18,8,Master,5,58343.63,43,19,7,9,75,5,78,1,4.35,False
4397,Marketing,Female,32,Associate,2024-08-07,10,MBA,3,56693.89,60,25,1,4,25,4,8,1,2.23,False
4398,Operations,Male,21,Manager,2015-03-15,8,Bachelor,2,50274.32,52,25,10,1,0,9,16,1,4.86,False
4399,Sales,Female,27,Associate,2023-04-17,7,MBA,4,54772.09,35,20,19,2,75,9,54,2,1.66,True
4400,HR,Male,26,Manager,2018-12-18,5,Bachelor,4,45759.75,44,25,16,1,0,8,42,1,4.8,False
4401,Finance,Female,28,Lead,2016-05-01,5,MBA,3,46991.99,39,22,19,9,100,12,74,0,2.08,False
4402,Legal,Male,31,Executive,2017-08-29,7,MBA,4,46625.38,53,25,6,3,0,12,20,0,2.13,True
4403,Legal,Female,34,Manager,2024-10-01,3,MBA,2,36729.49,58,25,15,4,100,6,24,1,4.06,False
4404,Operations,Male,31,Analyst,2025-01-17,5,Diploma,4,48355.37,46,25,12,10,100,3,63,1,1.46,True
4405,HR,Male,34,Manager,2020-02-19,7,Bachelor,4,59283.25,35,17,12,0,50,4,61,1,3.08,False
4406,Operations,Male,37,Analyst,2023-06-14,0,PhD,4,38300.04,54,25,11,7,75,6,58,3,4.34,True
4407,HR,Female,33,Lead,2016-09-16,3,MBA,4,37242.78,42,22,8,6,25,4,76,0,1.43,False
4408,HR,Male,39,Associate,2024-11-29,0,Bachelor,2,37317.52,54,25,20,6,100,5,13,2,4.37,True
4409,Sales,Female,35,Manager,2019-02-12,2,PhD,2,33972.23,36,22,7,6,75,7,23,1,2.9,True
4410,Legal,Female,24,Associate,2025-09-10,2,Master,3,41701.16,60,25,17,2,25,9,16,2,2.52,False
4411,HR,Female,40,Manager,2023-08-06,3,Master,4,40203.87,58,25,18,3,0,10,42,0,4.05,False
4412,Legal,Male,42,Developer,2015-12-28,10,MBA,3,56195.15,41,23,11,7,100,12,26,0,2.98,False
4413,Sales,Male,32,Lead,2020-10-30,3,Diploma,3,38451.25,38,21,7,8,50,4,34,2,3.97,False
4414,HR,Female,42,Executive,2024-07-21,6,Diploma,3,45052.2,36,21,17,7,75,5,38,1,2.55,False
4415,HR,Male,25,Manager,2015-08-21,9,Master,3,54076.21,37,19,12,0,25,4,12,0,4.36,False
4416,Finance,Male,36,Lead,2017-06-18,4,MBA,4,41568.71,40,17,1,7,0,4,72,2,4.14,False
4417,Legal,Female,27,Analyst,2017-09-18,3,Diploma,3,35864.28,44,25,6,7,0,6,5,0,2.21,False
4418,Legal,Male,31,Associate,2019-12-25,10,PhD,3,57379.89,60,25,17,3,25,14,31,1,3.54,False
4419,Legal,Female,25,Manager,2021-05-12,5,Bachelor,2,39468.59,49,25,4,3,100,6,7,1,3.69,False
4420,Marketing,Female,34,Manager,2016-01-02,0,Master,3,30158.79,54,25,16,1,25,8,34,1,3.27,False
4421,Sales,Female,27,Associate,2021-03-10,1,Master,3,27255.27,49,23,20,1,100,4,36,1,4.66,False
4422,Sales,Male,39,Manager,2018-07-26,5,Master,4,42660.65,40,16,13,0,50,6,35,0,4.61,False
4423,Operations,Male,27,Executive,2020-06-08,0,PhD,4,35508.43,47,25,8,9,50,8,66,2,3.18,False
4424,Marketing,Female,35,Developer,2015-10-01,2,Master,4,38100.22,58,25,20,3,100,7,54,1,4.66,False
4425,IT,Male,26,Lead,2020-08-09,5,PhD,3,45708.06,39,20,16,10,50,12,47,0,2.14,False
4426,Sales,Female,25,Developer,2018-02-21,0,Bachelor,4,41216.76,46,19,10,10,50,7,60,3,2.73,False
4427,Sales,Male,33,Lead,2015-11-12,8,MBA,4,50994.97,60,25,19,2,0,5,58,0,2.66,False
4428,Finance,Male,41,Lead,2015-03-31,0,Diploma,3,31262.01,51,21,6,5,25,3,27,1,1.38,False
4429,HR,Female,34,Analyst,2021-12-10,3,PhD,4,36384.52,52,21,1,8,50,12,61,0,1.78,False
4430,Operations,Male,30,Executive,2023-12-24,6,Bachelor,3,51019.27,53,25,11,2,100,12,52,2,1.0,False
4431,Finance,Female,28,Associate,2015-12-03,1,Master,2,30754.57,46,25,15,9,25,6,18,3,3.3,False
4432,IT,Male,42,Lead,2018-09-24,6,Diploma,5,59009.72,50,24,8,4,75,3,80,2,1.78,False
4433,Sales,Female,24,Lead,2026-01-11,2,Master,2,31871.2,35,9,9,9,0,9,13,1,3.11,False
4434,Sales,Male,32,Lead,2020-06-05,9,Bachelor,3,57978.87,49,17,7,0,50,4,43,3,1.92,False
4435,Legal,Female,42,Lead,2025-12-18,6,MBA,4,53789.82,37,25,0,5,0,3,66,2,1.76,False
4436,Finance,Female,25,Associate,2017-03-24,5,Bachelor,4,47391.9,60,25,20,7,100,12,31,1,2.93,False
4437,Sales,Male,34,Associate,2020-08-13,7,MBA,4,58686.77,41,23,11,9,75,3,65,3,1.81,False
4438,Finance,Female,26,Analyst,2021-06-29,9,MBA,3,57658.29,46,24,20,3,75,5,52,2,1.75,True
4439,HR,Male,35,Analyst,2024-03-12,0,Bachelor,3,32940.47,42,17,11,8,50,7,63,1,4.13,False
4440,Operations,Male,40,Analyst,2023-12-25,8,Bachelor,4,55783.25,46,19,4,4,100,12,10,1,1.28,False
4441,Finance,Male,47,Manager,2018-08-13,8,Master,4,52415.85,37,22,4,10,100,14,58,1,4.1,False
4442,IT,Female,39,Lead,2024-09-28,5,MBA,4,47421.39,40,20,0,9,100,9,70,2,3.75,False
4443,HR,Male,34,Lead,2022-05-08,2,MBA,4,39174.05,41,19,12,1,100,13,35,1,2.01,False
4444,Operations,Female,30,Developer,2023-02-22,6,Bachelor,3,43910.65,45,21,13,8,50,6,17,0,2.47,False
4445,HR,Male,27,Lead,2015-10-10,4,PhD,3,44441.15,38,22,13,3,25,5,9,3,1.26,False
4446,Legal,Female,22,Analyst,2020-10-31,3,MBA,3,38703.39,44,20,19,7,100,4,6,0,3.52,False
4447,Finance,Male,39,Associate,2020-04-28,6,Bachelor,4,53776.52,45,21,20,3,75,4,67,3,3.82,False
4448,Legal,Female,21,Analyst,2016-11-20,8,PhD,4,53617.86,50,25,1,9,25,5,49,0,4.82,False
4449,Legal,Female,37,Developer,2022-10-23,6,Diploma,4,56480.56,53,25,13,5,0,5,31,3,2.72,False
4450,Operations,Female,33,Lead,2015-09-25,6,MBA,4,51543.22,41,16,12,3,100,3,74,3,3.73,False
4451,Operations,Female,42,Developer,2017-01-31,2,Bachelor,3,38103.53,54,25,10,10,0,13,54,2,2.22,False
4452,HR,Female,30,Associate,2019-04-26,7,Diploma,3,55996.5,50,25,4,6,50,3,5,1,1.92,False
4453,IT,Male,37,Associate,2022-10-01,9,Bachelor,3,58802.09,44,24,6,10,0,14,38,3,2.99,False
4454,HR,Male,38,Associate,2025-07-27,7,Master,3,48643.91,58,25,15,8,0,6,50,1,4.18,False
4455,Sales,Male,36,Associate,2023-04-29,5,Bachelor,3,46373.76,38,21,2,8,0,10,21,1,2.93,True
4456,Operations,Female,31,Analyst,2018-08-31,3,PhD,2,29564.7,60,23,12,7,25,3,54,0,1.62,False
4457,HR,Female,32,Analyst,2017-12-29,8,PhD,4,49059.61,55,25,13,6,100,13,65,0,2.34,False
4458,IT,Female,22,Developer,2025-08-13,9,MBA,3,57708.79,43,21,7,5,100,8,14,3,4.35,False
4459,HR,Female,35,Analyst,2025-12-15,8,Bachelor,4,58628.05,42,14,16,0,0,8,31,3,2.78,False
4460,IT,Female,35,Analyst,2020-02-25,7,MBA,3,51579.65,46,16,15,0,100,5,21,0,3.23,True
4461,Operations,Male,26,Developer,2019-08-09,7,PhD,4,58787.24,40,21,9,6,0,13,49,2,2.73,False
4462,IT,Female,34,Analyst,2016-10-16,1,PhD,4,35376.22,39,21,15,1,0,6,75,0,3.44,False
4463,Marketing,Male,37,Executive,2023-04-07,1,Diploma,4,38662.57,55,25,18,0,50,5,60,0,3.61,False
4464,Legal,Male,33,Developer,2015-06-29,6,PhD,2,43630.23,41,23,4,7,75,12,16,3,3.34,True
4465,Operations,Male,21,Associate,2021-04-03,2,Master,3,38118.32,60,25,3,4,75,7,44,0,1.57,True
4466,Marketing,Female,41,Associate,2025-05-18,7,MBA,3,48974.94,49,18,10,3,50,6,59,0,4.31,True
4467,Marketing,Female,30,Developer,2020-02-14,0,Diploma,4,35440.72,60,25,11,3,25,5,58,1,1.91,False
4468,Operations,Female,34,Manager,2019-04-08,2,PhD,3,37985.56,47,23,10,10,25,12,35,0,1.7,False
4469,Sales,Male,22,Associate,2025-10-04,3,Diploma,4,34182.67,35,12,11,2,75,6,65,0,3.64,False
4470,Finance,Female,23,Lead,2025-10-15,0,Master,3,31106.76,49,25,1,5,50,3,74,2,2.5,False
4471,Operations,Male,29,Developer,2018-07-14,0,Bachelor,2,20972.4,41,18,7,1,75,14,7,0,1.91,False
4472,Marketing,Female,30,Lead,2022-02-23,0,Bachelor,4,32675.75,54,25,7,9,75,5,62,1,1.66,True
4473,Legal,Male,30,Associate,2022-12-20,5,MBA,4,46038.22,44,21,19,7,50,8,53,1,2.27,False
4474,Sales,Female,30,Associate,2025-01-06,8,MBA,3,53723.03,40,19,8,10,0,6,35,1,4.58,False
4475,Finance,Male,35,Lead,2023-11-06,9,MBA,4,60356.14,59,25,14,3,75,5,51,1,2.08,False
4476,HR,Female,34,Associate,2024-09-12,8,Diploma,3,57004.68,45,25,5,6,0,5,73,3,4.1,False
4477,Sales,Male,40,Developer,2021-08-16,5,Master,3,48859.02,41,23,9,0,0,13,6,3,4.91,False
4478,Marketing,Female,35,Executive,2017-11-10,7,Bachelor,3,45067.57,53,25,4,10,25,3,20,0,2.24,False
4479,Legal,Male,29,Lead,2018-06-11,8,MBA,2,56424.0,39,25,7,8,25,5,30,3,1.75,False
4480,Marketing,Female,34,Developer,2017-11-02,1,MBA,4,36166.39,38,24,0,3,0,7,51,2,2.45,True
4481,Finance,Male,37,Associate,2026-02-26,1,Bachelor,3,33550.56,45,21,16,2,25,14,40,1,4.69,True
4482,Operations,Female,44,Analyst,2024-09-20,7,MBA,4,56619.74,54,25,12,9,25,6,78,0,3.26,True
4483,IT,Male,28,Developer,2018-12-27,1,Bachelor,2,31082.94,47,19,14,10,0,9,36,0,3.57,False
4484,Sales,Female,37,Executive,2018-03-12,5,MBA,3,41795.69,38,15,16,3,75,4,27,2,3.89,True
4485,Legal,Female,28,Executive,2015-03-17,1,MBA,2,35953.15,43,22,0,5,25,10,8,2,3.96,False
4486,IT,Male,35,Lead,2020-06-11,9,Master,4,58472.95,46,25,9,5,0,5,52,1,1.17,False
4487,Operations,Female,26,Developer,2020-02-14,9,MBA,5,65523.98,60,24,19,1,0,7,78,1,2.22,False
4488,Marketing,Male,37,Associate,2016-11-17,3,Master,4,37168.25,59,25,0,0,100,13,48,0,1.96,False
4489,Marketing,Male,29,Executive,2020-04-16,3,MBA,3,40806.93,54,25,2,1,0,13,26,3,3.44,False
4490,Sales,Male,30,Executive,2021-06-06,0,Bachelor,3,27073.59,44,25,9,5,0,10,39,2,2.96,False
4491,Legal,Female,43,Associate,2015-08-04,2,Master,4,41314.99,38,23,14,9,25,14,72,2,4.19,False
4492,Sales,Female,37,Manager,2017-08-06,3,Bachelor,4,49070.49,41,17,0,10,50,6,54,2,3.06,False
4493,Operations,Female,21,Associate,2026-01-08,1,Master,2,37913.14,58,23,10,1,100,3,8,2,1.67,False
4494,Finance,Male,27,Associate,2025-02-07,9,Bachelor,4,61470.05,39,19,9,2,50,6,66,1,3.44,False
4495,Legal,Female,32,Manager,2015-08-29,9,Master,4,62247.0,48,21,8,0,50,8,35,3,3.18,True
4496,IT,Male,31,Associate,2020-12-10,8,PhD,5,62787.87,36,18,2,9,100,7,64,1,4.99,False
4497,Operations,Male,29,Developer,2020-06-09,8,MBA,3,58252.25,58,25,3,2,0,7,26,3,2.18,False
4498,Operations,Male,31,Manager,2023-08-18,5,MBA,4,48748.52,41,16,15,2,0,13,65,0,3.13,False
4499,Legal,Female,34,Executive,2025-10-21,8,Master,3,59755.7,58,25,3,8,0,11,26,3,3.81,False
4500,Operations,Female,41,Manager,2015-05-06,9,Master,3,53794.86,37,21,15,9,75,3,28,1,1.7,True
4501,Finance,Male,25,Analyst,2019-12-17,10,MBA,4,64660.42,37,16,16,8,100,12,20,1,1.73,False
4502,Operations,Female,30,Developer,2025-06-05,2,MBA,3,34915.04,50,25,8,8,0,13,8,0,3.34,False
4503,HR,Female,37,Developer,2016-08-02,8,PhD,4,56209.88,60,25,11,5,50,8,50,1,2.14,False
4504,Marketing,Male,41,Executive,2015-06-18,5,MBA,5,46155.05,60,25,2,6,50,14,69,0,4.77,False
4505,Finance,Female,36,Analyst,2022-02-23,5,Bachelor,3,41410.88,35,25,15,8,25,9,19,1,4.35,False
4506,HR,Female,22,Lead,2020-10-18,0,Diploma,3,31875.81,44,25,0,9,0,6,52,3,1.77,False
4507,IT,Female,28,Developer,2023-11-29,9,Bachelor,4,57042.88,43,23,3,8,25,5,9,0,3.83,False
4508,Legal,Female,24,Developer,2018-03-18,5,Master,3,47129.25,50,20,14,9,75,12,46,0,2.88,False
4509,Marketing,Male,33,Executive,2025-08-18,5,PhD,4,43830.81,59,25,5,0,100,12,33,3,3.88,False
4510,HR,Male,38,Lead,2024-05-14,10,Diploma,3,65058.28,42,19,11,5,25,8,45,0,2.17,False
4511,IT,Male,22,Lead,2023-05-28,6,Diploma,4,50620.78,36,12,14,3,0,6,54,1,1.55,False
4512,IT,Female,21,Developer,2015-05-25,2,Bachelor,3,32231.51,57,25,19,8,50,12,66,0,2.15,True
4513,Sales,Male,22,Executive,2020-07-12,9,Bachelor,3,57333.15,44,20,11,9,75,11,22,3,2.01,False
4514,Operations,Female,29,Analyst,2023-08-25,4,Master,2,39540.15,40,19,9,7,25,9,18,1,3.84,False
4515,Marketing,Male,37,Developer,2019-07-18,3,Master,3,42170.62,40,14,4,2,100,5,34,2,3.85,False
4516,Operations,Male,26,Manager,2019-01-17,3,MBA,4,39750.4,48,22,11,2,75,8,38,1,2.99,False
4517,IT,Female,23,Executive,2020-03-13,10,MBA,3,56612.23,41,22,5,4,25,10,6,0,2.55,False
4518,Sales,Female,30,Executive,2017-01-13,9,Master,3,55997.68,44,22,14,9,75,11,45,3,3.65,False
4519,HR,Male,28,Analyst,2024-10-15,10,Bachelor,3,64821.32,58,25,14,4,25,14,17,2,4.16,False
4520,Marketing,Female,34,Lead,2015-09-07,7,Master,4,54829.32,40,16,5,5,25,13,53,1,2.72,False
4521,IT,Female,39,Associate,2022-12-01,2,Bachelor,4,46024.57,35,12,3,0,50,7,62,1,1.85,False
4522,Sales,Male,26,Associate,2015-09-23,5,MBA,3,46279.88,37,23,8,3,25,3,24,1,3.84,False
4523,Marketing,Male,32,Analyst,2020-10-31,2,Diploma,3,27672.32,53,25,15,3,75,13,17,0,2.57,False
4524,HR,Male,25,Developer,2021-06-11,1,Bachelor,3,40577.89,54,23,7,2,100,10,18,3,3.93,False
4525,HR,Female,28,Lead,2021-01-21,2,Diploma,4,43127.69,47,23,3,0,50,3,54,2,1.04,False
4526,HR,Male,25,Executive,2022-09-30,6,MBA,3,44527.91,39,13,0,7,0,4,22,1,1.12,False
4527,Sales,Male,29,Analyst,2025-12-22,2,MBA,4,42837.4,45,25,8,10,0,7,63,2,4.77,False
4528,Sales,Female,29,Lead,2017-04-06,4,PhD,3,45541.01,38,18,11,6,75,6,38,2,2.48,False
4529,Legal,Female,33,Executive,2017-06-21,4,Diploma,4,44492.9,36,15,18,7,0,9,72,1,2.66,True
4530,Marketing,Female,31,Developer,2018-07-28,3,Diploma,3,37086.19,35,17,15,6,75,7,51,0,3.1,False
4531,Operations,Female,28,Associate,2024-07-21,6,PhD,4,48684.32,51,25,8,4,50,9,12,2,2.76,False
4532,Legal,Male,25,Manager,2016-11-05,2,MBA,2,32179.89,44,16,16,5,0,10,14,0,3.64,False
4533,HR,Female,44,Lead,2019-05-29,9,MBA,4,53510.28,48,24,20,5,100,3,47,0,2.52,False
4534,Finance,Female,32,Lead,2022-04-03,2,Master,3,34948.49,43,19,4,2,0,3,25,2,1.13,False
4535,Finance,Female,24,Developer,2025-08-11,4,PhD,3,39687.41,42,18,10,5,0,4,25,2,3.74,False
4536,Marketing,Female,38,Manager,2015-01-07,6,MBA,3,47066.77,53,25,5,4,25,8,17,1,4.94,True
4537,IT,Female,23,Executive,2018-04-23,8,Bachelor,4,51945.99,59,25,2,8,75,5,49,0,3.03,False
4538,HR,Male,35,Executive,2024-05-02,5,Bachelor,4,54303.4,43,18,14,3,100,14,45,3,1.33,True
4539,Marketing,Female,37,Lead,2023-08-13,1,Diploma,3,39351.4,56,25,4,3,25,12,5,1,3.47,False
4540,HR,Male,28,Developer,2022-04-21,3,Bachelor,3,39619.03,60,25,9,7,75,7,29,0,3.65,False
4541,Marketing,Male,40,Executive,2019-12-11,6,Bachelor,4,54918.9,49,23,14,7,100,13,66,2,3.22,False
4542,Finance,Female,53,Associate,2016-11-24,9,MBA,4,56019.7,55,25,5,2,100,13,54,0,4.59,False
4543,Sales,Male,28,Developer,2016-01-11,3,Bachelor,3,41991.71,45,21,20,7,50,10,21,2,2.8,False
4544,HR,Male,34,Executive,2015-02-16,2,Diploma,3,34578.96,43,17,3,5,25,3,8,0,2.67,False
4545,Sales,Male,27,Lead,2021-08-27,3,PhD,2,32190.9,35,17,11,9,75,8,36,1,1.26,False
4546,IT,Female,28,Manager,2017-10-01,5,MBA,3,38500.5,46,25,8,4,50,5,11,0,4.95,False
4547,Sales,Male,31,Associate,2022-04-27,9,MBA,3,56005.98,45,21,4,0,100,4,7,1,1.93,False
4548,Legal,Female,35,Manager,2019-03-06,9,Master,3,63018.82,57,25,11,1,25,4,36,3,2.42,False
4549,Legal,Female,28,Developer,2022-08-29,3,PhD,2,45423.1,37,15,20,3,25,14,21,3,1.34,False
4550,Operations,Female,29,Associate,2020-04-19,6,MBA,4,48792.69,39,23,14,3,100,12,34,2,3.51,False
4551,Sales,Male,33,Analyst,2025-07-14,7,Bachelor,5,58865.83,54,25,12,6,75,7,72,1,1.88,False
4552,Finance,Female,39,Developer,2020-02-25,10,PhD,3,57798.51,51,24,4,6,25,11,53,0,2.34,False
4553,Legal,Male,34,Developer,2017-03-19,6,PhD,4,54182.19,36,20,16,3,50,9,28,0,3.03,False
4554,Legal,Male,25,Lead,2020-04-24,10,Diploma,4,62130.7,54,25,4,3,75,5,49,1,2.91,False
4555,Marketing,Female,33,Executive,2018-11-29,0,MBA,3,24789.69,35,15,16,4,0,9,19,0,2.96,False
4556,Marketing,Female,24,Analyst,2021-06-14,0,Master,4,30146.92,57,25,5,9,100,12,53,2,2.8,False
4557,Finance,Male,36,Lead,2021-02-24,2,PhD,3,36695.68,36,23,5,10,0,11,80,1,3.34,True
4558,HR,Female,31,Developer,2016-03-22,2,Master,3,31846.33,38,17,9,0,25,8,32,1,1.42,False
4559,Finance,Female,29,Executive,2019-01-22,3,Bachelor,3,40265.28,39,12,20,3,75,5,11,0,2.97,False
4560,Finance,Female,28,Associate,2020-09-30,3,MBA,3,38544.87,48,23,6,1,0,3,37,1,4.05,False
4561,Finance,Female,34,Analyst,2023-08-13,3,Bachelor,4,40343.19,59,25,3,5,0,13,62,1,4.68,False
4562,IT,Female,32,Developer,2015-02-18,4,Master,4,45829.75,41,16,13,7,75,13,75,3,1.1,False
4563,Operations,Female,33,Executive,2025-03-17,5,Bachelor,2,43370.28,38,15,6,10,0,4,6,2,1.96,False
4564,Legal,Male,32,Analyst,2017-02-25,10,Diploma,4,61248.65,49,25,3,10,75,6,31,0,1.43,False
4565,Sales,Female,30,Manager,2015-08-25,6,Bachelor,3,51174.77,55,25,20,10,0,9,48,3,1.64,False
4566,Marketing,Male,30,Executive,2019-02-15,2,Master,3,33558.02,47,19,10,4,75,8,16,1,1.46,False
4567,HR,Female,34,Lead,2017-05-14,5,PhD,3,45971.79,52,23,4,6,0,10,31,2,2.73,False
4568,Sales,Female,32,Manager,2020-02-28,2,Diploma,4,42190.69,43,25,12,0,75,11,36,2,2.68,False
4569,HR,Male,38,Associate,2023-09-10,0,Master,3,29843.76,50,25,7,3,50,6,46,1,3.17,False
4570,HR,Female,26,Analyst,2024-09-07,9,MBA,3,58629.25,43,21,12,2,0,6,79,0,4.39,False
4571,Finance,Female,30,Associate,2022-04-26,0,PhD,3,32981.11,44,24,6,10,100,7,48,0,2.65,False
4572,Finance,Female,32,Developer,2023-08-12,7,Bachelor,3,45836.06,44,17,13,9,75,14,27,0,2.14,False
4573,IT,Male,30,Analyst,2023-11-24,7,Master,4,50264.98,40,16,14,1,0,3,19,1,3.3,True
4574,Finance,Female,28,Developer,2015-09-21,5,Master,3,48701.42,40,18,12,2,25,5,6,2,1.01,False
4575,Finance,Male,31,Associate,2023-02-24,5,PhD,3,41452.47,57,25,0,10,75,11,50,0,3.46,False
4576,HR,Female,32,Lead,2017-04-05,10,PhD,3,59458.14,57,25,7,0,100,5,22,0,1.57,True
4577,Sales,Female,35,Analyst,2020-12-03,4,MBA,3,38321.88,40,24,15,3,50,13,25,0,1.6,False
4578,Operations,Male,29,Lead,2018-12-29,0,Diploma,3,32784.81,55,25,9,2,100,12,49,2,2.65,True
4579,HR,Female,29,Lead,2021-09-09,3,Master,3,37881.97,45,23,0,6,75,6,32,1,4.74,False
4580,Finance,Male,26,Associate,2017-06-23,8,Bachelor,3,64391.58,38,18,20,7,75,14,37,3,2.99,False
4581,Sales,Female,35,Executive,2025-11-15,1,Bachelor,3,33228.61,55,25,18,4,75,7,26,2,1.21,False
4582,HR,Female,40,Executive,2022-04-02,5,Master,2,41624.49,36,13,6,2,75,6,32,3,2.9,False
4583,Operations,Male,34,Lead,2019-07-09,1,Master,3,32005.99,58,25,7,0,50,14,15,2,2.86,False
4584,Sales,Female,27,Executive,2019-07-06,0,Diploma,3,35254.16,35,13,19,6,50,11,71,3,3.08,False
4585,HR,Male,26,Analyst,2024-09-28,3,Master,3,37891.15,35,13,18,1,25,13,28,1,1.41,False
4586,Operations,Female,25,Associate,2020-07-08,8,Diploma,4,53594.71,47,20,3,7,50,11,37,0,3.0,False
4587,Finance,Female,32,Associate,2020-02-02,9,Diploma,4,55104.38,44,20,0,0,100,3,73,0,4.17,False
4588,Operations,Female,22,Lead,2024-08-21,10,Diploma,4,56995.17,45,25,2,3,0,9,39,0,4.52,False
4589,Legal,Male,46,Executive,2019-02-10,0,Master,4,35239.46,37,13,9,0,50,6,53,2,1.14,False
4590,Sales,Female,29,Executive,2021-06-28,0,Master,2,32926.56,39,19,13,8,75,9,9,3,1.69,False
4591,Operations,Female,36,Analyst,2015-10-10,6,Diploma,4,46416.21,60,25,8,0,25,5,39,0,1.55,False
4592,Sales,Female,38,Analyst,2021-12-02,7,Bachelor,5,60471.74,37,15,2,0,75,13,77,3,3.86,False
4593,Operations,Male,26,Lead,2017-11-02,6,Bachelor,4,53197.15,35,20,7,1,0,7,23,3,2.73,False
4594,Operations,Male,35,Associate,2019-08-29,1,PhD,3,37798.36,54,24,7,5,75,14,48,2,4.64,False
4595,HR,Female,27,Lead,2022-01-15,2,PhD,4,37894.54,43,23,3,9,50,6,52,3,4.89,False
4596,Marketing,Male,34,Associate,2021-04-17,1,Bachelor,3,37897.23,37,19,0,6,25,4,42,2,1.25,False
4597,HR,Female,24,Lead,2018-02-06,2,Master,2,29093.5,60,23,2,2,75,8,28,0,1.98,False
4598,Legal,Female,21,Analyst,2020-04-16,5,PhD,2,43549.44,58,25,3,4,25,6,18,1,3.47,False
4599,Marketing,Male,29,Manager,2015-03-21,8,Master,5,60218.79,45,25,4,10,75,5,77,0,1.72,False
4600,Marketing,Male,33,Executive,2018-10-27,0,Master,3,31955.48,52,25,10,3,50,11,52,2,4.82,True
4601,Marketing,Male,34,Executive,2015-01-14,6,Diploma,3,51968.81,45,25,14,6,0,12,43,0,1.22,False
4602,Operations,Male,32,Associate,2021-04-05,0,Diploma,2,35697.68,51,23,19,7,100,14,5,3,3.44,False
4603,HR,Female,28,Developer,2022-07-05,5,Bachelor,4,50406.63,42,21,18,1,0,10,33,1,2.46,True
4604,Legal,Female,36,Analyst,2024-12-21,7,MBA,4,58032.27,55,23,16,9,0,10,56,2,1.68,False
4605,IT,Female,24,Manager,2020-07-20,1,PhD,3,41001.13,41,20,3,7,0,7,24,3,3.76,False
4606,Finance,Male,26,Associate,2025-07-29,4,Master,3,46893.76,48,25,20,7,75,14,10,3,3.96,False
4607,Legal,Male,28,Lead,2021-08-18,3,PhD,5,48625.73,46,25,2,3,75,3,79,3,2.83,False
4608,Operations,Female,29,Developer,2017-12-10,10,PhD,4,67306.69,44,22,3,8,75,6,78,3,1.79,True
4609,Operations,Male,32,Associate,2021-04-01,4,MBA,4,40694.59,47,20,11,3,50,8,66,0,2.24,True
4610,Finance,Female,35,Associate,2022-01-01,7,Bachelor,4,51114.63,40,20,17,6,75,14,42,0,2.85,False
4611,HR,Male,31,Analyst,2016-05-16,0,Bachelor,3,30944.7,36,22,12,2,100,14,31,3,1.64,False
4612,Finance,Female,34,Analyst,2026-03-06,6,MBA,4,52066.68,38,17,8,5,75,12,61,2,2.45,False
4613,Sales,Male,26,Developer,2019-06-17,1,Bachelor,3,35338.06,52,25,1,3,0,8,53,3,1.18,False
4614,Sales,Female,30,Analyst,2023-04-17,2,MBA,4,39296.93,57,25,7,8,100,4,41,3,2.7,True
4615,Legal,Female,32,Lead,2025-08-05,4,Diploma,3,37722.85,54,25,1,2,75,7,11,1,3.28,True
4616,Operations,Female,28,Developer,2015-06-10,1,PhD,2,30962.37,58,21,8,8,75,5,5,0,1.4,False
4617,Legal,Male,38,Associate,2021-10-13,8,MBA,5,57263.46,39,22,3,6,0,9,64,2,3.36,False
4618,Marketing,Female,31,Associate,2025-06-23,6,MBA,4,52305.24,35,17,0,0,75,10,34,2,1.91,False
4619,Operations,Male,30,Associate,2022-10-09,9,MBA,3,58934.7,46,25,4,3,50,10,40,2,4.54,False
4620,IT,Male,41,Developer,2025-02-27,5,PhD,3,51273.47,60,25,11,10,0,11,32,3,1.21,False
4621,Marketing,Female,30,Associate,2024-06-19,10,PhD,3,63226.96,35,20,2,6,100,6,37,0,3.9,False
4622,Marketing,Male,30,Analyst,2016-11-16,10,MBA,3,61035.34,39,20,3,8,75,7,15,0,3.45,False
4623,Finance,Male,21,Lead,2021-03-28,5,Bachelor,3,40164.52,49,25,9,1,50,13,52,1,2.76,True
4624,Sales,Female,29,Manager,2019-04-29,3,Diploma,4,41365.11,43,22,1,2,25,11,62,1,1.25,False
4625,IT,Male,26,Analyst,2021-06-24,7,Master,4,60976.06,47,14,19,2,0,14,52,3,1.06,False
4626,HR,Male,30,Manager,2022-12-26,6,PhD,3,48809.25,45,20,8,2,25,8,43,0,4.99,False
4627,IT,Male,34,Manager,2020-08-19,10,PhD,4,60571.11,52,25,4,0,75,8,25,1,2.57,True
4628,Marketing,Male,21,Developer,2020-03-31,5,Diploma,4,44020.6,36,13,2,10,50,9,60,2,2.35,False
4629,Operations,Female,24,Manager,2025-10-30,8,Bachelor,4,53264.68,60,25,17,10,100,3,70,2,3.16,False
4630,Operations,Female,34,Executive,2017-09-08,1,MBA,3,35985.16,40,23,3,10,50,8,17,3,1.55,False
4631,Legal,Male,27,Associate,2024-04-02,8,PhD,4,57432.22,35,15,3,1,100,11,55,0,4.71,False
4632,Marketing,Male,25,Manager,2026-02-09,10,Master,4,62189.33,50,21,10,0,75,8,56,1,1.23,False
4633,IT,Male,40,Analyst,2024-04-01,10,Diploma,3,63449.12,35,15,15,0,25,4,23,1,1.66,False
4634,Marketing,Male,23,Associate,2024-08-03,4,Bachelor,5,51235.66,45,23,17,1,25,12,71,2,4.21,False
4635,IT,Female,32,Analyst,2022-03-09,1,MBA,3,29270.04,45,22,19,3,100,4,20,1,3.69,True
4636,Marketing,Male,23,Executive,2025-05-22,2,Diploma,3,33937.49,49,25,12,10,50,6,8,1,1.59,True
4637,Legal,Male,30,Executive,2018-01-12,9,MBA,4,54831.02,53,25,1,9,100,4,59,0,3.95,False
4638,Finance,Female,27,Manager,2021-07-04,3,Master,3,38248.48,38,16,2,4,75,10,15,1,2.85,False
4639,Finance,Male,33,Analyst,2017-04-27,3,Master,4,37774.56,39,20,11,9,25,10,77,0,3.47,False
4640,Operations,Male,35,Lead,2025-11-08,6,MBA,4,46075.67,58,25,7,8,75,12,71,0,1.88,False
4641,Finance,Male,28,Developer,2021-09-13,3,Bachelor,3,43316.07,50,25,6,7,0,5,23,1,2.91,False
4642,HR,Male,40,Associate,2023-04-07,4,Bachelor,4,47086.02,59,25,8,10,50,12,54,3,1.5,False
4643,Marketing,Male,35,Manager,2025-12-09,4,Master,2,39415.25,49,22,16,1,0,7,18,0,4.16,False
4644,Legal,Female,35,Analyst,2018-03-11,8,Bachelor,3,54034.75,40,24,16,3,50,5,20,2,4.77,False
4645,HR,Female,29,Executive,2025-11-22,7,Diploma,4,48992.25,53,25,0,6,50,13,68,1,3.25,False
4646,Marketing,Female,35,Developer,2024-02-06,3,Diploma,3,41805.08,42,24,6,7,25,13,67,2,3.59,False
4647,HR,Female,21,Analyst,2016-02-05,9,PhD,4,53498.0,43,15,16,4,25,3,20,1,1.28,False
4648,Finance,Female,25,Developer,2015-10-26,5,Master,3,49433.27,42,15,15,4,75,6,13,2,3.03,False
4649,Sales,Male,34,Manager,2016-05-16,1,Bachelor,2,28005.7,49,23,6,3,75,8,16,0,1.53,False
4650,Finance,Female,31,Manager,2019-08-05,8,Diploma,5,62788.97,49,23,1,5,100,10,55,1,4.03,False
4651,Legal,Male,29,Manager,2017-01-29,0,PhD,3,26394.95,44,25,2,3,25,3,13,1,3.8,False
4652,HR,Female,45,Developer,2022-08-15,0,PhD,4,23413.08,46,16,13,3,0,8,77,0,4.91,False
4653,Legal,Male,23,Associate,2023-12-25,0,Bachelor,4,27634.15,35,24,4,10,50,3,65,0,3.94,True
4654,Finance,Female,35,Manager,2023-10-22,6,MBA,3,56190.62,53,25,3,0,25,9,8,3,1.99,False
4655,Sales,Female,34,Associate,2023-09-07,9,Master,3,55533.11,49,25,17,7,50,8,18,1,1.71,False
4656,IT,Male,26,Manager,2022-08-02,1,Diploma,4,43561.18,52,25,1,1,75,12,62,3,4.57,True
4657,IT,Female,32,Associate,2016-10-15,3,MBA,3,42960.85,50,24,7,0,0,5,6,2,3.29,True
4658,IT,Male,28,Analyst,2024-03-02,9,Diploma,4,49792.2,40,20,19,2,25,7,44,0,1.34,False
4659,Finance,Female,21,Manager,2016-11-18,6,PhD,2,47460.97,47,23,11,9,0,13,10,2,3.34,False
4660,Operations,Male,24,Manager,2024-07-04,3,PhD,3,38475.46,42,16,6,6,0,9,21,1,3.54,False
4661,HR,Male,36,Executive,2019-06-03,5,MBA,4,48503.2,59,25,14,8,25,12,54,3,3.48,True
4662,Marketing,Female,32,Analyst,2017-08-02,6,Master,4,51259.09,46,25,7,10,25,4,61,3,1.91,False
4663,Legal,Female,34,Developer,2020-04-11,10,Diploma,4,61421.2,49,25,12,0,100,12,31,0,3.55,False
4664,Sales,Male,31,Analyst,2018-05-17,4,Bachelor,4,45062.74,52,25,8,6,100,8,26,0,2.74,False
4665,IT,Female,34,Associate,2017-11-20,5,Bachelor,4,49292.55,48,24,8,9,25,4,36,3,3.08,False
4666,Finance,Male,29,Associate,2021-01-14,10,MBA,4,58327.36,37,22,17,1,75,4,47,0,2.29,False
4667,Operations,Female,25,Lead,2020-02-28,2,Diploma,3,39825.59,55,25,10,7,75,11,56,3,3.34,True
4668,HR,Female,36,Lead,2016-09-16,5,PhD,4,50909.53,51,21,7,2,25,7,5,0,3.42,False
4669,Marketing,Female,25,Associate,2020-07-26,0,Diploma,3,27840.35,51,25,4,10,50,6,43,2,2.9,False
4670,Operations,Female,31,Analyst,2020-06-22,0,MBA,4,31249.59,48,21,6,5,100,9,79,0,2.22,False
4671,HR,Male,29,Associate,2017-02-11,1,Master,3,33513.77,56,25,3,2,100,7,77,2,3.36,False
4672,Marketing,Male,43,Executive,2025-12-05,6,Master,2,45876.22,40,23,12,2,75,9,29,2,2.74,False
4673,Finance,Male,27,Analyst,2021-08-01,5,Master,4,54188.2,51,22,2,6,100,7,22,3,3.03,False
4674,Operations,Male,31,Executive,2018-06-14,5,Diploma,4,48546.33,56,25,16,7,25,12,65,2,1.21,False
4675,Sales,Male,35,Associate,2022-01-07,10,Diploma,4,57262.16,48,25,8,3,25,11,76,2,1.95,False
4676,IT,Female,33,Lead,2016-11-12,6,Diploma,4,50422.07,42,19,9,4,50,11,60,3,3.88,False
4677,Operations,Female,38,Analyst,2016-02-22,9,MBA,4,66117.04,37,17,6,9,25,5,31,2,4.21,True
4678,Operations,Male,33,Developer,2023-09-05,5,Diploma,3,43025.49,37,22,9,1,0,14,33,1,3.57,False
4679,Operations,Male,36,Lead,2025-06-25,7,Bachelor,3,53307.25,55,25,1,2,25,13,41,1,4.19,False
4680,Legal,Male,42,Manager,2024-02-19,8,Master,5,54063.83,45,20,4,3,50,14,76,1,4.44,False
4681,Finance,Male,24,Associate,2015-07-16,9,Bachelor,4,54899.94,39,25,7,0,100,12,71,1,1.13,False
4682,Legal,Female,35,Executive,2018-12-07,0,Master,4,32631.49,44,24,16,1,100,3,77,1,4.18,False
4683,Finance,Male,38,Manager,2023-10-22,4,Bachelor,4,48542.28,44,21,8,5,75,14,65,3,4.3,False
4684,Operations,Male,21,Lead,2022-07-23,5,Bachelor,3,52996.86,39,20,9,4,75,3,18,2,4.01,False
4685,Operations,Male,40,Executive,2019-02-11,9,PhD,4,61570.81,54,25,9,6,25,3,43,2,4.02,False
4686,Marketing,Female,37,Manager,2021-12-01,7,Diploma,3,57687.7,49,23,15,6,0,13,51,2,4.48,True
4687,Marketing,Male,21,Manager,2020-07-05,9,Master,4,62504.67,47,25,5,8,50,11,58,3,4.89,False
4688,Sales,Male,37,Developer,2024-10-08,7,Master,4,55639.67,59,25,19,0,100,14,71,3,3.31,True
4689,Operations,Female,30,Developer,2019-03-22,9,Master,4,60720.46,39,18,16,5,0,10,23,2,3.91,False
4690,Legal,Female,36,Analyst,2020-08-01,1,PhD,3,27968.59,50,15,20,10,0,8,52,0,4.16,False
4691,Finance,Female,35,Associate,2026-01-03,6,Master,3,54469.12,49,25,16,6,100,10,43,3,4.5,False
4692,Operations,Female,25,Lead,2023-10-16,7,MBA,3,48864.22,37,21,12,4,75,9,31,0,2.69,False
4693,HR,Male,32,Associate,2018-08-13,0,Master,3,28172.14,37,20,1,3,25,14,38,0,1.25,False
4694,Operations,Male,33,Executive,2019-05-17,3,Bachelor,5,39827.79,55,25,2,1,25,6,64,0,2.9,False
4695,Marketing,Male,26,Analyst,2023-12-12,6,PhD,4,48460.63,53,18,19,6,100,12,46,0,3.07,False
4696,Marketing,Female,37,Associate,2020-05-18,8,Diploma,3,52358.42,36,21,3,6,100,10,56,1,4.85,False
4697,Sales,Female,25,Lead,2018-12-26,10,Bachelor,3,56586.94,43,25,20,5,75,12,35,2,4.39,False
4698,Legal,Female,38,Manager,2016-09-09,2,Diploma,4,36308.69,44,22,10,2,100,11,57,3,4.86,True
4699,Finance,Male,42,Analyst,2025-01-07,1,Master,3,31275.9,36,19,12,6,75,8,25,1,4.34,False
4700,Operations,Female,31,Developer,2024-07-17,10,Bachelor,3,59353.54,44,22,12,5,100,13,36,0,3.85,False
4701,Operations,Male,31,Manager,2020-05-06,2,Bachelor,3,43008.33,57,25,12,6,0,7,18,3,3.73,False
4702,Operations,Female,29,Associate,2025-09-02,8,Master,4,60907.09,35,15,11,8,25,7,59,3,4.36,False
4703,Operations,Male,30,Developer,2017-07-05,0,Master,3,31053.64,35,18,14,5,75,6,68,3,3.33,False
4704,Legal,Female,26,Analyst,2015-06-06,2,Bachelor,4,41607.37,54,24,10,5,50,10,70,3,4.72,False
4705,Marketing,Female,32,Analyst,2026-03-07,2,MBA,4,36346.34,40,21,0,5,50,9,27,0,2.17,False
4706,HR,Female,27,Developer,2025-05-29,7,Diploma,4,50851.59,57,25,4,4,100,13,65,0,3.08,False
4707,Operations,Female,31,Associate,2025-03-05,2,MBA,4,39164.43,43,20,18,7,0,11,49,3,1.8,False
4708,Legal,Male,26,Executive,2023-03-10,2,PhD,4,41214.42,48,25,5,1,50,12,69,2,1.37,False
4709,Sales,Female,32,Developer,2017-02-16,10,Diploma,3,63247.16,58,25,6,6,25,11,39,3,1.05,True
4710,Legal,Female,28,Lead,2023-08-21,5,Master,4,48070.69,58,25,19,10,75,7,70,2,4.74,False
4711,Legal,Male,26,Lead,2024-01-28,5,MBA,3,47643.82,39,25,10,6,50,8,48,2,4.99,True
4712,Sales,Male,26,Executive,2018-04-24,3,PhD,3,41387.21,57,25,6,9,0,12,45,1,4.58,False
4713,Finance,Male,34,Executive,2016-10-11,2,Bachelor,4,34460.0,39,18,15,3,0,14,68,0,2.95,False
4714,Legal,Female,23,Associate,2019-03-22,7,Diploma,4,54737.24,56,23,14,2,0,6,14,2,4.97,False
4715,IT,Female,34,Associate,2019-12-08,5,Master,4,51041.43,51,21,3,4,50,12,49,3,1.33,False
4716,IT,Male,31,Developer,2022-11-01,9,PhD,5,61964.06,43,19,10,5,0,4,56,0,3.83,False
4717,Marketing,Female,36,Manager,2018-12-21,9,Bachelor,3,51907.66,59,25,9,9,25,14,19,0,3.91,False
4718,Operations,Male,33,Developer,2025-02-01,2,MBA,4,37214.97,37,18,10,7,0,14,52,0,3.25,False
4719,HR,Female,25,Lead,2022-01-13,10,PhD,5,63094.8,38,17,11,8,75,7,74,0,2.95,False
4720,Operations,Male,33,Analyst,2017-09-25,4,Master,4,40907.45,35,22,17,10,100,3,64,1,2.45,False
4721,Operations,Male,31,Executive,2022-08-21,10,MBA,4,53703.68,51,25,7,6,100,11,31,0,4.15,False
4722,IT,Male,28,Manager,2023-11-22,4,Diploma,5,53569.19,59,25,20,1,50,4,75,2,4.96,False
4723,Sales,Female,24,Analyst,2026-02-08,8,PhD,5,62014.55,57,24,4,5,50,13,70,2,2.32,False
4724,IT,Male,41,Associate,2017-11-07,9,PhD,3,50523.61,49,21,9,0,0,7,17,2,4.39,False
4725,IT,Male,37,Developer,2025-08-05,5,Master,3,43304.38,37,20,14,9,25,6,47,3,4.66,False
4726,Operations,Female,28,Lead,2016-06-01,5,Master,4,42996.8,58,25,5,10,0,14,74,2,1.42,False
4727,Operations,Female,33,Developer,2024-02-22,9,Master,4,66819.98,53,25,3,9,25,5,66,3,1.37,False
4728,IT,Male,33,Developer,2017-10-06,3,Diploma,4,43549.74,47,25,15,1,100,8,46,3,2.07,True
4729,HR,Female,28,Associate,2017-10-25,9,Diploma,4,61226.63,45,25,9,10,25,6,32,3,3.2,False
4730,HR,Male,29,Manager,2017-03-13,10,Diploma,4,66206.56,44,18,3,6,75,5,78,2,4.22,False
4731,HR,Female,27,Lead,2024-10-29,6,Diploma,4,53563.06,55,25,18,4,50,12,61,2,2.88,False
4732,HR,Female,26,Manager,2023-10-22,4,Bachelor,3,39079.44,41,19,14,7,100,10,14,0,2.94,True
4733,Legal,Female,28,Analyst,2023-05-31,9,Bachelor,3,62115.94,47,23,14,9,25,14,11,3,3.33,False
4734,HR,Male,35,Executive,2018-08-27,2,Bachelor,3,32487.82,56,25,14,9,0,6,12,2,1.1,False
4735,HR,Female,24,Developer,2024-04-27,3,MBA,2,31297.7,45,17,5,9,50,6,11,0,2.46,False
4736,Finance,Male,37,Lead,2025-02-03,9,Master,5,74005.39,52,25,1,5,0,7,75,3,1.8,False
4737,Finance,Female,34,Manager,2024-10-06,5,Master,4,49094.87,38,14,6,10,0,14,30,3,3.29,False
4738,Sales,Male,45,Analyst,2019-12-27,4,Master,4,47328.57,55,25,2,9,25,12,44,2,4.81,False
4739,Legal,Female,35,Executive,2025-10-30,10,MBA,4,58685.8,41,21,18,8,0,3,63,0,3.39,True
4740,HR,Male,29,Analyst,2016-10-03,6,Bachelor,3,46359.23,42,25,17,6,0,4,53,1,1.75,False
4741,Marketing,Male,27,Executive,2017-02-20,1,MBA,4,42093.48,57,25,19,7,100,9,45,3,2.15,True
4742,IT,Female,25,Developer,2024-07-25,1,Bachelor,4,38467.76,45,19,17,0,75,10,68,2,2.65,False
4743,Legal,Male,28,Analyst,2023-01-07,1,Diploma,4,39703.99,48,19,9,0,25,10,64,3,4.24,False
4744,Legal,Female,37,Manager,2019-12-30,4,PhD,3,36320.65,47,23,7,7,100,4,76,1,4.01,False
4745,IT,Female,30,Analyst,2016-04-17,9,Master,4,55820.92,44,25,3,9,75,7,31,2,3.67,False
4746,IT,Male,32,Associate,2016-12-26,6,PhD,5,53509.88,51,22,20,1,100,13,34,0,4.89,False
4747,Sales,Female,29,Analyst,2021-04-02,3,MBA,3,35186.98,53,25,6,0,0,10,38,2,3.59,True
4748,Legal,Female,21,Executive,2026-01-28,1,PhD,3,27435.0,58,25,2,1,100,5,73,0,1.45,False
4749,Sales,Male,46,Associate,2023-06-05,8,MBA,4,57421.08,55,25,0,1,0,7,66,0,1.38,False
4750,Sales,Male,25,Associate,2024-11-10,6,Diploma,4,44750.49,56,25,11,2,0,3,80,0,1.66,False
4751,Finance,Female,38,Manager,2016-06-08,8,PhD,5,56250.15,54,25,13,8,0,13,79,0,4.11,False
4752,IT,Female,35,Executive,2022-02-05,9,Bachelor,3,54249.66,39,18,7,4,0,5,37,2,3.5,False
4753,Legal,Male,29,Manager,2026-02-14,1,PhD,3,30260.26,35,16,14,10,75,3,38,0,3.41,False
4754,Sales,Male,22,Lead,2019-05-21,4,MBA,3,41320.58,37,25,0,4,75,7,36,1,2.36,False
4755,Sales,Female,21,Manager,2018-11-07,0,PhD,3,25602.35,49,24,0,4,50,13,41,0,1.82,True
4756,Operations,Female,39,Analyst,2022-03-19,2,Diploma,4,42555.34,49,22,11,7,25,10,53,2,3.67,False
4757,IT,Male,29,Manager,2022-12-29,1,Diploma,2,29052.5,40,17,6,1,75,9,11,0,2.77,False
4758,HR,Female,25,Analyst,2016-06-12,0,Master,5,38958.07,54,25,6,6,75,13,58,1,4.35,False
4759,IT,Female,23,Associate,2024-05-28,2,Bachelor,4,38556.87,50,24,19,0,50,13,25,3,2.55,False
4760,IT,Male,31,Analyst,2023-11-03,1,PhD,4,39959.72,39,23,9,4,50,9,56,1,2.0,False
4761,Marketing,Female,29,Developer,2022-07-05,0,Diploma,4,35871.0,55,25,2,9,0,9,76,3,1.65,False
4762,Finance,Female,26,Analyst,2023-06-14,8,Bachelor,4,60940.13,49,22,19,1,25,5,51,0,2.15,True
4763,HR,Male,40,Associate,2025-09-08,5,Bachelor,3,47363.04,39,18,5,3,0,10,25,1,4.65,False
4764,Legal,Male,36,Associate,2022-03-04,3,Master,4,45874.52,35,19,10,8,25,4,69,1,3.24,False
4765,Marketing,Female,26,Analyst,2016-11-11,4,Master,4,39307.72,49,23,7,6,25,8,70,1,4.89,True
4766,HR,Male,36,Manager,2019-03-13,0,Diploma,3,33241.44,52,23,20,9,0,9,49,3,4.88,False
4767,Finance,Male,35,Developer,2024-03-25,0,Diploma,2,31408.41,42,16,18,3,75,14,33,2,1.99,True
4768,Finance,Male,41,Associate,2021-06-24,8,Master,4,61029.07,44,25,19,3,50,6,12,2,3.69,False
4769,Legal,Female,34,Executive,2025-11-21,1,Master,4,34586.31,48,22,17,7,0,13,23,2,2.22,False
4770,Operations,Female,37,Manager,2022-03-24,8,Bachelor,4,59885.21,45,25,13,9,25,6,65,2,4.41,True
4771,Marketing,Female,40,Associate,2025-12-06,7,Master,5,60268.78,36,16,8,5,100,8,63,3,2.42,True
4772,Sales,Female,35,Developer,2023-07-13,4,Bachelor,3,47803.98,48,25,6,4,0,11,6,2,2.12,False
4773,Operations,Male,30,Analyst,2017-09-26,6,MBA,3,52993.69,43,25,13,5,100,11,17,2,4.51,False
4774,IT,Female,22,Manager,2019-07-15,3,Diploma,3,41945.87,45,25,19,1,25,5,35,3,1.49,True
4775,Operations,Male,39,Executive,2018-06-20,2,Master,3,36845.7,43,22,1,1,100,12,35,2,1.53,False
4776,IT,Male,22,Manager,2023-04-03,0,PhD,4,34558.42,55,23,15,5,100,14,74,1,4.15,True
4777,Sales,Male,36,Analyst,2019-02-10,10,MBA,4,63563.24,44,25,18,6,50,11,80,2,1.78,False
4778,IT,Male,34,Executive,2015-02-06,5,PhD,4,50940.05,50,25,14,4,0,8,67,3,4.15,True
4779,Legal,Female,36,Lead,2020-06-06,0,MBA,3,28651.85,36,15,15,8,100,9,19,2,4.78,False
4780,IT,Male,38,Analyst,2020-01-18,0,Diploma,3,24905.6,58,25,14,4,25,9,44,2,2.73,False
4781,Finance,Male,22,Lead,2022-07-17,9,MBA,3,54263.41,46,25,12,4,25,4,69,0,2.54,False
4782,Marketing,Male,30,Associate,2024-04-07,10,Bachelor,5,64845.29,49,24,3,9,50,14,79,1,3.77,False
4783,Sales,Male,31,Analyst,2017-03-26,4,Bachelor,4,47616.49,37,15,3,0,25,6,60,3,1.98,False
4784,Marketing,Male,41,Manager,2016-01-10,3,PhD,5,47496.82,38,14,6,3,100,8,80,2,2.23,False
4785,Operations,Male,21,Analyst,2018-11-03,8,MBA,4,54063.59,38,25,20,8,0,8,79,1,2.25,False
4786,IT,Male,25,Associate,2017-08-09,9,PhD,4,63374.53,37,14,3,6,25,7,35,3,1.88,False
4787,Legal,Male,30,Manager,2020-11-24,1,Master,1,26797.97,42,25,1,1,25,10,13,1,3.61,False
4788,IT,Female,32,Manager,2018-08-06,8,Bachelor,5,63593.99,50,25,16,6,100,4,78,3,4.83,False
4789,IT,Female,41,Lead,2024-07-02,0,MBA,3,32250.59,56,25,18,9,75,8,60,3,4.19,False
4790,Sales,Male,24,Executive,2021-04-14,3,MBA,3,37571.4,37,25,0,6,50,12,35,1,4.02,False
4791,HR,Female,23,Developer,2020-11-25,1,Master,3,36934.71,44,20,13,8,100,6,50,2,4.88,False
4792,Marketing,Male,29,Associate,2015-03-06,9,Bachelor,4,65122.9,38,17,2,1,75,13,66,3,2.63,True
4793,Operations,Female,32,Developer,2018-07-10,5,MBA,3,46728.41,60,25,3,0,25,13,16,1,1.23,False
4794,Operations,Male,21,Executive,2025-10-25,5,Diploma,4,51309.99,48,18,8,8,75,4,49,3,4.3,False
4795,Marketing,Female,28,Lead,2018-07-19,8,Diploma,4,58548.61,41,18,13,1,50,14,57,3,4.72,False
4796,Operations,Male,34,Lead,2023-09-12,9,Bachelor,3,54365.88,52,25,0,3,0,11,8,1,2.26,False
4797,Legal,Female,39,Lead,2024-09-10,1,Master,3,36642.37,41,25,13,3,0,10,36,0,3.83,False
4798,Legal,Male,21,Manager,2025-12-08,8,PhD,4,54292.83,50,25,12,0,100,14,50,0,4.79,False
4799,Marketing,Female,42,Analyst,2020-09-28,5,Master,4,50222.59,47,25,3,6,0,4,50,1,1.25,False
4800,HR,Female,29,Executive,2023-08-10,2,Master,4,37592.55,50,25,13,10,25,5,63,0,4.01,True
4801,Marketing,Female,26,Lead,2024-06-07,2,Bachelor,3,28864.25,35,15,7,2,25,13,23,0,3.81,True
4802,Legal,Female,36,Associate,2021-07-18,10,PhD,4,58000.27,36,18,3,5,0,5,48,0,3.44,False
4803,Legal,Male,40,Executive,2025-01-26,10,Bachelor,4,67168.6,59,25,15,8,0,10,28,2,4.27,False
4804,Finance,Male,26,Lead,2015-06-28,3,MBA,5,43095.62,54,25,7,0,100,6,66,2,2.68,False
4805,Legal,Male,33,Developer,2017-02-25,7,Bachelor,3,56146.77,41,25,14,5,75,6,51,2,2.41,False
4806,Legal,Female,24,Lead,2024-03-21,7,Master,4,46270.34,45,23,16,2,75,12,27,1,1.36,False
4807,Marketing,Female,21,Lead,2025-07-04,9,PhD,5,60417.51,38,22,14,4,50,3,72,0,3.58,False
4808,IT,Male,37,Developer,2015-12-28,3,PhD,2,32196.33,59,23,15,4,50,13,13,0,2.4,False
4809,HR,Female,34,Executive,2015-04-22,4,MBA,4,41736.74,44,15,14,1,100,13,73,0,3.29,False
4810,Operations,Female,35,Lead,2018-04-21,3,PhD,4,41654.51,54,25,0,3,25,8,78,0,1.79,False
4811,Sales,Male,28,Lead,2023-01-07,0,MBA,3,34142.1,60,25,3,5,100,9,29,3,3.75,False
4812,HR,Female,30,Manager,2024-02-20,0,MBA,4,36015.08,45,18,7,4,25,8,61,2,2.85,True
4813,IT,Male,21,Analyst,2015-01-18,1,Master,4,36139.15,57,25,1,2,25,7,68,2,4.69,False
4814,Finance,Male,37,Analyst,2021-06-19,5,Master,4,46314.88,35,15,8,3,0,4,63,1,1.22,False
4815,Finance,Male,34,Developer,2015-10-20,1,Bachelor,4,31420.04,43,18,10,6,25,13,27,1,4.75,False
4816,Finance,Male,29,Executive,2024-05-14,2,MBA,3,40705.77,54,25,4,1,0,6,22,2,3.01,False
4817,Sales,Female,33,Executive,2017-07-16,0,Bachelor,2,26556.76,52,19,2,4,50,10,39,0,2.71,False
4818,HR,Male,35,Analyst,2024-02-05,1,Diploma,4,40896.26,36,17,4,10,75,5,78,3,5.0,False
4819,Sales,Female,32,Associate,2019-02-27,5,Master,4,48963.15,48,15,12,0,75,14,46,1,2.49,False
4820,Sales,Female,33,Developer,2016-07-11,0,PhD,3,34356.56,58,25,11,5,25,3,15,1,4.37,False
4821,Sales,Male,29,Developer,2023-11-12,5,Diploma,3,44626.44,53,25,10,1,25,10,22,0,2.99,False
4822,Sales,Male,33,Manager,2023-05-21,3,Bachelor,3,34412.26,46,25,0,5,100,4,71,0,2.51,True
4823,Legal,Male,49,Executive,2026-01-31,4,Diploma,2,42739.19,55,25,4,7,75,4,11,1,2.27,False
4824,Finance,Female,28,Analyst,2020-01-02,7,Bachelor,4,53553.71,43,19,7,5,50,12,60,2,3.67,False
4825,Marketing,Male,38,Lead,2018-08-30,6,Master,4,49969.48,59,25,12,1,0,11,5,0,3.33,True
4826,IT,Male,40,Lead,2020-01-27,9,PhD,4,62104.47,48,21,14,1,50,3,75,2,1.71,True
4827,Operations,Female,23,Associate,2020-04-18,1,Bachelor,2,29765.79,45,25,5,4,0,10,21,1,2.63,False
4828,HR,Male,33,Analyst,2020-11-29,6,MBA,4,49335.92,48,25,19,4,75,12,73,1,2.41,False
4829,Finance,Male,28,Developer,2019-01-11,10,PhD,3,57093.03,43,23,6,7,25,3,36,1,1.15,False
4830,Marketing,Female,29,Developer,2024-08-10,2,Bachelor,3,41219.74,44,24,20,3,50,14,29,2,3.06,False
4831,Sales,Male,36,Associate,2018-11-13,8,Master,4,51884.68,53,25,11,2,100,4,24,0,2.02,False
4832,IT,Male,36,Analyst,2021-01-21,0,Bachelor,4,35269.25,45,22,8,4,50,11,75,3,2.87,True
4833,Marketing,Male,41,Lead,2018-07-25,7,MBA,4,56111.06,60,25,15,8,0,8,55,2,2.29,False
4834,IT,Female,35,Lead,2020-10-18,6,PhD,3,50216.52,57,25,5,7,75,10,41,2,2.18,False
4835,Legal,Female,34,Executive,2015-12-06,0,Bachelor,5,34597.35,40,25,16,3,0,10,49,0,4.96,False
4836,HR,Male,33,Analyst,2017-10-30,4,Master,3,40252.24,48,21,19,7,50,7,58,0,1.78,False
4837,Operations,Female,27,Manager,2021-10-14,9,Bachelor,5,66876.62,42,14,5,3,25,9,65,3,2.72,False
4838,Marketing,Male,27,Associate,2025-02-10,4,PhD,3,43508.96,50,25,16,7,0,14,12,2,1.17,False
4839,IT,Male,33,Manager,2020-05-09,4,PhD,3,45293.66,60,25,8,4,0,6,47,0,2.97,False
4840,Legal,Female,21,Manager,2016-01-13,9,MBA,5,57161.57,56,25,16,10,50,10,79,0,1.13,False
4841,Sales,Female,34,Analyst,2022-06-07,2,Diploma,3,29948.85,38,21,3,6,75,12,70,0,4.54,False
4842,Marketing,Female,29,Manager,2018-01-13,0,Master,3,34433.19,60,24,15,1,50,9,34,1,2.43,False
4843,IT,Female,29,Associate,2024-10-22,1,MBA,3,36234.22,57,25,17,1,25,12,22,2,3.17,True
4844,Sales,Female,29,Developer,2025-07-30,1,Diploma,3,37057.66,41,19,15,5,0,5,46,3,4.07,False
4845,Operations,Male,35,Manager,2024-06-06,10,Master,4,63268.03,53,25,0,6,0,11,13,0,3.31,False
4846,Operations,Male,21,Analyst,2015-07-13,6,MBA,3,46223.78,47,22,19,1,0,12,16,0,1.63,True
4847,Sales,Male,32,Developer,2020-06-06,1,Bachelor,3,32418.11,59,25,20,7,75,12,72,2,3.79,False
4848,Operations,Male,31,Manager,2021-10-24,0,Bachelor,3,26893.89,44,23,9,7,50,9,32,0,2.83,True
4849,Marketing,Male,21,Developer,2024-10-13,8,PhD,2,49212.33,36,16,16,6,75,5,37,0,4.91,False
4850,Legal,Female,30,Associate,2016-09-28,5,Master,3,43388.56,56,25,15,8,100,7,57,1,1.75,False
4851,Legal,Female,26,Associate,2017-07-18,0,MBA,2,32518.96,52,25,12,5,100,13,31,2,1.54,False
4852,Finance,Female,26,Executive,2019-10-05,1,Master,3,33203.34,50,24,9,4,50,10,63,1,1.82,True
4853,Operations,Male,36,Lead,2024-05-19,2,PhD,4,42698.4,41,23,10,5,50,5,73,3,1.32,False
4854,Finance,Female,21,Developer,2025-02-19,8,Bachelor,3,51713.69,35,20,1,7,50,12,38,0,1.06,False
4855,HR,Male,22,Developer,2018-01-02,7,PhD,3,51014.82,51,25,12,1,50,9,14,0,2.58,True
4856,Marketing,Female,39,Developer,2016-05-20,1,PhD,3,33123.6,53,25,15,2,50,3,35,2,4.8,False
4857,Finance,Male,21,Executive,2023-06-11,6,MBA,4,56582.04,43,24,8,3,75,14,37,3,3.63,False
4858,Operations,Female,28,Developer,2021-10-19,8,PhD,4,62879.83,49,16,8,7,75,5,73,3,2.83,False
4859,Sales,Male,39,Associate,2024-03-13,9,Diploma,3,51919.9,42,20,10,5,50,5,5,2,3.34,True
4860,Legal,Female,31,Associate,2018-08-14,6,MBA,3,46954.01,56,25,12,10,0,13,39,0,1.79,False
4861,Marketing,Female,31,Associate,2020-07-19,4,Master,4,45674.59,36,25,18,1,25,12,25,2,2.5,False
4862,HR,Male,38,Manager,2019-10-14,9,Bachelor,3,57957.59,53,25,2,5,75,12,12,3,3.94,False
4863,Finance,Male,35,Associate,2026-02-02,10,MBA,4,60010.8,58,25,1,9,100,14,43,2,2.88,False
4864,Finance,Female,37,Analyst,2021-11-02,1,PhD,4,46113.96,39,20,3,1,0,4,52,3,1.09,False
4865,HR,Male,25,Manager,2025-04-08,4,Master,4,40758.88,35,22,4,8,0,14,61,0,2.61,False
4866,Marketing,Female,26,Analyst,2024-04-03,2,Diploma,3,41657.64,51,19,4,5,75,9,32,0,1.3,False
4867,IT,Male,31,Executive,2015-11-10,9,Bachelor,4,59299.13,43,24,5,0,100,12,11,0,4.1,False
4868,Finance,Female,45,Associate,2025-01-01,6,Master,3,50601.95,46,22,20,5,0,10,24,3,4.04,False
4869,Marketing,Female,25,Associate,2018-05-08,8,Bachelor,4,57615.12,55,25,1,8,100,4,79,1,2.4,False
4870,Sales,Male,30,Developer,2021-11-17,2,MBA,4,37082.38,58,25,18,4,100,10,48,1,3.45,False
4871,Finance,Male,33,Associate,2024-12-31,3,Master,3,38715.78,52,24,11,3,100,14,48,0,3.58,False
4872,Legal,Male,32,Manager,2020-02-12,5,Master,2,48302.2,46,20,14,9,100,13,34,3,2.6,False
4873,Operations,Male,27,Developer,2019-05-25,3,PhD,4,41737.11,51,25,20,6,0,6,44,3,1.72,False
4874,HR,Male,33,Associate,2016-12-03,2,MBA,3,35736.74,45,25,2,2,25,10,6,3,3.03,False
4875,HR,Female,27,Manager,2024-12-12,3,Master,4,47687.16,58,25,10,2,100,12,41,2,4.99,False
4876,Marketing,Female,33,Developer,2024-02-28,4,MBA,3,41879.09,44,22,5,2,25,7,43,2,3.96,False
4877,IT,Female,25,Manager,2017-01-13,5,Diploma,3,44190.26,56,25,14,8,0,5,44,2,4.14,False
4878,HR,Female,30,Developer,2018-02-10,7,Bachelor,4,55043.53,41,18,19,5,25,7,37,3,1.36,False
4879,Finance,Female,31,Lead,2019-08-13,8,Diploma,4,64101.89,54,25,6,0,100,3,57,2,2.5,False
4880,IT,Male,21,Lead,2017-06-06,5,Diploma,4,51068.36,58,25,10,8,50,4,45,2,4.6,False
4881,Marketing,Female,26,Manager,2018-02-23,8,Master,3,55411.38,60,25,9,10,0,7,22,2,2.85,False
4882,Finance,Female,42,Developer,2023-04-03,9,Bachelor,4,59581.98,46,25,5,10,50,3,71,0,1.82,False
4883,Operations,Male,31,Analyst,2025-03-18,10,MBA,4,59806.74,52,25,3,2,50,6,67,1,3.76,True
4884,HR,Male,34,Analyst,2020-04-16,7,Master,3,51938.21,35,20,6,3,75,3,53,1,1.16,False
4885,IT,Male,38,Executive,2023-01-27,2,Diploma,3,31673.43,36,13,1,5,100,13,34,1,2.65,False
4886,Finance,Female,35,Developer,2016-05-16,3,Diploma,2,41318.72,48,22,10,9,50,3,18,0,2.55,False
4887,Sales,Female,27,Developer,2016-11-27,9,PhD,3,55348.15,41,17,5,4,50,9,39,0,1.97,False
4888,Sales,Male,34,Executive,2022-02-27,8,Master,3,54585.15,59,25,3,6,25,11,52,2,4.67,False
4889,IT,Female,36,Associate,2022-08-14,1,Bachelor,2,38890.48,46,25,13,6,50,11,32,3,2.36,False
4890,Marketing,Male,34,Analyst,2018-11-26,3,MBA,3,37878.28,42,25,14,5,25,9,54,0,3.2,False
4891,Finance,Male,25,Analyst,2022-06-21,6,Master,4,53376.44,54,24,7,6,75,6,72,0,2.47,False
4892,HR,Male,27,Manager,2015-12-20,10,PhD,4,64447.22,59,25,0,4,0,5,64,0,2.48,False
4893,Finance,Female,24,Lead,2015-04-02,8,Diploma,5,59312.92,54,22,11,4,50,8,80,2,1.23,False
4894,Marketing,Male,27,Executive,2026-01-28,0,Master,3,28956.87,42,19,14,9,100,9,25,1,1.91,False
4895,Sales,Female,22,Manager,2022-02-14,2,Master,3,35547.98,46,21,18,3,75,9,17,1,3.76,False
4896,HR,Male,28,Executive,2019-09-08,4,MBA,3,38808.68,38,14,0,9,50,11,12,1,2.17,False
4897,HR,Female,45,Lead,2018-12-10,1,Bachelor,3,33586.88,56,25,13,8,25,14,28,3,1.67,True
4898,Sales,Female,33,Executive,2015-01-05,3,Diploma,3,34789.39,40,21,12,1,100,14,22,0,4.99,False
4899,HR,Male,36,Manager,2024-09-09,7,Bachelor,3,50406.24,47,25,8,3,50,13,5,0,1.59,False
4900,IT,Male,28,Developer,2023-02-03,7,Diploma,4,55917.25,35,19,10,9,0,12,70,3,3.39,False
4901,Sales,Female,24,Manager,2015-08-26,9,Bachelor,5,65795.4,39,22,9,10,0,11,50,0,3.62,False
4902,IT,Female,31,Lead,2019-09-11,9,Bachelor,5,61705.28,49,25,11,8,0,7,73,2,2.84,False
4903,IT,Female,21,Manager,2018-03-07,2,PhD,4,41949.19,59,25,17,3,50,14,56,3,1.03,False
4904,Sales,Male,28,Analyst,2023-07-27,10,Master,3,58376.03,49,25,17,4,0,12,38,0,2.07,False
4905,Legal,Male,33,Associate,2021-09-26,6,PhD,4,49077.25,51,25,16,9,0,7,54,0,4.22,False
4906,Operations,Male,41,Manager,2020-07-16,4,Bachelor,4,44595.46,51,23,4,6,0,13,76,0,3.82,False
4907,Finance,Female,29,Executive,2016-11-08,3,Master,3,37281.3,42,18,11,3,50,12,34,3,1.32,False
4908,Marketing,Male,43,Lead,2022-01-23,6,MBA,3,51856.86,54,25,8,5,100,8,7,3,4.15,False
4909,Sales,Female,26,Manager,2017-01-30,8,PhD,2,52512.5,38,17,13,2,0,3,16,2,4.0,True
4910,HR,Female,38,Developer,2019-09-12,10,MBA,4,64272.19,57,25,13,5,25,13,38,3,2.92,False
4911,Legal,Female,25,Manager,2022-01-31,4,Diploma,3,38439.98,35,15,2,0,50,13,21,1,2.77,True
4912,Sales,Male,30,Executive,2022-06-03,5,Master,4,48715.32,49,25,19,5,100,9,35,1,3.5,False
4913,Operations,Female,30,Manager,2020-08-01,9,Diploma,2,53483.11,56,25,17,0,100,6,29,1,1.64,False
4914,Operations,Female,30,Manager,2016-09-05,1,Diploma,5,39061.11,60,25,19,2,100,6,53,2,2.05,False
4915,Legal,Male,25,Manager,2018-12-19,1,Bachelor,2,29040.44,36,22,20,8,50,13,30,0,2.85,True
4916,HR,Female,32,Associate,2020-10-16,8,Diploma,4,52313.35,37,21,20,6,0,7,80,1,4.92,False
4917,HR,Male,24,Manager,2022-10-28,0,Diploma,3,25021.03,53,25,7,7,25,11,57,0,2.78,False
4918,HR,Female,31,Executive,2018-02-07,10,MBA,4,65937.79,57,25,9,1,0,12,50,0,1.96,True
4919,Finance,Male,32,Analyst,2016-04-11,5,MBA,4,50789.87,51,21,3,6,50,7,64,3,3.84,True
4920,IT,Female,38,Lead,2019-01-18,0,MBA,4,39567.85,58,25,8,4,50,14,73,3,2.0,False
4921,Operations,Male,28,Lead,2020-03-26,2,Bachelor,3,38579.09,42,22,20,1,0,3,30,1,1.06,False
4922,Operations,Male,31,Executive,2016-10-29,6,Master,3,45544.79,39,25,19,3,50,14,48,1,1.54,False
4923,Sales,Male,23,Lead,2024-06-25,2,Bachelor,3,34020.65,42,24,19,10,25,10,32,2,3.37,False
4924,Finance,Female,38,Manager,2017-07-27,8,Bachelor,3,49834.63,38,23,7,1,75,14,29,1,1.57,True
4925,Legal,Female,39,Associate,2018-10-14,2,Diploma,5,39210.56,58,25,1,8,100,8,42,2,2.44,False
4926,Operations,Female,28,Associate,2018-03-08,7,PhD,3,45484.51,43,21,7,8,25,5,5,1,4.78,False
4927,Operations,Male,38,Developer,2024-02-27,0,PhD,4,33427.31,50,23,4,8,100,6,59,1,4.18,False
4928,Sales,Female,35,Manager,2018-08-10,9,Diploma,5,63655.43,46,25,10,3,50,8,76,3,3.09,False
4929,IT,Female,33,Manager,2022-06-12,10,PhD,3,67053.88,35,14,20,9,75,7,38,3,3.66,False
4930,IT,Male,41,Analyst,2023-11-26,7,MBA,3,47304.54,41,16,20,10,100,5,39,1,2.01,False
4931,Finance,Female,21,Developer,2016-03-06,7,Bachelor,3,53468.96,55,23,12,10,25,4,12,2,3.97,False
4932,IT,Male,27,Manager,2023-05-08,3,Bachelor,5,41839.87,43,25,13,5,75,5,36,1,4.04,False
4933,HR,Male,33,Analyst,2015-05-28,5,Diploma,3,41024.05,42,22,20,4,100,14,47,0,3.11,False
4934,Sales,Male,35,Associate,2019-04-30,5,PhD,3,50003.59,39,17,0,8,100,8,41,2,4.92,False
4935,HR,Female,32,Lead,2020-02-09,2,Master,3,31025.33,45,22,10,4,75,4,26,0,1.15,False
4936,Finance,Female,33,Manager,2016-09-04,9,MBA,5,66493.32,37,15,6,10,75,6,40,3,2.74,False
4937,Operations,Female,31,Associate,2023-11-13,9,MBA,3,53369.55,59,25,15,0,100,7,26,2,2.01,False
4938,HR,Female,39,Analyst,2021-02-07,1,Master,2,35099.6,53,23,8,10,100,8,19,1,3.51,False
4939,Legal,Male,33,Associate,2016-03-31,1,MBA,4,35617.77,46,21,7,4,50,8,79,0,3.13,False
4940,Sales,Female,35,Analyst,2015-11-18,0,Master,3,27720.91,60,25,2,10,75,7,42,2,4.56,True
4941,IT,Female,31,Lead,2024-07-29,1,MBA,2,35153.46,39,17,15,1,0,3,11,3,4.05,False
4942,HR,Female,33,Manager,2023-01-18,2,MBA,3,40909.05,44,25,10,8,0,11,36,3,4.31,True
4943,Marketing,Male,27,Associate,2025-01-23,1,Bachelor,4,37330.39,51,25,2,3,50,10,73,3,1.73,False
4944,Finance,Male,35,Executive,2018-03-04,7,PhD,3,51438.88,37,25,20,10,0,7,13,0,1.34,False
4945,Sales,Male,31,Manager,2021-07-25,10,PhD,4,64718.14,45,22,16,4,25,9,41,3,3.55,False
4946,HR,Male,21,Associate,2020-12-02,0,Diploma,4,35325.08,40,18,10,1,75,12,63,3,1.81,False
4947,HR,Male,30,Lead,2021-06-06,7,MBA,3,49199.02,50,23,13,0,50,11,9,1,4.87,False
4948,Legal,Male,35,Analyst,2016-01-13,8,Master,5,54370.17,37,14,7,9,75,8,77,1,1.9,False
4949,IT,Male,31,Analyst,2015-11-04,7,Diploma,3,56480.85,46,24,9,7,0,13,68,2,4.14,False
4950,Finance,Female,38,Manager,2022-11-18,10,Diploma,4,70421.33,48,24,17,6,75,7,58,3,2.21,False
4951,HR,Female,28,Developer,2016-10-15,2,Diploma,2,36664.56,56,25,6,4,50,10,7,3,2.3,False
4952,Operations,Female,21,Associate,2024-11-28,2,MBA,4,35733.4,37,18,15,0,0,5,17,1,3.73,False
4953,Operations,Male,43,Manager,2020-05-06,0,Bachelor,3,23939.58,48,25,16,6,50,10,72,1,4.38,False
4954,Finance,Female,37,Executive,2015-09-06,9,MBA,5,60114.53,36,9,16,0,50,7,74,0,3.72,False
4955,Sales,Female,39,Analyst,2021-09-15,9,MBA,3,56740.94,36,17,1,6,0,14,34,0,3.58,False
4956,HR,Male,26,Lead,2024-01-25,6,Bachelor,3,43838.43,60,25,6,7,25,4,19,0,4.69,True
4957,HR,Male,35,Associate,2021-02-02,1,MBA,3,28535.98,54,25,16,7,75,8,60,1,1.51,True
4958,Sales,Male,34,Associate,2021-10-19,2,Diploma,3,39731.07,43,25,14,4,100,13,30,0,2.18,False
4959,Legal,Female,21,Analyst,2015-03-15,3,MBA,3,39382.96,50,22,9,8,75,8,31,2,4.09,True
4960,IT,Female,26,Manager,2016-07-19,7,Diploma,4,52826.14,39,20,16,5,25,5,49,0,4.87,False
4961,Sales,Female,26,Developer,2020-10-09,7,Diploma,3,55169.55,36,17,5,8,100,12,62,2,1.73,False
4962,Legal,Female,22,Associate,2025-01-01,3,Master,3,40372.1,35,22,14,7,50,10,51,3,4.0,False
4963,Marketing,Male,37,Lead,2018-07-02,7,Bachelor,5,51920.19,57,25,15,3,50,11,74,2,4.49,False
4964,Marketing,Female,40,Manager,2023-09-06,9,MBA,4,57081.29,37,17,12,4,0,7,49,0,5.0,False
4965,Sales,Female,23,Associate,2015-06-15,1,Bachelor,4,42128.49,44,20,13,0,0,4,54,3,1.82,False
4966,Sales,Female,35,Analyst,2017-03-21,4,MBA,4,45722.04,57,25,8,2,75,3,67,2,4.36,False
4967,Marketing,Male,33,Executive,2022-05-20,9,Diploma,3,57549.42,60,25,14,10,0,7,13,3,4.87,False
4968,IT,Female,23,Manager,2024-12-03,7,PhD,2,46249.93,48,25,15,8,100,8,24,2,1.44,False
4969,Operations,Female,21,Lead,2022-02-20,4,Master,4,44344.02,55,25,1,4,100,7,77,1,1.61,False
4970,Finance,Male,24,Associate,2024-07-06,8,MBA,4,58726.09,41,17,19,2,75,7,35,2,4.25,False
4971,Finance,Female,21,Manager,2015-05-08,5,MBA,3,51983.06,56,25,7,2,75,9,34,3,4.28,False
4972,Sales,Male,21,Lead,2025-07-09,2,Diploma,2,32098.42,56,25,0,6,100,6,53,2,2.03,False
4973,Sales,Male,29,Lead,2025-08-20,1,Diploma,4,39804.5,56,25,9,2,50,12,76,2,2.81,False
4974,Sales,Female,27,Analyst,2023-03-16,0,MBA,4,34807.19,50,23,14,8,75,13,67,3,1.23,False
4975,Legal,Female,32,Manager,2025-01-15,9,Master,4,62003.79,35,20,9,3,100,8,58,3,3.97,False
4976,IT,Male,38,Analyst,2021-03-29,6,MBA,2,40792.37,54,21,1,5,100,9,44,0,1.68,False
4977,IT,Male,26,Associate,2021-01-04,7,PhD,4,55434.11,59,25,1,10,50,8,54,0,1.75,False
4978,Finance,Male,25,Developer,2023-08-28,4,Master,4,47310.81,55,22,19,7,75,8,64,2,1.3,False
4979,Marketing,Male,29,Associate,2024-04-09,10,Bachelor,2,60060.29,42,20,5,10,50,7,44,2,1.72,False
4980,Finance,Male,35,Analyst,2020-08-12,1,Bachelor,2,32768.11,42,21,10,9,100,3,24,0,3.3,False
4981,HR,Male,25,Developer,2017-03-16,4,PhD,4,43083.72,35,22,8,8,100,13,56,1,1.24,False
4982,HR,Male,30,Manager,2019-06-13,2,Master,3,37724.68,46,25,17,7,0,8,49,1,3.13,False
4983,Sales,Female,22,Analyst,2024-08-08,0,Master,3,30198.03,56,25,11,10,0,3,25,0,2.46,False
4984,IT,Male,23,Analyst,2025-02-23,6,MBA,3,50675.59,57,25,12,1,25,14,36,2,3.39,False
4985,Operations,Female,31,Manager,2015-03-07,10,MBA,3,64949.86,41,21,4,7,0,4,29,1,2.14,False
4986,Operations,Male,27,Analyst,2024-08-24,5,Master,4,45811.3,53,25,19,9,25,12,20,1,3.79,False
4987,HR,Female,25,Lead,2017-08-19,8,Bachelor,3,53391.26,35,14,12,5,25,3,34,2,3.67,False
4988,Marketing,Male,21,Analyst,2019-01-13,1,Master,3,26931.2,49,25,1,5,25,11,28,0,2.4,False
4989,HR,Male,21,Developer,2023-11-24,8,Master,3,49764.07,53,25,2,6,75,11,33,0,3.35,False
4990,Legal,Male,30,Analyst,2024-01-04,5,Bachelor,3,46536.36,42,16,7,4,75,13,6,2,2.01,False
4991,Sales,Female,27,Manager,2024-03-05,7,PhD,4,56714.02,47,25,13,2,100,6,20,2,3.33,True
4992,IT,Male,27,Executive,2015-05-05,8,Bachelor,3,50616.79,60,20,19,10,100,10,14,1,3.89,False
4993,Marketing,Female,35,Executive,2023-08-03,1,Bachelor,3,35082.81,48,20,12,3,75,13,13,1,1.93,True
4994,Marketing,Male,31,Manager,2020-08-18,9,MBA,4,55103.83,36,20,5,2,75,12,67,1,1.59,False
4995,HR,Female,36,Developer,2020-09-24,10,Diploma,4,70918.21,48,25,13,1,0,3,17,3,4.12,True
4996,IT,Female,23,Executive,2019-06-07,10,Bachelor,4,59358.55,38,22,7,8,25,8,80,0,4.45,False
4997,Sales,Male,36,Executive,2024-04-24,8,PhD,4,57492.94,60,25,2,10,25,13,57,2,4.48,False
4998,HR,Female,35,Analyst,2018-12-22,3,PhD,4,43196.73,58,25,20,3,75,11,77,3,1.42,False
4999,Legal,Male,23,Associate,2017-01-01,1,MBA,3,26796.55,58,25,9,10,75,13,34,0,3.36,False
5000,Operations,Female,32,Executive,2021-09-09,3,Master,4,35561.42,42,25,13,6,0,12,25,0,4.8,True
